Country,Sentence,SourceFile,Actor,Sentiment,Sentiment_Label
Azerbaijan,"EVALUATION REPORT 
UNSDCF EVALUATION 
Azerbaijan 2021 – 2025
Draft 
2 October 2024
Authors:
Sabina Ymeri, International Consultant/Team Leader
Dr. Anar Valiyev, National Consultant
Commissioned by: 
United Nations Resident Coordinator Office and United Nations Country Team, Azerbaijan
Disclaimer
This evaluation report was prepared by a team of independent consultants. The content, analysis and recommendations of this report do not reflect the views of the United Nations Resident Coordinator’s Office and UNCT in Azerbaijan.",Azerbaijan.docx,RC,0.8519,Positive
Azerbaijan,"EVALUATION REPORT 
UNSDCF EVALUATION 
Azerbaijan 2021 – 2025
Draft 
2 October 2024
Authors:
Sabina Ymeri, International Consultant/Team Leader
Dr. Anar Valiyev, National Consultant
Commissioned by: 
United Nations Resident Coordinator Office and United Nations Country Team, Azerbaijan
Disclaimer
This evaluation report was prepared by a team of independent consultants. The content, analysis and recommendations of this report do not reflect the views of the United Nations Resident Coordinator’s Office and UNCT in Azerbaijan. Table of contents
Executive Summary	7
1	Introduction	13
1.1	Evaluation purpose and objectives	14
1.2	Scope and key users of the evaluation	14
1.3	Evaluation Criteria and Questions	15
1.4	Country Context	16
1.4.1	Political context	17
1.4.2	Key socio-economic challenges	18
1.4.3	Sustainable Development Goals	19
1.4.4	The Azerbaijan UN Sustainable Development Cooperation Framework	19
2	Methodology	22
2.1	Approach for the evaluation	22
2.2	Evaluation guidance and ethical considerations	23
2.3	Methodology for the evaluation	23
2.4	Sampling approach	24
2.5	Data Analysis and Quality Assurance	25
3	Findings	27
3.1	Relevance and adaptability: Is the CF doing the right things?",Azerbaijan.docx,UNCT,0.936,Positive
Azerbaijan,"Annex 2 Evaluation Design Matrix	76
3. Annex 3 Data collection instruments	88
Annex 3.1 Self-Assessment Questionnaire for Result Groups – UN members	88
Annex 3.2: Self-Assessment Questionnaire for Thematic Working Groups	90
Annex 3.3 Interview Guide for Government Stakeholders	92
Annex 3.4 Interview Guide for Development Partners	94
Annex 3.5 Interview Guide for national non-government stakeholders	95
Annex 3.6 Interview Guide for Resident Coordinator and Heads of UN Agencies	97
Annex 4: Stakeholder analysis matrix	98
Annex 5: Stakeholder matrix – purposive sampling	101
Annex 6: Theory of Change, UNSDCF 2021-2025 – Graphic representation by Outcomes	102
Annex 7: Analysis of the Theory of Change	103
Annex 8: List of Documents Consulted	112
Annex 9: List of People Met	114
Abbreviations
Executive Summary
Introduction: This report presents findings, conclusions and recommendations of the independent final evaluation of the United Nations Sustainable Development Cooperation Framework (UNSDCF) for Azerbaijan (2021-2025), commissioned by the United Nations Country Team and United Nations Resident Coordinator’s Office (UNRCO) in the country. The document was signed between United Nations (UN) Country Team and the Government of Azerbaijan on 1 March 2021.",Azerbaijan.docx,RC,0.8807,Positive
Azerbaijan,"The document was signed between United Nations (UN) Country Team and the Government of Azerbaijan on 1 March 2021. The UNSDCF sets the strategic vision and direction for cooperation between the Republic of Azerbaijan and the United Nations Country Team (UNCT) for the period of 2021-2025. The UNSDCF 2021 – 2025 builds around the following four priorities, with a focus on contributing to SDG targets to meet four strategic priority areas, as follows: 
1: Inclusive growth that reduces vulnerability and builds resilience
2: Stronger institutions for better public and social services delivery
3: Protecting the environment and addressing climate change
4: A gender-equitable society that empowers women and girls
Purpose and Objectives of the Evaluation: The evaluation aims to ensure accountability, support learning, and inform the design of the next CF cycle.",Azerbaijan.docx,UNCT,0.9524,Positive
Azerbaijan,"Scope and key users: The evaluation covered the three years of CF implementation between March 2021 - June 2024. The evaluation looks at the UNSDCF 2021-2025 as a whole and covers contributions of all sub-outputs by both resident and non-resident agencies of the UNCT, also examining the cross-cutting issues and the global UN programming principles (e.g. leaving no one behind LNOB, human rights, gender equality and women's empowerment, disability inclusion, and environmental sustainability and resilience, and accountability) and  the scope of coverage of CF implementation across the country (desk review) assessing the geographical reach achieved by CF intervention.",Azerbaijan.docx,UNCT,-0.2732,Negative
Azerbaijan,"The evaluation findings will be utilized to inform strategic planning, and future programming. Primary users of the evaluation include stakeholders involved in the implementation of the CF, including UNCT, governmental bodies, civil society organizations, contributing partners, and other relevant stakeholders while secondary users encompass a broader audience, academic and research community, media and the general public. Methodology for the evaluation: The evaluation followed the and principles, employing a non-experimental, mixed-methods approach that combined desk reviews and analysis of available quantitative secondary data; primary qualitative data collection, along with data triangulation, to ensure a strong and credible evidence base.",Azerbaijan.docx,UNCT,0.7096,Positive
Azerbaijan,"While the CF did not fully repurpose itself to support this initiative, it provided targeted assistance through project-level interventions and capacity-building efforts, such as support for demining operations and the Joint Recovery Needs Assessment conducted with the government, EU and WB. In response to other shocks, such as the prolonged impacts of the COVID-19 pandemic and declining global energy demand, the UNCT acted swiftly, continuing pandemic-related efforts from the previous cooperation cycle and working effectively with government and non-government partners to support the most vulnerable. However, the CF could strengthen its responsiveness by adopting more robust resilience-building and shock-responsive social protection measures to better address future challenges.",Azerbaijan.docx,UNCT,0.9451,Positive
Azerbaijan,"Despite these challenges, increased collaboration among UN agencies and regular coordination meetings have strengthened a unified approach. The JWPs primarily function as internal UN coordination tools. The number of joint programmes remains limited.",Azerbaijan.docx,UNCT,0.4145,Positive
Azerbaijan,"The reliance on earmarked funding and the need for immediate results can lead to an opportunistic approach, undermining long-term development goals and creating silos among agencies. Despite these challenges, the UNCT has successfully mobilized funds for some joint programmes, such as the Integrated National Financial Framework and a regional EU-funded programme. The establishment of an integrated financing framework or SDG Accelerator Fund has not yet occurred, with mixed opinions on its feasibility due to Azerbaijan’s upper-middle-income status and the existing donor landscape.",Azerbaijan.docx,UNCT,0.3773,Positive
Azerbaijan,"Administrative coordination, while creating additional costs for agency staff, has facilitated program delivery. Coordination: The Resident Coordinator’s Office (RCO) has been pivotal in ensuring the effective planning and coordination of the Cooperation Framework (CF), facilitating Results Groups and thematic groups to align UN agency efforts and achieve output and outcome indicators. The RCO’s technical support, expertise and networks are instrumental, especially for smaller agencies.",Azerbaijan.docx,RC,0.8442,Positive
Azerbaijan,"The RC’s diplomatic approach has been effective in engaging with the government and stakeholders, advancing policy dialogues, and addressing normative issues like gender equality. While the RC’s role has been highly valued by donors and UN agencies for its inclusiveness and expertise, leveraging the full potential of a collective approach for CF implementation requires commitment and concerted efforts by all UNCT members. Despite challenges, the RC has made significant strides in fostering a cooperative culture and enhancing UNCT coherence, though some issues remain in fully utilizing the reforms intended to boost joint efforts.",Azerbaijan.docx,UNCT,0.9439,Positive
Azerbaijan,"While the RC’s role has been highly valued by donors and UN agencies for its inclusiveness and expertise, leveraging the full potential of a collective approach for CF implementation requires commitment and concerted efforts by all UNCT members. Despite challenges, the RC has made significant strides in fostering a cooperative culture and enhancing UNCT coherence, though some issues remain in fully utilizing the reforms intended to boost joint efforts. Orientation towards Impact: The UN's Cooperation Framework (CF) has made significant strides in advancing national priorities and the SDG agenda in Azerbaijan by establishing essential partnerships with the government, donors, the private sector, and civil society.",Azerbaijan.docx,UNCT,0.8711,Positive
Azerbaijan,"Sustainability:  The Cooperation Framework (CF) is designed with sustainability in mind, closely aligning with national strategies and benefiting from strong government ownership and commitment, which are crucial for its progress. The UNCT effectively combines technical assistance with capacity building at various levels, leveraging both international and national expertise to enhance local capabilities. Successful initiatives, such as the digitalization and delivery of social services via the ‘single window, and inclusive education, exemplify the government’s adoption of UN-supported efforts.",Azerbaijan.docx,UNCT,0.9371,Positive
Azerbaijan,"Successful initiatives, such as the digitalization and delivery of social services via the ‘single window, and inclusive education, exemplify the government’s adoption of UN-supported efforts. However, while the UN’s strategic approach generally promotes sustainability, some stakeholders have highlighted that there is potential for the UNCT to better support civil society and enhance public engagement in state policy formulation and implementation. The evaluation indicates that sustainability may be impacted by ongoing challenges, including a shift in government resources and priorities related with the reconstruction of regained territories.",Azerbaijan.docx,UNCT,0.9337,Positive
Azerbaijan,"However, assessing their outcomes is challenging due to the absence of effective indicators. Recommendations
The following recommendations are addressed to the UNCT as the primary actor with the responsibility of formulating, designing, managing and implementing the next UN Cooperation Framework in Azerbaijan; as well as the Government of Azerbaijan. Relevance and Adaptability: The UNCT should align the next CF with the highest development needs in the country, focusing on human capital development with a special focus on youth education and employment, health and social protection as well as green growth.",Azerbaijan.docx,UNCT,0.9042,Positive
Azerbaijan,"Recommendations
The following recommendations are addressed to the UNCT as the primary actor with the responsibility of formulating, designing, managing and implementing the next UN Cooperation Framework in Azerbaijan; as well as the Government of Azerbaijan. Relevance and Adaptability: The UNCT should align the next CF with the highest development needs in the country, focusing on human capital development with a special focus on youth education and employment, health and social protection as well as green growth. The Great Return Programme and the Demining initiatives should be highly prioritized in the next CF, with an emphasis on resilience building, and mainstreaming of LNOB and HR principles.",Azerbaijan.docx,UNCT,0.9118,Positive
Azerbaijan,"The Great Return Programme and the Demining initiatives should be highly prioritized in the next CF, with an emphasis on resilience building, and mainstreaming of LNOB and HR principles. Coherence: 
Effectiveness: The UNCT should ensure that the next CF is based on a realistic Results Framework, with a soundly developed results chain that adequately represents the level and extent of UN interventions in the given sectors. The CF should prioritise areas where UN agencies have clear individual or joint comparative advantages.",Azerbaijan.docx,UNCT,0.8957,Positive
Azerbaijan,The next CF should continue investment in national data eco-systems and support to the multidimensional integration of SDGs. Efficiency: The UNCT and Government of Azerbaijan should continue to consolidate the work of the RGs and thematic groups to improve coordination during implementation and improve joint work-planning processes. Government and Agencies are called upon to acknowledge the importance of coordination and ensure continuity of membership and avoid loss of institutional memory.,Azerbaijan.docx,UNCT,0.891,Positive
Azerbaijan,"Government and Agencies are called upon to acknowledge the importance of coordination and ensure continuity of membership and avoid loss of institutional memory. The UNCT should explore the potential and partner interest to establish an integrated funding framework and one fund at the country level, and actively explore joint programming opportunities as catalysts for better coherence and results for the country. Coordination: Results groups and MEL should play a more active role on joint planning and the formulation of Joint workplans, to ensure that the latter consolidate and integrate the efforts of UNCT and serve as a vehicle to identify and leverage better synergies in implementation.",Azerbaijan.docx,UNCT,0.9652,Positive
Azerbaijan,"The UNCT should explore the potential and partner interest to establish an integrated funding framework and one fund at the country level, and actively explore joint programming opportunities as catalysts for better coherence and results for the country. Coordination: Results groups and MEL should play a more active role on joint planning and the formulation of Joint workplans, to ensure that the latter consolidate and integrate the efforts of UNCT and serve as a vehicle to identify and leverage better synergies in implementation. Sustainability and Impact: The UNCT should strategize on sustainability of interventions at design stage, with a clear logical flow of how beneficiary buy in, commitment and capacity is to be embedded in the programme.",Azerbaijan.docx,UNCT,0.9798,Positive
Azerbaijan,"Coordination: Results groups and MEL should play a more active role on joint planning and the formulation of Joint workplans, to ensure that the latter consolidate and integrate the efforts of UNCT and serve as a vehicle to identify and leverage better synergies in implementation. Sustainability and Impact: The UNCT should strategize on sustainability of interventions at design stage, with a clear logical flow of how beneficiary buy in, commitment and capacity is to be embedded in the programme. Approaches to support institution building and capacity development should be prioritised, alongside data governance and digital transformation.",Azerbaijan.docx,UNCT,0.9633,Positive
Azerbaijan,"Approaches to support institution building and capacity development should be prioritised, alongside data governance and digital transformation. Cross-cutting Issues: The UNCT should mainstream gender equality, human rights, LNOB not only at the RF, but at programme and project level and develop targeted needs assessments to inform better policy. The UNCT should continue to strengthen capacity building for and cooperation with civil society and the private sector for the implementation of the CF and leveraging their expertise and resources towards the achievement of the SDG agenda.",Azerbaijan.docx,UNCT,0.8248,Positive
Azerbaijan,"Cross-cutting Issues: The UNCT should mainstream gender equality, human rights, LNOB not only at the RF, but at programme and project level and develop targeted needs assessments to inform better policy. The UNCT should continue to strengthen capacity building for and cooperation with civil society and the private sector for the implementation of the CF and leveraging their expertise and resources towards the achievement of the SDG agenda. Lessons learnt
Importance of Joint Programming and Resource Mobilization for SDG Acceleration: Effective joint programming, where synergies are built and interventions are synchronized, is crucial for achieving targeted outcomes that not only deliver services but also build sustainable capacity.",Azerbaijan.docx,UNCT,0.9349,Positive
Azerbaijan,"Role of RCO for UNSDCF implementation and SDG integration: The RCO’s dedication and support for the UN agencies has greatly improved coordination, not only among UN agencies but also with national and international stakeholders. The UNCT as a strategic and knowledge sharing platform should be fully utilised by all members. Partnership building and consultations with national stakeholders at central and local level is an essential ingredient of success to ensure country ownership and commitment to achieve and sustain results.",Azerbaijan.docx,UNCT,0.9617,Positive
Azerbaijan,"This Inception Report is based on the Evaluation Terms of Reference (see Annex 1). The UNSDCF sets the strategic vision and direction for cooperation between the Republic of Azerbaijan and the United Nations Country Team (UNCT) for the period of 2021-2025. It is the result of a consultative process between the Government, the UNCT and its national and international partners.",Azerbaijan.docx,UNCT,0.5859,Positive
Azerbaijan,"The UNSDCF sets the strategic vision and direction for cooperation between the Republic of Azerbaijan and the United Nations Country Team (UNCT) for the period of 2021-2025. It is the result of a consultative process between the Government, the UNCT and its national and international partners. In the context of the Sustainable Development Goals (SDGs), the UNSDCF considers how to leverage the comparative advantages of the United Nations System to best support national priorities and align UN activities with the country’s strategic outlook.",Azerbaijan.docx,UNCT,0.9432,Positive
Azerbaijan,"The Common Country Assessment carried out prior to the formulation of the UNSDCF, identified six major areas to scale up efforts to attain the SDGs: (i) the income-generating ability of young people and other groups such as women and small farmers, who remain vulnerable to economic shocks; (ii) the quality and reach of public services to the most vulnerable in society, including in the education, health, and justice sectors; (iii) environmental pollution and degradation; (iv) spatial and gender inequalities; (v) institutional capacity to design evidence-based development policies; and (vi) the enduring consequences of the conflict in and around the Karabakh region, based on which a set of accelerators, or catalytic interventions were identified. The formulation of the UNSDCF was based in an extensive and inclusive process of consultations led by the Minister of Economy and the Resident Coordinator, culminating in the Strategic Prioritisation Workshop in Baku in January 2020, with the participation of UN, government, civil society, academia, private sector and international development partners. The vision that emerged from the CCA process and capacity gap analyses and the stakeholder consultations was narrowed down into four priority areas, five outcomes and 18 outputs for the UN development system to focus on over the period of 2021-2025, reflecting on how to leverage the comparative advantages of the UN Country Team to support national priorities and progress towards the country’s strategic outlook and SDG agenda.",Azerbaijan.docx,RC,0.5719,Positive
Azerbaijan,"The formulation of the UNSDCF was based in an extensive and inclusive process of consultations led by the Minister of Economy and the Resident Coordinator, culminating in the Strategic Prioritisation Workshop in Baku in January 2020, with the participation of UN, government, civil society, academia, private sector and international development partners. The vision that emerged from the CCA process and capacity gap analyses and the stakeholder consultations was narrowed down into four priority areas, five outcomes and 18 outputs for the UN development system to focus on over the period of 2021-2025, reflecting on how to leverage the comparative advantages of the UN Country Team to support national priorities and progress towards the country’s strategic outlook and SDG agenda. At the time of the formulation of the UNSDCF 2021 – 2025 the Azerbaijan Vision 2020 strategic framework was approaching the end of the implementation and the new CF was closely aligned with government and other partners to contribute towards the emerging national vision for 2030 and the 2030 Agenda for Sustainable Development.",Azerbaijan.docx,UNCT,0.9001,Positive
Azerbaijan,"The evaluation will provide important information for strengthening programming and results at the country level, specifically informing the planning and decision-making for the next CF programme cycle and for improving UN coordination at the country level. The UNCT, host government and other CF stakeholders can learn from the process of documenting good practices and lessons learned, which can then be shared with DCO and used for the benefit of other countries. Support greater accountability of the UNCT to CF stakeholders.",Azerbaijan.docx,UNCT,0.9601,Positive
Azerbaijan,"The UNCT, host government and other CF stakeholders can learn from the process of documenting good practices and lessons learned, which can then be shared with DCO and used for the benefit of other countries. Support greater accountability of the UNCT to CF stakeholders. By objectively providing evidence of results achieved within the framework of the CF and assessing the effectiveness of the strategies and interventions used, the evaluation will enable the various stakeholders in the CF process, including national counterparts and donors, to hold the UNCT and other parties accountable for fulfilling their roles and commitments.",Azerbaijan.docx,UNCT,0.9403,Positive
Azerbaijan,"Support greater accountability of the UNCT to CF stakeholders. By objectively providing evidence of results achieved within the framework of the CF and assessing the effectiveness of the strategies and interventions used, the evaluation will enable the various stakeholders in the CF process, including national counterparts and donors, to hold the UNCT and other parties accountable for fulfilling their roles and commitments. The objectives of the evaluation are to: 
Assess the contribution of the CF to national development results through evidence-based judgements using evaluation criteria (accountability).",Azerbaijan.docx,UNCT,0.8126,Positive
Azerbaijan,"The evaluation findings will be utilized to inform strategic planning, and future programming. Primary users of the evaluation include stakeholders involved in the implementation of the CF, including UNCT, governmental bodies, civil society organizations, contributing partners, and other relevant stakeholders while secondary users will encompass a broader audience, academic and research community, media and the general public. The evaluation looks at the UNSDCF 2021-2025 as a whole and covers contributions of all sub-outputs by the UNCT including contributions of the non-resident agencies.",Azerbaijan.docx,UNCT,0.0,Neutral
Azerbaijan,"Primary users of the evaluation include stakeholders involved in the implementation of the CF, including UNCT, governmental bodies, civil society organizations, contributing partners, and other relevant stakeholders while secondary users will encompass a broader audience, academic and research community, media and the general public. The evaluation looks at the UNSDCF 2021-2025 as a whole and covers contributions of all sub-outputs by the UNCT including contributions of the non-resident agencies. It examines the cross-cutting issues and the global UN programming principles (e.g.",Azerbaijan.docx,UNCT,0.0,Neutral
Azerbaijan,"The evaluation also takes into account emerging issues, such as, the COVID-19 pandemic and the conflict in both the evaluation contents (e.g. the UNCT’s responsiveness, adaptation and reprioritization) and operation (e.g. methods for managing stakeholder participation and inclusiveness).",Azerbaijan.docx,UNCT,-0.3182,Negative
Azerbaijan,"In the first two years of implementation $58 million has been spent while $32 million made available for 2023. Key stakeholders of the UNSDCF
The UNSDCF was signed by 18 UN agencies, which have cumulatively contributed to the implementation of the current UNSDCF, under the leadership of the Resident Coordinator: FAO, ILO, IOM, OHCHR, UNDP, UNDRR, UNECE, UNESCO, UNFPA, UN Habitat, UNHCR, UNICEF, UNIDO, UNODC, UNOPS, UN Volunteers, UN Women, WHO. The UNSDCF reflects on partnerships and how UN will work in relations to others for each strategic priority area.",Azerbaijan.docx,RC,0.0,Neutral
Azerbaijan,"The Monitoring, Evaluation and Learning Group, the Operations Management Team (OMT), and the Communication Group also act as key structures in the implementation of the CF. In addition to the Results Groups, the UNCT established thematic and operational groups to ensure UNCT programme and operation functions contribute to CF implementation. These include: Gender Thematic Group, Human Rights Thematic Group, Common Country Analysis Taskforce, Preventing Sexual Exploitation and Abuse (PSEA) Taskforce, Disability Inclusion Taskforce, Youth Inclusion Taskforce.",Azerbaijan.docx,UNCT,-0.4019,Negative
Azerbaijan,"These include: Gender Thematic Group, Human Rights Thematic Group, Common Country Analysis Taskforce, Preventing Sexual Exploitation and Abuse (PSEA) Taskforce, Disability Inclusion Taskforce, Youth Inclusion Taskforce. The JSC is co-chaired by the UN Resident Coordinator representing the UNCT and the Minister of Economy representing the Government of Azerbaijan. Senior government officials at the level of Deputy Ministers and Heads of UN agencies co-chair the five CF Result Groups.",Azerbaijan.docx,UNCT,-0.6486,Negative
Azerbaijan,"Table 4 Governance structure of UNSDCF Result Groups
The CF is operationalized through the development of Joint Work Plans (JWPs) that present the planned programmatic sub-outputs and resource contributions of each UN entity to CF outputs, consistent with the Theory of Change. They are either unique to an agency or shared by two or more UNCT members. The Joint Work Plans are discussed within and across Results Groups to ensure that gaps and overlaps, the potentials for synergy and joint programmes/joint programming are identified and streamlined.",Azerbaijan.docx,UNCT,0.6124,Positive
Azerbaijan,"All Joint Work Plans are endorsed by the JSC during its annual meeting, and published in UNINFO Each year, a UN Country Results Report that comprehensively captures the UN development results (not activities) in support of the 2030 Agenda is developed. During CF formulation, the UNCT and the Government acknowledged that data scarcity affects setting clear baselines for several indicators, which were also highlighted by the CCA findings. Thus, UNCT started several initiatives to help set baselines and track progress toward CF results, including a national Multi-Indicator Cluster Survey (MICS).",Azerbaijan.docx,UNCT,0.8957,Positive
Azerbaijan,"During CF formulation, the UNCT and the Government acknowledged that data scarcity affects setting clear baselines for several indicators, which were also highlighted by the CCA findings. Thus, UNCT started several initiatives to help set baselines and track progress toward CF results, including a national Multi-Indicator Cluster Survey (MICS). However, as the baselines and targets were not established for some of the indicators, the Result Groups proposed revision to the Results Matrix in 2021, which was endorsed by the JSC, and the Results Matrix was updated accordingly.",Azerbaijan.docx,UNCT,0.8442,Positive
Azerbaijan,"Key informants were purposively selected from a broader stakeholder mapping list based on their role in implementation of UNSDCF, nature of partnership with the UN and sector representation. Key informants are drawn from the government counterparts, civil society organisations, UNCT members and implementing partners. Stakeholders included those that have a strong collaboration with UN agencies; those representing vulnerable and marginalized groups, as well as those which play an important role in the different sectors.",Azerbaijan.docx,UNCT,0.7717,Positive
Azerbaijan,"The quality of the deliverables was be assessed in reference to the quality assurance checklist of the CF Evaluation Guidelines. The DCO will provide quality assurance and oversight of and throughout the entire evaluation process. DCO will quality assure the evaluation report at the end of the evaluation process to ensure the soundness, usefulness, and evidence-based elements of the final report.",Azerbaijan.docx,DCO,0.875,Positive
Azerbaijan,"The DCO will provide quality assurance and oversight of and throughout the entire evaluation process. DCO will quality assure the evaluation report at the end of the evaluation process to ensure the soundness, usefulness, and evidence-based elements of the final report. Findings
Relevance and adaptability: Is the CF doing the right things?",Azerbaijan.docx,DCO,0.8225,Positive
Azerbaijan,"Other challenges include the absence of baseline data, overly ambitious targets for certain sectors like MSMEs, and the lack of reliable, disaggregated data collection mechanisms. In 2021, the UNCT and the Government of Azerbaijan adopted the UN – Azerbaijan Sustainable Development Cooperation Framework (UNSDCF) 2021 – 2025, based on a broad process of consultations with the government and other stakeholders. In February 2021, the President of Azerbaijan adopted the “Azerbaijan 2030: National Priorities for Socio-Economic DevelopmentThe Social Economic Development Strategy 2022-2026 of the Republic of Azerbaijan followed the higher-level strategy, further detailing priorities and indicators for each priority area.",Azerbaijan.docx,UNCT,0.6908,Positive
Azerbaijan,"Notably, the UN, EU, and ANAMA launched a significant project to facilitate the safe return of IDPs. In addressing other shocks, such as the prolonged effects of the COVID-19 pandemic, and falling global energy demand, the UNCT acted quickly. It continued its pandemic-related efforts from the previous cooperation cycle, effectively working with government and non-government partners to support the most vulnerable.",Azerbaijan.docx,UNCT,0.719,Positive
Azerbaijan,"During the implementation of the CF, Azerbaijan faced a triple shock: the prolonged effects of the COVID-19 pandemic, a fall in global energy demand and prices, and the conflict with Armenia. The UNCT demonstrated agility by quickly mobilizing to support the government in managing the pandemic’s aftermath during the previous cooperation cycle, and these efforts were carried over into the current CF. At the same time, these economic shocks further exacerbated vulnerabilities, and the , in collaboration with both government and non-government partners, worked effectively to provide support to the most vulnerable groups.",Azerbaijan.docx,UNCT,-0.101,Neutral
Azerbaijan,"However, as Azerbaijan continues to face evolving challenges, the must further strengthen its focus on resilience-building and adopt shock-responsive social protection approaches to ensure sustainable recovery and better preparedness for future crises. Finally, the UNCT has shown great agility and willingness to support the government in is preparations for the hosting of the COP29 in November 2024 in Baku, Azerbaijan. Coherence: How well does the CF fit?",Azerbaijan.docx,UNCT,0.9652,Positive
Azerbaijan,"At the same time, government stakeholders emphasized that RG meetings often served as a venue for exchanging information not only with UN, but also with peer government institutions and facilitating internal coordination. The UN Resident Coordinator’s Office has been pivotal in representing the UN system and enhancing coordination with the Government of Azerbaijan and other stakeholders such as international partners, private sector and civil society (KIIs). The SDG implementation agenda, led by the RC and UN agencies have consistently brought together government and non-government partners in the SDG dialogue series, the Second Baku Forum on Sustainable Development and other policy dialogue initiatives.",Azerbaijan.docx,RC,0.0,Neutral
Azerbaijan,"The UN Resident Coordinator’s Office has been pivotal in representing the UN system and enhancing coordination with the Government of Azerbaijan and other stakeholders such as international partners, private sector and civil society (KIIs). The SDG implementation agenda, led by the RC and UN agencies have consistently brought together government and non-government partners in the SDG dialogue series, the Second Baku Forum on Sustainable Development and other policy dialogue initiatives. Under the CF, the UN started work to develop an Integrated National Financial Framework (INFF) as a tool to finance national priorities.",Azerbaijan.docx,RC,0.0,Neutral
Azerbaijan,"The JWPs serve more as an internal coordination mechanism rather than a detailed work planning tool, with agency-specific work plans and government endorsement ensuring alignment with priorities. The Cooperation Framework is a broad framework that reflects the common strategies of agencies in the UN Country Team to support the development agenda in Azerbaijan. The need for all agencies to be adequately represented in the CF and increase their own visibility leads to a broad definition of cooperation areas, which at the same time reflects the mandates of the different agencies and ensures compatibility and alignment with agency specific country programmes (where present).",Azerbaijan.docx,UNCT,0.8126,Positive
Azerbaijan,"In relation to the SDG agenda, the development of the Common Country Analysis (CCA) provided a thorough and up-to-date analysis of social, economic, and environmental development issues, which informed the CF. The CCA identifies development challenges and provides an overview of their root causes, leading to the proposal of a set of synergies or accelerators: (i) decentralized service delivery, (ii) promoting evidence-based policy formulation, (iii) avoiding duplication of state functions and crowding out of the private sector, (iv) reducing overdependence on oil for growth and fiscal resources, (v) addressing perceptions of corruption, and (vi) recognizing limitations in legal enforcement and compliance. The CF addresses these challenges and commits to tackling them through integrated policy advice, including catalysing partnerships and bringing together government, the private sector, and other stakeholders.",Azerbaijan.docx,UNCT,0.5994,Positive
Azerbaijan,"In June 2024, Azerbaijan presented its 4th Voluntary National Review on the implementation of the SDGs, and adopted an 18th national SDG on Mine Acton, reflecting the importance of mine clearance for sustainable reconstruction and recovery. Through the CF, the RCO and the UNCT have ensured that the SDG agenda remains relevant in national policy discourse and serves as a catalyst for the Azerbaijan Vision 2030 and Socio-Economic Development Plan. The SDG dialogue series, initiated in 2022 under the leadership of the National Council for Sustainable Economic Development and the Resident Coordinator, provides a unique opportunity to advance towards a more multi-dimensional approach in policy advice, supported by solid analytical work.",Azerbaijan.docx,UNCT,0.8481,Positive
Azerbaijan,"Through the CF, the RCO and the UNCT have ensured that the SDG agenda remains relevant in national policy discourse and serves as a catalyst for the Azerbaijan Vision 2030 and Socio-Economic Development Plan. The SDG dialogue series, initiated in 2022 under the leadership of the National Council for Sustainable Economic Development and the Resident Coordinator, provides a unique opportunity to advance towards a more multi-dimensional approach in policy advice, supported by solid analytical work. The first SDG dialogues have brought together the government, UN, international partners, private sector, academia, and civil society to discuss pressing challenges and solutions on issues such as Green Growth, Social and Economic Inclusion, and the results of the Global SDGs Summit 2023 and the role of supreme financial control bodies in the implementation of the SDGs.",Azerbaijan.docx,RC,0.9313,Positive
Azerbaijan,"Despite these efforts, the GTG lacks the capacity to fully mainstream gender issues across all technical documents and research. The 2023 assessment initiated by the UN in 2023 indicated that 60 percent of the indicators in the RF (9 out of 15) met or exceeded minimum requirements as per the UNCT SWAO Gender Scorecard. The HRTG, led by OHCHR, provides strategic advice and technical assistance for UN programming, including the design of indicators from a human rights perspective.",Azerbaijan.docx,UNCT,0.0,Neutral
Azerbaijan,"The HRTG also engages in advocacy and communication campaigns, including the annual Human Rights Month in June and thematic meetings with RCO and civil society on issues such as women’s rights, children’s rights, and human rights defenders. Discussions with thematic groups highlight the critical role of the RC and the RCO in advancing the normative agenda during CF implementation. Interviews with most heads of agencies confirm that the RC’s support is crucial, not only through analytical work and RCO capacity but also in mainstreaming these principles across UN work and relations with the government.",Azerbaijan.docx,RC,0.3716,Positive
Azerbaijan,"Administrative coordination efforts, while creating higher transaction costs for individual agency staff, have positively impacted program delivery. To reduce transaction costs and enhance UN coherence, the UNCT developed a Business Operations Strategy (BOS 2.0). This strategy has led to significant savings through shared facilities like the UN House, mutual recognition of partner assessment procedures, and common services such as translation and transport.",Azerbaijan.docx,UNCT,0.8834,Positive
Azerbaijan,"The reliance on earmarked funding and the need for immediate results can lead to an opportunistic approach, undermining long-term development goals and creating silos among agencies. Despite these challenges, the UNCT has successfully mobilized funds for some joint programmes, such as the Integrated National Financial Framework (INFF) and a regional EU-funded programme. The establishment of an integrated financing framework or SDG Accelerator Fund has not yet occurred, with mixed opinions on its feasibility due to Azerbaijan’s upper-middle-income status and the existing donor landscape.",Azerbaijan.docx,UNCT,0.3773,Positive
Azerbaijan,"The UN effectively leveraged government capacity and resources to implement CF activities and thus contribute to the CF outcomes. The UNCT was effective in mobilizing its own internal and donor resources towards the achievement of the CF outcomes. However, country team members are often driven by the need to raise the profile of their individual agencies, which at times undermines a more coherent approach in delivery.",Azerbaijan.docx,UNCT,0.5574,Positive
Azerbaijan,"Agencies often feel constrained by the national government’s needs and priorities, as well as donor mandates. Most respondents indicated that there is minimal competition for resources within the UNCT, as project-based financing is clearly delineated and donors tend to maintain traditional partnerships. However, competition occasionally arises for better access to national partners to secure commitment to specific project objectives, potentially crowding out other partners working in complementary areas.",Azerbaijan.docx,UNCT,0.8761,Positive
Azerbaijan,"The CF has not been very successful in mobilizing pooled funds for joint programmes. Azerbaijan’s status as an upper-middle-income country makes accessing resources from funds like the SDG Fund more challenging compared to UNCTs in less developed countries. Nonetheless, the UNCT has successfully mobilized funding from the Joint SDG Fund for the implementation of the Integrated National Financial Framework (INFF) with UNDP and UNFPA and has executed a larger regional joint programme funded by the EU (EU4Gender Equality with UN Women and UNFPA).",Azerbaijan.docx,UNCT,0.5113,Positive
Azerbaijan,"Azerbaijan’s status as an upper-middle-income country makes accessing resources from funds like the SDG Fund more challenging compared to UNCTs in less developed countries. Nonetheless, the UNCT has successfully mobilized funding from the Joint SDG Fund for the implementation of the Integrated National Financial Framework (INFF) with UNDP and UNFPA and has executed a larger regional joint programme funded by the EU (EU4Gender Equality with UN Women and UNFPA). A One Health Joint Programme initiative put forward by WHO, FAO and UNEP to the Covid 19 Response and Recovery Fund was not successful.",Azerbaijan.docx,UNCT,0.5455,Positive
Azerbaijan,"An integrated financing framework or a country-level SDG Accelerator Fund has not yet been established in the current cooperation cycle, despite being highlighted as opportunities in the CF. UNCT members have differing views on the feasibility of such a fund. While there is consensus on the theoretical benefits of an SDG Accelerator Fund, some key respondents believe that the current funding patterns and donor landscape in Azerbaijan—with few donors and limited financing portfolios—make the establishment of this fund unrealistic.",Azerbaijan.docx,UNCT,0.5106,Positive
Azerbaijan,"EQ 10: To what extent the planning and coordination of the CF (through the Results Groups with the RCO support) efficiently contributed to a coherent implementation and to the achievement of indicators’ targets (outputs and outcomes)? EQ 11: To what extent did the post reform Resident Coordinator office’s roles and responsibilities enable positive UNCT’s joint convening power and better coherence of the country team? The Resident Coordinator’s Office (RCO) has been pivotal in ensuring the effective planning and coordination of the Cooperation Framework (CF), facilitating Results Groups and thematic groups to align UN agency efforts and achieve output and outcome indicators.",Azerbaijan.docx,UNCT,0.9295,Positive
Azerbaijan,"EQ 11: To what extent did the post reform Resident Coordinator office’s roles and responsibilities enable positive UNCT’s joint convening power and better coherence of the country team? The Resident Coordinator’s Office (RCO) has been pivotal in ensuring the effective planning and coordination of the Cooperation Framework (CF), facilitating Results Groups and thematic groups to align UN agency efforts and achieve output and outcome indicators. The RCO’s technical support, expertise and networks are instrumental, especially for smaller agencies.",Azerbaijan.docx,RC,0.9246,Positive
Azerbaijan,"The RC’s diplomatic approach has been effective in engaging with the government and stakeholders, advancing policy dialogues, and addressing normative issues like gender equality. While the RC’s role has been highly valued by donors and UN agencies for its inclusiveness and expertise, leveraging the full potential of a collective approach for CF implementation requires commitment and concerted efforts by all UNCT members. Despite these challenges, the RC has made significant strides in fostering a cooperative culture and enhancing UNCT coherence, though some issues remain in collectively utilizing the reforms intended to boost joint efforts.",Azerbaijan.docx,UNCT,0.9439,Positive
Azerbaijan,"While the RC’s role has been highly valued by donors and UN agencies for its inclusiveness and expertise, leveraging the full potential of a collective approach for CF implementation requires commitment and concerted efforts by all UNCT members. Despite these challenges, the RC has made significant strides in fostering a cooperative culture and enhancing UNCT coherence, though some issues remain in collectively utilizing the reforms intended to boost joint efforts. The Resident Coordinator’s Office (RCO) has played a pivotal role in ensuring the effective planning and coordination of the Cooperation Framework (CF).",Azerbaijan.docx,UNCT,0.94,Positive
Azerbaijan,"Despite these challenges, the RC has made significant strides in fostering a cooperative culture and enhancing UNCT coherence, though some issues remain in collectively utilizing the reforms intended to boost joint efforts. The Resident Coordinator’s Office (RCO) has played a pivotal role in ensuring the effective planning and coordination of the Cooperation Framework (CF). The RCO’s facilitation of the Results Groups and thematic groups has been crucial in aligning UN agency efforts and ensuring a unified approach to CF implementation.",Azerbaijan.docx,RC,0.9271,Positive
Azerbaijan,"This coordination is central to achieving the CF’s targets for outputs and outcomes. Key functions of the RCO include coordinating the technical support provided to various UN agencies, which is especially valued by smaller agencies that rely on the RCO for analysis, insights, and strategic direction. This support extends to the joint communication strategy and the UN Communication Group (UNCG), ensuring that advocacy efforts are streamlined and effective.",Azerbaijan.docx,UNCT,0.923,Positive
Azerbaijan,"Furthermore, one respondent noted that they may choose not to involve the RCO in their events, as they are concerned it could overshadow their own visibility and dilute their agency’s branding. The post-reform Resident Coordinators has significantly enhanced the joint convening power and coherence of the UN Country Team (UNCT). The Resident Coordinator (RC) is recognized for their effective engagement with the government and other key stakeholders, which has been critical in advancing high-level policy dialogues and raising the profile of important issues such as gender equality and human rights.",Azerbaijan.docx,UNCT,0.6808,Positive
Azerbaijan,"The post-reform Resident Coordinators has significantly enhanced the joint convening power and coherence of the UN Country Team (UNCT). The Resident Coordinator (RC) is recognized for their effective engagement with the government and other key stakeholders, which has been critical in advancing high-level policy dialogues and raising the profile of important issues such as gender equality and human rights. One of the RC’s key strengths lies in their diplomatic approach.",Azerbaijan.docx,RC,0.6705,Positive
Azerbaijan,"One of the RC’s key strengths lies in their diplomatic approach. By maintaining a balanced and impartial stance, the RC has successfully navigated complex political environments, enabling productive interactions with the government and other partners. This approach has been instrumental in elevating the SDG agenda and fostering collaboration on various initiatives, including COP29 coordination.",Azerbaijan.docx,RC,0.4767,Positive
Azerbaijan,"Donors and UN agencies appreciate the RC’s role for their inclusiveness and the valuable expertise they bring to the table. The RC’s network and diplomatic skills are seen as essential for reaching diverse audiences and facilitating a cooperative culture within the UNCT. However, some UN agencies have indicated that they would appreciate a stronger collective UN effort in addressing sensitive issues.",Azerbaijan.docx,UNCT,0.8979,Positive
Azerbaijan,"However, some UN agencies have indicated that they would appreciate a stronger collective UN effort in addressing sensitive issues. The UN reform agenda envisioned a more empowered RC with greater responsibilities to drive coherence and effectiveness across the UN system. While the RC has made strides in fostering a cooperative culture and enhancing UNCT’s overall coherence, some challenges remain.",Azerbaijan.docx,RC,0.7964,Positive
Azerbaijan,"The UN reform agenda envisioned a more empowered RC with greater responsibilities to drive coherence and effectiveness across the UN system. While the RC has made strides in fostering a cooperative culture and enhancing UNCT’s overall coherence, some challenges remain. The RC’s role has been significantly impactful in diplomatic and facilitative capacities and good efforts have been made to enhance a cooperation culture within the UNCT and fully leveraging the reforms intended to enhance joint efforts.",Azerbaijan.docx,UNCT,0.6908,Positive
Azerbaijan,"While the RC has made strides in fostering a cooperative culture and enhancing UNCT’s overall coherence, some challenges remain. The RC’s role has been significantly impactful in diplomatic and facilitative capacities and good efforts have been made to enhance a cooperation culture within the UNCT and fully leveraging the reforms intended to enhance joint efforts. Orientation towards impact: What difference do CF Interventions make?",Azerbaijan.docx,UNCT,0.4939,Positive
Azerbaijan,"The Cooperation Framework (CF) was designed with sustainability in mind, aligning closely with national strategies and benefiting from strong government ownership and commitment, which has been crucial for its progress. The UNCT has effectively combined technical assistance with capacity building at various levels, utilizing both international and national expertise to enhance local capabilities. Successful examples include the government’s adoption of several UN-supported initiatives, such as expanding social services and inclusive education.",Azerbaijan.docx,UNCT,0.9371,Positive
Azerbaijan,"However, while the UN’s strategic approach is generally conducive to sustainability, some stakeholders have reported mixed results in areas like human rights and gender equality. The UNCT is viewed as having potential to better support civil society and support greater public engagement and participation in state policy formulation and implementation. Sustainability was a key consideration during the design of the Cooperation Framework (CF), ensuring alignment with national strategies.",Azerbaijan.docx,UNCT,0.9468,Positive
Azerbaijan,"The strong commitment and ownership of the national government, reflected in the collaborative development and approval of CF workplans, have led to substantial investment by the Government of Azerbaijan in the CF's outcomes. The UN Country Team (UNCT) and the Resident Coordinator (RC) have established a robust partnership with the government, fostering ongoing high-level dialogue through initiatives like the SDG dialogue series and the annual high-level forum. This government ownership and commitment, bolstered by trust in the UN as a neutral and longstanding partner, are crucial factors in advancing progress.",Azerbaijan.docx,UNCT,0.9698,Positive
Azerbaijan,"The UN's long-term strategy focuses on institutional development, policy framework enhancement, and capacity building while engaging with communities and civil society to raise awareness and demand for rights and services. The UNCT’s efforts have been expanded or adopted by the government to ensure broader impact. While the UN generally targets systemic improvements, some interventions may appear as isolated projects.",Azerbaijan.docx,UNCT,0.5423,Positive
Azerbaijan,"However, some stakeholders, particularly within UN members and civil society focusing on human rights and gender equality, have reported mixed results despite ongoing support. The UNCT is seen as having the potential to enhance its role in supporting civil society, raising awareness among rights-holders, promoting cooperation between public, private and civil society sectors and support public advocacy and participation. Conclusions
Based on the findings of the evaluation the evaluation team developed the following conclusions:
Relevance and Adaptability
The 2021 – 2025 United Nations Sustainable Cooperation Framework in Azerbaijan is broadly relevant to the development context of the country.",Azerbaijan.docx,UNCT,0.5696,Positive
Azerbaijan,"Coordination
The RCO has been a key facilitator in ensuring coordination among UN agencies and stakeholders, which has been crucial for the implementation of the CF. The RC has showed leadership and fostered an atmosphere of cooperation within the UNCT, despite resistance to change due to reverse corporate incentives and legacy. The RCO’s role in engaging with partnerships, promoting the SDG and normative agenda and managing the joint communication strategy and coordinating advocacy efforts has enhanced overall coherence and the relevance of SDGs in the policy dialogue in the country.",Azerbaijan.docx,UNCT,0.8074,Positive
Azerbaijan,"Sustainability
The Cooperation Framework (CF) has been designed with sustainability as a core principle, aligning closely with national strategies and benefiting from strong government ownership. This commitment has been pivotal in advancing key initiatives, with the UN Country Team (UNCT) combining technical assistance and capacity building to enhance local capacities. Successful examples include the government’s adoption of UN-supported initiatives in social services and inclusive education.",Azerbaijan.docx,UNCT,0.8658,Positive
Azerbaijan,"Recommendations
The recommendations below are based on findings and conclusions of the evaluation. Recommendation 1: The UNCT should 
Priority: High
Audience: UNCT, UNRC, Government of Azerbaijan
Based on: Coherence EQ 3, EQ 5 and Orientation Towards Impact EQ 12, Conclusion .1 and .6
Recommendation 2: The UNCT should align the next CF with the highest development needs in the country, focusing on human capital development with a special focus on youth education and employment, health and social protection as well as green growth. The Great Return Programme and the Demining initiatives should be highly prioritized in the next CF, with an emphasis on resilience building, and mainstreaming of LNOB and HR principles.",Azerbaijan.docx,UNCT,0.8885,Positive
Azerbaijan,"The Great Return Programme and the Demining initiatives should be highly prioritized in the next CF, with an emphasis on resilience building, and mainstreaming of LNOB and HR principles. Priority: High
Audience: UNCT, UNRC, Government of Azerbaijan
Based on: Relevance and Adaptability EQ 1, 2 and Conclusion .1 
Recommendation 3: Ensure that the next CF is based on a realistic Results Framework, with a soundly developed results chain that adequately represents the level and extent of UN interventions in the given sectors. The CF should prioritise areas where UN agencies have clear individual or joint comparative advantages.",Azerbaijan.docx,UNCT,0.8957,Positive
Azerbaijan,"The CF should prioritise areas where UN agencies have clear individual or joint comparative advantages. Priority: High
Audience: UNCT, UNRCO, MEL
Based on: Effectiveness EQ 6 and EQ 7, Conclusion .3
Recommendation 4: The next CF should continue investment in national data eco-systems and support to the multidimensional integration of SDGs. Priority: High
Audience: UNCT, UNRC, UNDP, MEL
Based on Effectiveness EQ 6 and EQ 7, Coherence EQ 5.",Azerbaijan.docx,UNCT,0.7783,Positive
Azerbaijan,"Priority: High
Audience: UNCT, UNRCO, MEL
Based on: Effectiveness EQ 6 and EQ 7, Conclusion .3
Recommendation 4: The next CF should continue investment in national data eco-systems and support to the multidimensional integration of SDGs. Priority: High
Audience: UNCT, UNRC, UNDP, MEL
Based on Effectiveness EQ 6 and EQ 7, Coherence EQ 5. Conclusions .2.",Azerbaijan.docx,UNCT,0.4019,Positive
Azerbaijan,"Conclusions .2. .3 and .6
Recommendation 5: The UNCT and Government of Azerbaijan should continue to consolidate the work of the RGs and thematic groups to improve coordination during implementation and improve joint work-planning processes. Government and Agencies are called upon to acknowledge the importance of coordination and ensure continuity of membership and avoid loss of institutional memory.",Azerbaijan.docx,UNCT,0.7506,Positive
Azerbaijan,"Government and Agencies are called upon to acknowledge the importance of coordination and ensure continuity of membership and avoid loss of institutional memory. Priority: Medium
Audience: UNCT, Government of Azerbaijan, RGs
Based on Coherence EQ 3; Efficiency EQ 9; Coordination EQ 10, Conclusion .2; .5
Recommendation 6: The UNCT should explore the potential and partner interest to establish an integrated funding framework and one fund at the country level, and actively explore joint programming opportunities as catalysts for better coherence and results for the country. Audience: UNCT, UNRC, Government of Azerbaijan
Priority: Medium
Based on Coherence EQ 3; Efficiency EQ 9; Conclusion 5.4
Recommendation 7: The UNCT should strategize on sustainability of interventions at design stage, with a clear logical flow of how beneficiary buy in, commitment and capacity is to be embedded in the programme.",Azerbaijan.docx,UNCT,0.9709,Positive
Azerbaijan,"Priority: Medium
Audience: UNCT, Government of Azerbaijan, RGs
Based on Coherence EQ 3; Efficiency EQ 9; Coordination EQ 10, Conclusion .2; .5
Recommendation 6: The UNCT should explore the potential and partner interest to establish an integrated funding framework and one fund at the country level, and actively explore joint programming opportunities as catalysts for better coherence and results for the country. Audience: UNCT, UNRC, Government of Azerbaijan
Priority: Medium
Based on Coherence EQ 3; Efficiency EQ 9; Conclusion 5.4
Recommendation 7: The UNCT should strategize on sustainability of interventions at design stage, with a clear logical flow of how beneficiary buy in, commitment and capacity is to be embedded in the programme. Approaches to support institution building and capacity development should be prioritised, alongside data governance and digital transformation.",Azerbaijan.docx,UNCT,0.9744,Positive
Azerbaijan,"Approaches to support institution building and capacity development should be prioritised, alongside data governance and digital transformation. Audience: UNCT
Priority: Medium
Based on Sustainability EQ 13; Conclusion 5.7
Recommendation 8: The UNCT should mainstream gender equality, human rights, LNOB not only at the RF, but at programme and project level and develop targeted needs assessments to inform better policy. The UNCT should continue to strengthen capacity building for and cooperation with civil society and the private sector for the implementation of the CF and leveraging their expertise and resources towards the achievement of the SDG agenda.",Azerbaijan.docx,UNCT,0.8248,Positive
Azerbaijan,"Audience: UNCT
Priority: Medium
Based on Sustainability EQ 13; Conclusion 5.7
Recommendation 8: The UNCT should mainstream gender equality, human rights, LNOB not only at the RF, but at programme and project level and develop targeted needs assessments to inform better policy. The UNCT should continue to strengthen capacity building for and cooperation with civil society and the private sector for the implementation of the CF and leveraging their expertise and resources towards the achievement of the SDG agenda. Audience UNCT, GTG, HRTG
Priority: High
Based on Effectiveness EQ 7, Conclusion 5.3
Recommendation 9: Results groups and MEL should play a more active role on joint planning and the formulation of Joint workplans, to ensure that the latter consolidate and integrate the efforts of UNCT and serve as a vehicle to identify and leverage better synergies in implementation.",Azerbaijan.docx,UNCT,0.9688,Positive
Azerbaijan,"The UNCT should continue to strengthen capacity building for and cooperation with civil society and the private sector for the implementation of the CF and leveraging their expertise and resources towards the achievement of the SDG agenda. Audience UNCT, GTG, HRTG
Priority: High
Based on Effectiveness EQ 7, Conclusion 5.3
Recommendation 9: Results groups and MEL should play a more active role on joint planning and the formulation of Joint workplans, to ensure that the latter consolidate and integrate the efforts of UNCT and serve as a vehicle to identify and leverage better synergies in implementation. Audience: UNCT, Priority: Medium
Limitations and Lessons Learned
Limitations during the evaluation
The major limitation encountered during the evaluation is the availability of data and full information that would allow attribution of development outcomes to the work of the UNCT with confidence.",Azerbaijan.docx,UNCT,0.9348,Positive
Azerbaijan,"Audience UNCT, GTG, HRTG
Priority: High
Based on Effectiveness EQ 7, Conclusion 5.3
Recommendation 9: Results groups and MEL should play a more active role on joint planning and the formulation of Joint workplans, to ensure that the latter consolidate and integrate the efforts of UNCT and serve as a vehicle to identify and leverage better synergies in implementation. Audience: UNCT, Priority: Medium
Limitations and Lessons Learned
Limitations during the evaluation
The major limitation encountered during the evaluation is the availability of data and full information that would allow attribution of development outcomes to the work of the UNCT with confidence. The observed results are likely influenced by multiple external factors beyond the CF’s control, making it difficult to isolate the specific contribution of CF-supported activities to the overall higher-level outcomes.",Azerbaijan.docx,UNCT,0.8622,Positive
Azerbaijan,"The UNSDCF has worked extensively for data for policies and the RF was updated in 2021 to include updated baseline and target indicators, but data availability posed limitations for the HR and GE dimensions, given the scarcity of disaggregated data. Finally, during the CF implementation there were frequent changes in the composition of the UNCT, with about twenty different agency heads in six of the largest UN agencies. This may have to some extent undermined institutional memory as regards in particular strategic issues.",Azerbaijan.docx,UNCT,-0.5023,Negative
Azerbaijan,"Role of RCO for UNSDCF implementation and SDG integration: The RCO’s dedication and support for the UN agencies has greatly improved coordination, not only among UN agencies but also with national and international stakeholders. The UNCT as a strategic and knowledge sharing platform should be fully utilised by all members. Lesson 3: Partnership building and consultations with national stakeholders at central and local level is an essential ingredient of success to ensure country ownership and commitment to achieve and sustain results.",Azerbaijan.docx,UNCT,0.9617,Positive
Azerbaijan,"Evaluation results and recommendations should derive from - and be informed by - the conscientious, explicit and judicious use of the best available, objective, reliable and valid data, as well as the accurate analysis of evidence. The key audience of the CF Evaluation is the UNCT, the Government, the development partners and the general public. Background – Country Context and the CF Highlights  
Azerbaijan is a politically stable unitary state with a citizenry of around 10 million, growing approximately 100,000 each year.",Azerbaijan.docx,UNCT,0.8481,Positive
Azerbaijan,"The Government has initiated a range of institutional mechanisms, extensive land use planning, physical reconstruction, and engagement with IDPs and the business sector for integrated recovery, and rehabilitation of conflict-affected districts and return of people. UNCT continued supporting national response efforts in partnership with the European Union (EU), and the World Bank (WB) Group through a comprehensive Joint Recovery Needs Assessment (JRNA), the findings and recommendations of which provides a platform for coordinated, transparent and coherent implementation and financing of post-conflict recovery and reconstruction efforts by national and international partners. In 2022, the President of the Republic of Azerbaijan approved two important policy documents: the Socio-Economic Development Strategy of the Republic of Azerbaijan (2022-2026) and the State Programme for the Great Return to the Liberated Territories of the Republic of Azerbaijan (2022-2026).",Azerbaijan.docx,UNCT,0.9393,Positive
Azerbaijan,"The CCA identified six major areas to scale up efforts to attain the SDGs: (i) the income-generating ability of young people and other groups such as women and small farmers, who remain vulnerable to economic shocks; (ii) the quality and reach of public services to the most vulnerable in society, including in the education, health, and justice sectors; (iii) environmental pollution and degradation; (iv) spatial and gender inequalities; (v) institutional capacity to design evidence-based development policies; and (vi) the enduring consequences of the conflict in and around the Karabakh region. Using the results of the CCA, the UNCT identified accelerators, or catalytic interventions that address bottlenecks impeding progress. The vision that emerged from the CCA process and capacity gap analyses was narrowed down into four priority areas, five outcomes and 18 outputs for the UN development system to focus on over the period of 2021-2025.",Azerbaijan.docx,UNCT,-0.128,Neutral
Azerbaijan,"The Monitoring, Evaluation and Learning Group, the Operations Management Team (OMT), and the Communication Group also act as key structures in the implementation of the CF. In addition to the Results Groups, the UNCT established thematic and operational groups to ensure UNCT programme and operation functions contribute to CF implementation. These include: Gender Thematic Group, Human Rights Thematic Group, Common Country Analysis Taskforce, Preventing Sexual Exploitation and Abuse (PSEA) Taskforce, Disability Inclusion Taskforce.",Azerbaijan.docx,UNCT,-0.4019,Negative
Azerbaijan,"These include: Gender Thematic Group, Human Rights Thematic Group, Common Country Analysis Taskforce, Preventing Sexual Exploitation and Abuse (PSEA) Taskforce, Disability Inclusion Taskforce. The JSC is co-chaired by the UN Resident Coordinator representing the UNCT and the Minister of Economy representing the Government of Azerbaijan. Senior government officials at the level of Deputy Ministers and Heads of UN agencies co-chair the five CF Result Groups.",Azerbaijan.docx,UNCT,-0.6486,Negative
Azerbaijan,"The CF is operationalized through the development of Joint Work Plans (JWPs) that present the planned programmatic sub-outputs and resource contributions of each UN entity to CF outputs, consistent with the Theory of Change. They are either unique to an agency or shared by two or more UNCT members. The Joint Work Plans are discussed within and across Results Groups to ensure that gaps and overlaps, the potentials for synergy and joint programmes/joint programming are identified and streamlined.",Azerbaijan.docx,UNCT,0.6124,Positive
Azerbaijan,"All Joint Work Plans are endorsed by the JSC during its annual meeting, and published in UNINFO Each year, a UN Country Results Report that comprehensively captures the UN development results (not activities) in support of the 2030 Agenda is developed. During CF formulation, the UNCT and the Government acknowledged that data scarcity affects setting clear baselines for several indicators, which were also highlighted by the CCA findings. Thus, UNCT started several initiatives to help set baselines and track progress toward CF results, including a national Multi-Indicator Cluster Survey (MICS).",Azerbaijan.docx,UNCT,0.8957,Positive
Azerbaijan,"During CF formulation, the UNCT and the Government acknowledged that data scarcity affects setting clear baselines for several indicators, which were also highlighted by the CCA findings. Thus, UNCT started several initiatives to help set baselines and track progress toward CF results, including a national Multi-Indicator Cluster Survey (MICS). However, as the baselines and targets were not established for some of the indicators, the Result Groups proposed revision to the Results Matrix in 2021, which was endorsed by the JSC, and the Results Matrix was updated accordingly.",Azerbaijan.docx,UNCT,0.8442,Positive
Azerbaijan,"The evaluation will provide important information for strengthening programming and results at the country level, specifically informing the planning and decision-making for the next CF programme cycle and for improving UN coordination at the country level. The UNCT, host government and other CF stakeholders can learn from the process of documenting good practices and lessons learned, which can then be shared with DCO and used for the benefit of other countries. Support greater accountability of the UNCT to CF stakeholders.",Azerbaijan.docx,UNCT,0.9601,Positive
Azerbaijan,"The UNCT, host government and other CF stakeholders can learn from the process of documenting good practices and lessons learned, which can then be shared with DCO and used for the benefit of other countries. Support greater accountability of the UNCT to CF stakeholders. By objectively providing evidence of results achieved within the framework of the CF and assessing the effectiveness of the strategies and interventions used, the evaluation will enable the various stakeholders in the CF process, including national counterparts and donors, to hold the UNCT and other parties accountable for fulfilling their roles and commitments.",Azerbaijan.docx,UNCT,0.9403,Positive
Azerbaijan,"Support greater accountability of the UNCT to CF stakeholders. By objectively providing evidence of results achieved within the framework of the CF and assessing the effectiveness of the strategies and interventions used, the evaluation will enable the various stakeholders in the CF process, including national counterparts and donors, to hold the UNCT and other parties accountable for fulfilling their roles and commitments. The objectives of the evaluation are to:
Assess the contribution of the CF to national development results through evidence-based judgements using evaluation criteria (accountability).",Azerbaijan.docx,UNCT,0.8126,Positive
Azerbaijan,"The evaluation findings will be utilized to inform strategic planning, and future programming. Primary users of the evaluation will include stakeholders involved in the implementation of the CF, including UNCT, governmental bodies, civil society organizations, contributing partners, and other relevant stakeholders while secondary users will encompass a broader audience, academic and research community, media and the general public. It will look at the UNSDCF 2021-2025 as a whole and cover contributions of all sub-outputs by the UNCT including contributions of the non-resident agencies.",Azerbaijan.docx,UNCT,0.0,Neutral
Azerbaijan,"Primary users of the evaluation will include stakeholders involved in the implementation of the CF, including UNCT, governmental bodies, civil society organizations, contributing partners, and other relevant stakeholders while secondary users will encompass a broader audience, academic and research community, media and the general public. It will look at the UNSDCF 2021-2025 as a whole and cover contributions of all sub-outputs by the UNCT including contributions of the non-resident agencies. It will also examine the cross-cutting issues and the global UN programming principles (e.g.",Azerbaijan.docx,UNCT,0.0,Neutral
Azerbaijan,"The evaluation will also take into account emerging issues, such as, the COVID-19 pandemic and the conflict in both the evaluation contents (e.g. the UNCT’s responsiveness, adaptation and reprioritization) and operation (e.g. methods for managing stakeholder participation and inclusiveness).",Azerbaijan.docx,UNCT,-0.3182,Negative
Azerbaijan,"However, the evaluation team could suggest any specific thematic areas for specific review, if necessary, after consultation with stakeholders. Evaluation Criteria and Questions 
Below are the initial suggested evaluation questions and the evaluation criteria, which includes OECD-DAC evaluation criteria (relevance and adaptability8, effectiveness, efficiency, and sustainability) as well as coordination which is a criterion specific to DCO considering the one UN spirit and the multiagency nature of the CFs. The final evaluation questions and the evaluation matrix will be finalized by the evaluation team in the inception report.",Azerbaijan.docx,DCO,0.6486,Positive
Azerbaijan,"Management Arrangements
This section provides a summary of responsibilities for the conduct of the Evaluation while the detailed description of roles can be found in the annex B of UNSDCF Evaluation Guidelines. The Resident Coordinator/ Resident Coordinator’s Office (RCO) is responsible to initiate the CF evaluation, designate the Evaluation Manager, support the Evaluation Steering Committee during the various stages of evaluation. Evaluation Manager oversees the whole process, collaborates with UNCT and other partners, ensures quality control, facilitates dissemination, and leads the development of the management response.",Azerbaijan.docx,RC,0.6124,Positive
Azerbaijan,"The Resident Coordinator/ Resident Coordinator’s Office (RCO) is responsible to initiate the CF evaluation, designate the Evaluation Manager, support the Evaluation Steering Committee during the various stages of evaluation. Evaluation Manager oversees the whole process, collaborates with UNCT and other partners, ensures quality control, facilitates dissemination, and leads the development of the management response. Evaluation Technical Management Team, comprising current M&E group representatives offer routine technical support to the Evaluation Manager throughout the evaluation.",Azerbaijan.docx,UNCT,0.7717,Positive
Azerbaijan,"Evaluation Steering Committee, comprising Result Group co-chairs, assists the evaluation process, guides the Evaluation Team, facilitates stakeholder consultations, reviews evaluation deliverables, prepares a management response, and ensures dissemination of results. Development Coordination Office (DCO) supports RCO/UNCT, assists in selecting the Evaluation Manager and Team, participates in Evaluation Steering Committee meetings, reviews and approves TOR, oversees evaluation independence and quality, leads dissemination efforts, ensures accountability mechanisms, and synthesizes findings for feedback. Composition of the evaluation team 
The Evaluation Team is made up of an independent external evaluator (a Team Leader) with extensive evaluation expertise and a national evaluator with strong expertise on LNOB and cross-cutting issues.",Azerbaijan.docx,UNCT,0.8176,Positive
Azerbaijan,"The quality of the deliverables will be assessed in reference to the quality assurance checklist of the CF Evaluation Guidelines. The DCO will provide quality assurance and oversight of and throughout the entire evaluation process. DCO will quality assure the evaluation report at the end of the evaluation process to ensure the soundness, usefulness, and evidence-based elements of the final report.",Azerbaijan.docx,DCO,0.875,Positive
Azerbaijan,"The DCO will provide quality assurance and oversight of and throughout the entire evaluation process. DCO will quality assure the evaluation report at the end of the evaluation process to ensure the soundness, usefulness, and evidence-based elements of the final report. Qualification of Evaluation Team
 International Team Leader 
National Team Member 
Application 
Interested candidates shall submit documentations demonstrating why they are the best-suited to carry out the above task.",Azerbaijan.docx,DCO,0.8834,Positive
Azerbaijan,"The key documents will include:
UNSDCF Evaluation Guidelines - Engl - Revised July 2022 
UNEG Norms and Standards (2016) and the UNEG Ethical Guidelines (2020)
UNSDCF Azerbaijan 2021-2025
Joint Work Plans
Annual Results Reports
UNINFO data
Steering Committee meeting reports
CF Result Matrix Monitoring document
Common Country Analysis Documents
Information Management Survey Reports
Socio-Economic Development Strategy of the Republic of Azerbaijan (2022-2026) 
State Programme for the Great Return to the Liberated Territories of the Republic of Azerbaijan (2022-2026). Joint Recovery Needs Assessment
Azerbaijan 2030: National Priorities for Socio-Economic Development 
Evaluation reports (programmes and projects) from UNCT
Other documents as  relevant
Annex 2 Evaluation Design Matrix
This Evaluation Design Matrix has guided the evaluation. It is derived from the criteria and list of questions and assists the evaluation team, the Evaluation Management Team, the Evaluation Steering Committee and the UNCT to understand the main evaluative arguments.",Azerbaijan.docx,UNCT,0.6908,Positive
Azerbaijan,"Joint Recovery Needs Assessment
Azerbaijan 2030: National Priorities for Socio-Economic Development 
Evaluation reports (programmes and projects) from UNCT
Other documents as  relevant
Annex 2 Evaluation Design Matrix
This Evaluation Design Matrix has guided the evaluation. It is derived from the criteria and list of questions and assists the evaluation team, the Evaluation Management Team, the Evaluation Steering Committee and the UNCT to understand the main evaluative arguments. The matrix shows the evaluation criteria and questions, the data collection methods, the sources of information, and the indicators and means of verification, in line with the template provided by the EM.",Azerbaijan.docx,UNCT,-0.4019,Negative
Azerbaijan,"What do you suggest to strengthen the role of the private sector in sustainable development, in collaboration with UN agencies, in the design and implementation of the next UNSDCF? Annex 3.6 Interview Guide for Resident Coordinator and Heads of UN Agencies
Relevance and adaptability
Reflections on the degree of UNSDCF alignment with the country needs, national priorities, the country’s international and regional commitments, including SDGs and programming principles. How dynamic and responsive has the CF been to emerging and unforeseen needs, especially those of the most vulnerable, disadvantaged and marginalized groups?",Azerbaijan.docx,RC,0.4747,Positive
Azerbaijan,"Has it managed to secure national ownership? To what extent did the post reform Resident Coordinator office’s roles and responsibilities enable positive UNCT’s joint convening power and better coherence of the country team? Sustainability
What mechanisms, if any, has the UNSDCF established to ensure socio-political, institutional, financial and environmental sustainability?",Azerbaijan.docx,UNCT,0.9009,Positive
Azerbaijan,"Azerbaijan Youth Strategy 2015-2025  - https://president.az/az/articles/view/14132 
UNSDCF Azerbaijan 2021-2025
Joint Work Plans
Annual Results Reports
UNINFO data
Steering Committee meeting reports
CF Result Matrix Monitoring document
Common Country Analysis Documents
Information Management Survey Reports. Joint Recovery Needs Assessment
Evaluation reports (programmes and projects) from UNCT
UNICEF Country programme document Azerbaijan 2021 – 2025
UNFPA Country Programme document for Azerbaijan 2021 – 2025
UNDP Country programme document for Azerbaijan 2021 - 2025
Guidelines for the Evaluation of the United Nations Sustainable Development Cooperation Framework, United Nations Evaluation Group (UNEG), September 2021. OECD/DAC evaluation principles, guidelines and quality standards.",Azerbaijan.docx,UNCT,0.6808,Positive
Azerbaijan,"2018 OHCHR Guidance on Human Rights-Based Approach to Data. UNSDCF Guidance, UNSDG, 2019
UNSDCF Companion Package, UNSDG, 2020
UNSDG 2021 Management and Accountability Framework of the UN Development and Resident Coordinator System https://unsdg.un.org/resources/management-and-accountability-framework-un-development-and-resident-coordinator-system
Gheorge, C., 2020, Formative Evaluation of the School Readiness Programme, Final Evaluation Report UNICEF Azerbaijan
Republic of Azerbaijan, 2020, Strategy of the Republic of Azerbaijan on Children for 2020-2030
Republic of Azerbaijan, 2020, Action Plan for 2020-2025 for the implementation of the Strategy on Children
Vasseur, T, Aliyeva, S.. 2021, Formative Evaluation of the Project “Modelling Integrated Social Services” 
European Commission, 2021, MULTI-ANNUAL INDICATIVE PROGRAMME (2021-2027) FOR AZERBAIJAN 
Niyazmetov A., 2023, Labor Law and Gender Review, Azerbaijan Rapid Technical Assistance Facility (AZTAF): Strengthening women's human capital for their better labor market outcomes: 2023-2024, ILO (Draft)
Allahverdiyev G., 2023, Mapping social welfare services in the Republic of Azerbaijan, ILO (Draft)
Bajraktari, E., Efendiyev, J., 2021, Nationally appropriate mitigation actions for low carbon end users in Azerbaijan, Terminal Evaluation Report, UNDP Azerbaijan
Hurst F., Nazarov, K., 2022, UNDP GEF Project Conservation and Sustainable Use of Globally Important Agrobiodiversity, Terminal Evaluation Report, UJNDP Azerbaijan 
UNDP Azerbaijan, Evaluation of UNDP/ANAMA Mine Action Projects, 2017 – 2021
Turral , S., Borisova M., Evaluation of the Every Girl Counts Programme (December 2019-October 2023), UNFPA
Calibrate, 2023, Final Evalaution Report EU 4 Gender Equality: Together Against Gender Stereotypes And Gender-Based Violence Programme, UNFPA
Lemke, S., 2023, Assessment report on the effectiveness and efficiency of legal aid mechanisms in the fields of civil law and administrative law for vulnerable groups of the population (in light of UN and Council of Europe standards) 
Annex 9: List of People Met",Azerbaijan.docx,RC,0.5859,Positive
Bosnia,"Annexes	70
Annex 1: UNSDCF BiH (2021-2025) Summary Performance Rating	70
Annex 2: Key developmenta trends in BiH – fact sheet	72
Annex 3: List of Documents	73
Annex 4: Comprehensive Stakeholders Map	78
Annex 5: List of stakeholders participating in the data collection	92
Annex 6: Outcome level indicators framework	96
Annex 7: The Theory of Change	102
Annex 8: UNSDCF Evaluation Matrix	107
Annex 9: Data collection instruments	120
Annex 10: Terms of Reference	134
List of figures
Figure 1: The evaluation process	19
Figure 2: Building evidence for evaluation	22
Figure 3: Achievement of output results under Outcome 1 - By 2025, people benefit from resilient, inclusive and sustainable growth ensured by the convergence of economic development, and Management of environment and cultural resources	44
Figure 4: Achievement of output results under Outcome 2 - By 2025, people benefit from more inclusive and higher quality educational programmes focused on 21st century skills for enhanced employability and well-being	45
Figure 5: Achievement of output results under Outcome 3 - By 2025, people have access to better quality and inclusive health and social protection systems	46
Figure 6: Achievement of output results under Outcome 4 - By 2025, people contribute to, and benefit from more accountable and transparent governance systems that deliver quality public services, and ensure rule of law	47
Figure 7: Achievement of output results under Outcome 5 - By 2025, there is stronger mutual understanding, respect and trust among individuals and communities	47
Figure 8: Distribution of resources	57
Figure 9: Distribution of resources per outcomes	57
Figure 1: Proportion of indicators that meet or exceed minimum requirements	60
Figure 10: Percentage of answers ‘quite a lot’ and ‘very much’ (No=45)	68
Figure 11: Original Theory of Change UNSDCF BiH 2021-2025	113
List of tables
Table 1: Strategic priorities and outcomes in CF 2021-2025	13
Table 2: The stakeholders’ sampling summary	21
Table 3: Methodology of calculation of level of achievement of results at the level of outputs	40
Table 4: Overview of outcome level indicators	42
Table 5: Achievement of results at outcome level measured by achievement of respective outputs	43
Table 6: UNSDCF contribution to the progress toward achievement of SDGs	48
Table 7:  Key fact for Bosnia and Herzegovina	79
Table 8: Summary ToC of UNSDCF BiH 2021-2025	111
Table 9: Theory of change leading to outcomes in four strategic priorities	112
Table 10: The evaluation matrix	116
Executive Summary
Introduction
The evaluation of the United Nations Sustainable Development Cooperation Framework (UNSDCF) in Bosnia and Herzegovina is a critical, independent evaluation required to ensure accountability within the UN system and inform the design of future Cooperation Framework (CF) cycles. This mandatory evaluation of UNSDCF Bosnia and Herzegovina 2021-2025 was commissioned by the UNCT BiH, and conducted by an independent team of evaluators.This final evaluation aims to assess the UNSDCF’s contributions to the country's development results and identify any internal and external gaps and overlaps in implementing the Sustainable Development Goals (SDGs). The key purposes of the UNSDCF evaluation are:
Promoting Learning and Improvement: Enhancing future UNSDCF development outcomes by guiding the next cycle’s planning and decision-making processes and improving UN coordination within the country.",Bosnia.docx,UNCT,0.9929,Positive
Bosnia,"The key purposes of the UNSDCF evaluation are:
Promoting Learning and Improvement: Enhancing future UNSDCF development outcomes by guiding the next cycle’s planning and decision-making processes and improving UN coordination within the country. This involves documenting best practices and lessons learned to benefit not only Bosnia and Herzegovina but also other regions through dissemination by the Development Coordination Office (DCO). Enhancing Accountability: Increasing the accountability of the UNCT to stakeholders by providing an evidence-based assessment of the UNSDCF's impact on national development, thus strengthening the decision-making capacity of national counterparts, donors, and other key stakeholders.",Bosnia.docx,DCO,0.9109,Positive
Bosnia,"This involves documenting best practices and lessons learned to benefit not only Bosnia and Herzegovina but also other regions through dissemination by the Development Coordination Office (DCO). Enhancing Accountability: Increasing the accountability of the UNCT to stakeholders by providing an evidence-based assessment of the UNSDCF's impact on national development, thus strengthening the decision-making capacity of national counterparts, donors, and other key stakeholders. The objectives set for this evaluation are to:
Assess the extent of the UNSDCF’s contribution to Bosnia and Herzegovina’s development results using evidence-based judgments linked to specific evaluation criteria.",Bosnia.docx,UNCT,0.836,Positive
Bosnia,"This evaluation is vital for enhancing the strategic response of the UN to Bosnia and Herzegovina’s developmental priorities and challenges in achieving the 2030 Agenda. UNSDCF BiH 2021-2025
The United Nations Country Team (UNCT) in Bosnia and Herzegovina presently includes eighteen specialized agencies, funds and programmes led by the Resident Coordinator (RC), the designated representative of the UN Secretary-General. The team supports development operations in alignment with international and national priorities, such as the 2030 Agenda for Sustainable Development, the European Commission’s accession guidelines, Bosnia and Herzegovina's socio-economic reforms, and human rights, obligations and commitments.",Bosnia.docx,UNCT,0.8074,Positive
Bosnia,"The team supports development operations in alignment with international and national priorities, such as the 2030 Agenda for Sustainable Development, the European Commission’s accession guidelines, Bosnia and Herzegovina's socio-economic reforms, and human rights, obligations and commitments. The UNCT collaborates extensively with over 250 partners ranging from government bodies to civil society and the private sector, focusing on supporting the country's most vulnerable groups. The current UNSDCF for 2021-2025 was collaboratively designed with local authorities and is based on comprehensive stakeholder consultations.",Bosnia.docx,UNCT,0.6915,Positive
Bosnia,"It aims to achieve strategic outcomes across four priority areas: sustainable growth, inclusive education and health systems, rule of law, and community engagement for social cohesion. The implementation governance structure includes a Steering Committee co-chaired by the UN RC and a local representative, supported by a Programme Management Team (PMT) that handles joint analysis, planning, and the identification of funding sources. The UNSDCF has been implemented through 156 Programmatic interventions.",Bosnia.docx,RC,0.7845,Positive
Bosnia,"The UNSDCF has been implemented through 156 Programmatic interventions. Joint Work Plan’s financial resources were planed to the amount of $509.9m, out of which until presently UNCT mobilized $452.1m. In the CF implementation were engaged 18 UN entities with over 250 partners ranging from local to state level and including governmental, non-governmental, private sector, media and international partners, ensuring comprehensive and context sensitive implementation.",Bosnia.docx,UNCT,0.7003,Positive
Bosnia,"Despite initial funding challenges, the financial gap has significantly decreased, showcasing growing support and investment in meeting the UNSDCF goals. Approach and Methodology of Evaluation
The evaluation of the UNSDCF in Bosnia and Herzegovina adheres to the standards set by the United Nations Development Coordination Office and the United Nations Evaluation Group. The evaluation's methodology is both summative, assessing the results achieved, and formative, offering forward-looking recommendations for the next UNSDCF cycle.",Bosnia.docx,DCO,0.8307,Positive
Bosnia,"This comprehensive evaluation also embeds gender-responsive standards and addresses cross-cutting issues like human rights, gender equality, disability inclusion, and environmental sustainability, as well as programmatic principles. Crosscutting issues within the UNSDCF are being measured through the UNCT accountability scorecards (for gender, youth, disability inclusion while the UNSDCF reports on PSEA and human rights through its Information Management System and annual progress reports. The UNCT has tried to has tried to operationalise these scorecards through the development of dedicated strategies for youth, disability inclusion though its implementation has encountered challenges.",Bosnia.docx,UNCT,0.8934,Positive
Bosnia,"Crosscutting issues within the UNSDCF are being measured through the UNCT accountability scorecards (for gender, youth, disability inclusion while the UNSDCF reports on PSEA and human rights through its Information Management System and annual progress reports. The UNCT has tried to has tried to operationalise these scorecards through the development of dedicated strategies for youth, disability inclusion though its implementation has encountered challenges. The evaluation process was participatory, involving a wide range of stakeholders to ensure inclusivity and empowerment, and employed various innovative methods such as appreciative inquiry to highlight successes, positive deviance to identify effective practices despite challenges, and outcome harvesting to trace changes and their causes.",Bosnia.docx,UNCT,0.9803,Positive
Bosnia,"Introduction
Evaluation of the United Nations Sustainable Development Cooperation Framework (UNSDCF) is a mandatory independent system-wide country evaluation that should ensure accountability, support learning and inform decisions regarding the design of subsequent Cooperation Framework (CF) cycles. The CF evaluation was mandated by the United Nations Country Team (UNCT) in Bosnia and Herzegovina with the aim to systematically assess the contributions of the CF by focusing on achieved development results, as well as internal and external gaps and overlaps in the implementation of the Sustainable Development Goals (SDGs). The UNSDCF is a centerpiece of the UN reform and represents the collective response of the UN to help countries address national priorities and challenges in achieving the 2030 Agenda.",Bosnia.docx,UNCT,0.936,Positive
Bosnia,"Purpose and scope of the evaluation
Besides contributing to the overall goal of enhancing development effectiveness and accountability within the UN system, the UNSDCF evaluation has served two primary purposes:
The promotion of great learning and operational improvement: The purpose is to contribute to enhancing the next UNSDCF’s development outcomes, by (a) informing its next cycle’s  planning and decision-making process and (b) improving the UN coordination within the country. The evaluation will document good practices and lessons learned so it benefits the next UNDSCF cycle’s formulation in Bosnia and Herzegovina and elsewhere through its dissemination through the Development Coordination Office (DCO). Contribute to a greater accountability of the UNCT to UNSDCF stakeholders: Increase the decision-making capacity of national counterparts, donors and other key stakeholders through the provision of an evidence-based assessment of the UNSDCF's contribution to national development results.",Bosnia.docx,DCO,0.9611,Positive
Bosnia,"The evaluation will document good practices and lessons learned so it benefits the next UNDSCF cycle’s formulation in Bosnia and Herzegovina and elsewhere through its dissemination through the Development Coordination Office (DCO). Contribute to a greater accountability of the UNCT to UNSDCF stakeholders: Increase the decision-making capacity of national counterparts, donors and other key stakeholders through the provision of an evidence-based assessment of the UNSDCF's contribution to national development results. The findings, conclusions and recommendations of the evaluation are expected to continue holding the UN Country Team (UNCT) and involved actors accountable in the fulfillment of their roles and commitments.",Bosnia.docx,UNCT,0.8773,Positive
Bosnia,"Contribute to a greater accountability of the UNCT to UNSDCF stakeholders: Increase the decision-making capacity of national counterparts, donors and other key stakeholders through the provision of an evidence-based assessment of the UNSDCF's contribution to national development results. The findings, conclusions and recommendations of the evaluation are expected to continue holding the UN Country Team (UNCT) and involved actors accountable in the fulfillment of their roles and commitments. The objectives have been set as follows:
Assess the extent to which the UNSDCF has contributed to the achievement of the country’s development results.",Bosnia.docx,UNCT,0.6486,Positive
Bosnia,"The evaluation will formulate actionable recommendations that are logically derived from findings and conclusions and that will be used for  the development process of the next UNSDCF cycle. UNSDCF Bosnia and Herzegovina (2021-2025) – main characteristics
The UNCT BiH includes nineteen UN agencies, funds, and programmes: FAO, IFAD, ILO, IOM, ITU, OHCHR, UN Women, UNDP, UNDRR, UNDSS, UNECE, UNEP, UNESCO, UNFPA, UNHCR, UNICEF, UNODC, UNV, and WHO. The UNCT is led by the United Nations Resident Coordinator (RC), the designated representative of the United Nations Secretary-General for development operations in the country.",Bosnia.docx,UNCT,0.6808,Positive
Bosnia,"UNSDCF Bosnia and Herzegovina (2021-2025) – main characteristics
The UNCT BiH includes nineteen UN agencies, funds, and programmes: FAO, IFAD, ILO, IOM, ITU, OHCHR, UN Women, UNDP, UNDRR, UNDSS, UNECE, UNEP, UNESCO, UNFPA, UNHCR, UNICEF, UNODC, UNV, and WHO. The UNCT is led by the United Nations Resident Coordinator (RC), the designated representative of the United Nations Secretary-General for development operations in the country. The UNCT consists of representatives from specialized UN entities that are signatories to the UNSDCF 2021–2025 for BiH.",Bosnia.docx,UNCT,0.6808,Positive
Bosnia,"The UNCT is led by the United Nations Resident Coordinator (RC), the designated representative of the United Nations Secretary-General for development operations in the country. The UNCT consists of representatives from specialized UN entities that are signatories to the UNSDCF 2021–2025 for BiH. These entities carry out operational activities for sustainable development and the implementation of the framework in line with their respective mandates and technical expertise, keeping in mind that some agencies have a mainly or solely normative mandate, while others have also an operational mandate.",Bosnia.docx,UNCT,0.8126,Positive
Bosnia,"The UN in BiH works with more than 250 partners, including authorities in BiH at all levels, international partners, the private sector, academia, civil society and communities across the country, to respond to all its crises, prioritizing those members of the population who are the most vulnerable. The UNSDCF 2021-2025 was designed in cooperation between UNCT BiH and authorities in BiH based on wide consultations with diverse stakeholders and in correspondence with:
the 2030 Agenda for Sustainable Development and selected Sustainable Development Goals (SDGs) and targets that were defined at that time in the emerging SDG Framework in BiH which was adopted in 2021; 
the Action Plan for implementation of priorities from the European Commission Opinion and Analytical Report that was guiding EU accession process at that time;
the Joint Socio-economic Reforms (‘Reform Agenda’) 2019-2022 which aligns reforms programs of entities and state level with recommendations from EU and then emerging SDG framework in BiH, and;
the human rights obligations of BiH based on international treaties to which it is a party. Table 1: Strategic priorities and outcomes in CF 2021-2025
The governance structure of the CF implementation includes CF Steering Committee which is co-chaired by the UN RC and designated coordinating representative of the BiH authorities, and which provides strategic guidance and reviews performance.",Bosnia.docx,UNCT,0.1298,Neutral
Bosnia,"The UNSDCF 2021-2025 was designed in cooperation between UNCT BiH and authorities in BiH based on wide consultations with diverse stakeholders and in correspondence with:
the 2030 Agenda for Sustainable Development and selected Sustainable Development Goals (SDGs) and targets that were defined at that time in the emerging SDG Framework in BiH which was adopted in 2021; 
the Action Plan for implementation of priorities from the European Commission Opinion and Analytical Report that was guiding EU accession process at that time;
the Joint Socio-economic Reforms (‘Reform Agenda’) 2019-2022 which aligns reforms programs of entities and state level with recommendations from EU and then emerging SDG framework in BiH, and;
the human rights obligations of BiH based on international treaties to which it is a party. Table 1: Strategic priorities and outcomes in CF 2021-2025
The governance structure of the CF implementation includes CF Steering Committee which is co-chaired by the UN RC and designated coordinating representative of the BiH authorities, and which provides strategic guidance and reviews performance. Programme Management Team (PMT) monitors achievement of planned results and advises the Steering Committee and UNCT on opportunities and challenges.",Bosnia.docx,RC,0.6808,Positive
Bosnia,"Table 1: Strategic priorities and outcomes in CF 2021-2025
The governance structure of the CF implementation includes CF Steering Committee which is co-chaired by the UN RC and designated coordinating representative of the BiH authorities, and which provides strategic guidance and reviews performance. Programme Management Team (PMT) monitors achievement of planned results and advises the Steering Committee and UNCT on opportunities and challenges. It is a technical coordination mechanism co-chaired by a Head of Agency on rotational basis and the chief of RCO with senior programme staff as members.",Bosnia.docx,UNCT,0.4404,Positive
Bosnia,"It is a technical coordination mechanism co-chaired by a Head of Agency on rotational basis and the chief of RCO with senior programme staff as members. It supports CF implementation by performing five core functions: (1) joint analysis and data collection, (2) annual planning, monitoring and reporting, (3) cross-agency coordination of development activities, (4) identification of joint initiatives and (5) identification of new sources of funding. Implementing partners are diverse stakeholders: relevant authorities in BiH at state, entity/district and local levels, relevant CSOs, international partners and representatives of private sector and academia.",Bosnia.docx,UNCT,0.3612,Positive
Bosnia,"However, due to the data availability, the time scope for the assessment of achievement of results at outcome and output level will mainly cover period 2021-2023. The evaluation has assessed the progress realized at the outcome level (within all five outcomes), under the four Country Framework Priorities, and has more specifically looked at the performance of the UN at the output and sub-output levels, for which the UNCT is accountable. The geographical scope has encompassed the whole of the territory of the Bosnia and Herzegovina, inclusive of the Federation of Bosnia and Herzegovina, the Republika Srpska and the Brcko district, with country mission to several local communities (cities and municipalities of Sarajevo, Banja Luka, Zenica, Bihac) and coverage of some local communities (mostly rural) through online survey.",Bosnia.docx,UNCT,0.4215,Positive
Bosnia,"The geographical scope has encompassed the whole of the territory of the Bosnia and Herzegovina, inclusive of the Federation of Bosnia and Herzegovina, the Republika Srpska and the Brcko district, with country mission to several local communities (cities and municipalities of Sarajevo, Banja Luka, Zenica, Bihac) and coverage of some local communities (mostly rural) through online survey. The primary beneficiaries of the evaluation has included the UN Country Team (UNCT), government entities, civil society organizations, contributing partners, donors and other relevant stakeholders. The academic and research community, the private sector, the media, and the general public will be among the secondary users of this evaluation.",Bosnia.docx,UNCT,0.4215,Positive
Bosnia,"The academic and research community, the private sector, the media, and the general public will be among the secondary users of this evaluation. Evaluation questions and structure of report
The evaluation has organized the data collection and analysis based on the below list of evaluation questions, provided in the Terms of Reference for this evaluation:
The structure of the report is line with the ToRs requirements, as well as with the UNDCO evaluation guidelines. After the introductory, country context and methodology section, it is mainly organised around the findings of the evaluation (organized along evaluation criteria), followed by conclusions and key recommendations.",Bosnia.docx,DCO,0.2732,Positive
Bosnia,"After the introductory, country context and methodology section, it is mainly organised around the findings of the evaluation (organized along evaluation criteria), followed by conclusions and key recommendations. The report also contains annexes as requested by the ToR and CF evaluation report template issued by DCO. Country context
Administrative structure
Bosnia and Herzegovina is an administratively complex state.",Bosnia.docx,DCO,0.0,Neutral
Bosnia,"However, public perception data reflects a long-term feeling that the country is stagnating, with widespread pessimism about the general situation and future expectations. Evaluation Methodology
The evaluation approach and methodology
The proposed evaluation approach for the UNSDCF in Bosnia and Herzegovina adheres to guidelines from the United Nations Development Coordination Office and the United Nations Evaluation Group, aligning with OECD DAC criteria. It focuses on seven criteria: relevance, coherence, coordination, efficiency, effectiveness, orientation towards impact and sustainability.",Bosnia.docx,DCO,0.7269,Positive
Bosnia,"Inception Report was developed, outlining the evaluation methodology, scope, approach, providing stakeholders analysis with sampling plan, data collection instruments, reconstructed ToC and Evaluation Matrix. The Inception Report was cleared by the Evaluation Manager, PMT and DCO. 2.",Bosnia.docx,DCO,0.1027,Neutral
Bosnia,"Sample plan also included representatives of international and bilateral partners. STakeholder mapping and sampling
The stakeholders’ mapping was conducted in cooperation between Evaluation Team (ET) and UNCT. The data collection in country mission was conducted in two rounds: during 26-30 August 2024 and during 9-13 September 2024.",Bosnia.docx,UNCT,0.0,Neutral
Bosnia,"Figure 2: Building evidence for evaluation
3. Synthesis and reporting: This phase was dedicated to deepening the analysis and organizing the findings to prepare the Final Evaluation Report, following the DCO template for evaluation. The report outlined findings, conclusions, and recommendations in a structured manner.",Bosnia.docx,DCO,0.4588,Positive
Bosnia,"These recommendations aimed to facilitate informed decision-making and guide the planning for the next UNSDCF cycle. 4. Review and Validation: The Final Evaluation Report has been shared with UNCT, Evaluation Steering Committee members and other stakeholders as appropriate, whose role is to review and validate the outcomes of the evaluation exercise. This phase includes i) submission of the first draft of the Evaluation Report as per the proposed structure, ii) review of the draft report by UNCT, Government and other key partners, iii) validation workshop, iv) appropriate incorporation of the received feedback, correction of factual inaccuracies and professional editing, all this leading to v) submission of the Final UNSDCF Evaluation Report.",Bosnia.docx,UNCT,0.5994,Positive
Bosnia,"4. Review and Validation: The Final Evaluation Report has been shared with UNCT, Evaluation Steering Committee members and other stakeholders as appropriate, whose role is to review and validate the outcomes of the evaluation exercise. This phase includes i) submission of the first draft of the Evaluation Report as per the proposed structure, ii) review of the draft report by UNCT, Government and other key partners, iii) validation workshop, iv) appropriate incorporation of the received feedback, correction of factual inaccuracies and professional editing, all this leading to v) submission of the Final UNSDCF Evaluation Report. Governance of the evaluation, quality assurance and ethics
An Evaluation Manager, designated by the UNRCO and assisted by a UNRCO staff has been supporting and exchanging with the Evaluation Team throughout the evaluation assignment.",Bosnia.docx,UNCT,0.8481,Positive
Bosnia,"An Evaluation Steering Committee, supported by the RCO, was appointed  to lead the preparation of the management response to the various deliverables and any upcoming issue. The Evaluation Manager (EM) did oversee the entire evaluation process, in close collaboration with the UNCT and other partners. The Evaluation Steering Committee, comprised of PMT members, has assisted in guiding the evaluation process, by facilitatation stakeholder consultations, review evaluation deliverables, prepare  management response, and ensure the dissemination of results.",Bosnia.docx,UNCT,0.5994,Positive
Bosnia,"The Evaluation Manager, assisted by the designated RCO staff has reviewed the quality of the evaluation activities by providing systematic feedback on the various evaluation activities. The PMT and the DCO have been reviewing and providing feedback on the various deliverables produced by the Evaluation Team. Additionally, the Evaluation Team has been mutually reviewing its written deliverables.",Bosnia.docx,DCO,0.0,Neutral
Bosnia,"The UNSDCF has been highly dynamic and responsive in addressing emerging and unforeseen issues, including the needs of the most vulnerable, disadvantaged, and marginalized groups. The UNCT effectively identified, analyzed, and responded to these needs, adjusting the joint workplan and agency programs accordingly to ensure relevance and timely support throughout the implementation phase. Relevance
The UNSDCF 2021-2025 was designed in cooperation between UNCT BiH and authorities in BiH based on wide consultations with diverse stakeholders and in correspondence with:
The 2030 Agenda for Sustainable Development and selected Sustainable Development Goals (SDGs) and targets that were defined at that time in the emerging SDG Framework in BiH which was adopted in 2021; 
The Action Plan for implementation of priorities from the European Commission Opinion and Analytical Report that was guiding EU accession process at that time;
The Joint Socio-economic Reforms (‘Reform Agenda’) 2019-2022 which aligns reforms programs of entities and state level with recommendations from EU and then emerging SDG framework in BiH, and;
The human rights obligations of BiH under the international treaties it is a party to.",Bosnia.docx,UNCT,0.8856,Positive
Bosnia,"The UNCT effectively identified, analyzed, and responded to these needs, adjusting the joint workplan and agency programs accordingly to ensure relevance and timely support throughout the implementation phase. Relevance
The UNSDCF 2021-2025 was designed in cooperation between UNCT BiH and authorities in BiH based on wide consultations with diverse stakeholders and in correspondence with:
The 2030 Agenda for Sustainable Development and selected Sustainable Development Goals (SDGs) and targets that were defined at that time in the emerging SDG Framework in BiH which was adopted in 2021; 
The Action Plan for implementation of priorities from the European Commission Opinion and Analytical Report that was guiding EU accession process at that time;
The Joint Socio-economic Reforms (‘Reform Agenda’) 2019-2022 which aligns reforms programs of entities and state level with recommendations from EU and then emerging SDG framework in BiH, and;
The human rights obligations of BiH under the international treaties it is a party to. The relevance of the UNSDCF in terms of alignment with the country priorities cannot be assessed in a simple manner for several reasons: there is no overarching development plan for BiH; due to the complexity of administration with multilayered governance structures, authorities at different levels might set different priorities; and finally, due to the simultaneous processes (complementary but not identical), related to Agenda 2030 and EU accession, priorities might be shifting along the requirements of EU negotiations.",Bosnia.docx,UNCT,0.5927,Positive
Bosnia,"The Commission adopted its Opinion (Avis) on the EU membership application of the country in May 2019 identifying 14 key priorities for the country to fulfil in view of opening EU accession negotiations. The EU Council endorsed the Opinion and key priorities in December 2019 providing a comprehensive roadmap for deep reforms in the areas of democracy/functionality, the rule of law, fundamental rights and public administration reform. The EU Progress report for BiH 2019 noted many challenges country was facing on the road to gaining candidacy status.",Bosnia.docx,UNCT,0.836,Positive
Bosnia,"Regarding fundamental rights, it was noted that while the legislative and institutional framework largely existed, a comprehensive strategic framework was yet to be adopted. Economically, BiH had made limited progress and remained at an early stage of establishing a functioning market economy, lacking capacities to cope with competitive pressure and market forces within the EU. The overall quality of education was assessed as low, and measures to improve transport and energy infrastructure as insufficient.",Bosnia.docx,UNCT,0.6486,Positive
Bosnia,To what extent has the UNSDCF fostered internal coordination through the promotion of synergies and interlinkages between its interventions? To what extent did the post-reform Resident Coordinator office’s roles and responsibilities enable positive UNCT’s joint convening power and better coherence of the country team? EQ 11: To what extent did the planning and coordination of the UNSDCF (through the Results Groups and other teams and task groups with the RCO support) efficiently contribute to a coherent implementation and to the achievement of indicators' targets (outputs and outcomes)?,Bosnia.docx,UNCT,0.867,Positive
Bosnia,"The UN’s technical expertise, long-term presence, and commitment to impartial SDG advocacy give it a unique comparative advantage over other international stakeholders, fostering government trust and enabling sustained impact, particularly in sensitive areas like transitional justice and social protection. Internal coherence and coordination
Role of RC and RCO
In line with the Resident Coordinator system, which is part of the UN Secretariat since January 2019, the collaboration between UN agencies in BiH is coordinated by RC with support of RC Office (RCO) with the aim to ensure an unified and strategic approach to addressing developmental priorities of the country. UN in BiH has extended RCO, and presence   in Republika Srpska entity (office in Banja Luka).",Bosnia.docx,RC,0.9623,Positive
Bosnia,"UN in BiH has extended RCO, and presence   in Republika Srpska entity (office in Banja Luka). The leadership style of the RC significantly influences inter-agency dynamics, with agencies reportedly preferring a collaborative leadership approach. However, many UN interlocutors emphasize that a major systemic challenge faced by the RC and RCO is the prioritization of individual agency operations and often competition.",Bosnia.docx,RC,0.34,Positive
Bosnia,"The leadership style of the RC significantly influences inter-agency dynamics, with agencies reportedly preferring a collaborative leadership approach. However, many UN interlocutors emphasize that a major systemic challenge faced by the RC and RCO is the prioritization of individual agency operations and often competition. This dynamic creates a divide between well-funded agencies that prefer to manage their own programs and those that benefit more from joint programming.",Bosnia.docx,RC,0.8442,Positive
Bosnia,"As a result, Joint Programming sometimes primarily appears as an artificial endeavour to embody the “ONE UN” approach, where programmatic coherence is less obvious. The RC faces limited formal authority over the agencies, making it difficult to enforce cooperation. The success of coordination relies heavily on the RC’s leadership and personal influence rather than on institutionalized mechanisms.",Bosnia.docx,RC,0.1531,Neutral
Bosnia,"Indeed, an increased coherence of coordination should not translate into more coordination meetings or levels, but rather on decision-supporting or decision-making efficiency, where UN agencies’ senior management are empowered to make recommendations for approval by the Steering Committee (or equivalent body) or make decisions for the UNRCO to manage the dissemination of information. Even though there is a general observations among key stakeholders (donors, institutions, UN staff) that the coherence within the UN has improved (less individual, competitive agency fundraising attitude, more joint initiatives, improved interagency communication and collaborative willingness), the internal coordination and coherence of the UN is still affected by strong remained obstacles, yet to be addressed:
The UNRCO is undermined in its new role, widened under the recent RC reform, but also burdened with additional new global-level policies such as the 6 Transitions. The UNRCO in Bosnia is overwhelmed with implementing these reforms, without the real power to force implementation, and with scarce resources (even though the UNRCO was consolidate in human resources recently).",Bosnia.docx,RC,0.9178,Positive
Bosnia,"If something is not transparent it is sign that the agency is not doing it well and it is not in spirit of UN coordination. It should be expected as joint endeavour.’
(UN interlocutor)
Several informants suggested that the RC would generally benefit from stronger mechanisms to incentivize collaboration between agencies. Currently, many agencies lack sufficient motivation to participate fully in joint programs, leading to fragmented efforts that can undermine the UN’s collective impact.",Bosnia.docx,RC,0.2887,Positive
Bosnia,"They do not have necessarily incentive or are not forced to be embedded in UN coordination. What RC has at disposal is only power of persuasion. That is only thing we have.’ 
(UN interlocutor)
Although the introduction of new core positions with more strategic responsibilities marks a significant step forward, the operational processes remain largely unchanged.",Bosnia.docx,RC,0.2892,Positive
Bosnia,"This situation highlights a critical misalignment between the intent of the organizational enhancements and the reality of daily operations, suggesting that both workload and work practices require significant adjustments to truly support the new structure. Moreover, the role of the Development Coordination Office (DCO) and the continuous production of global agendas and guidance illustrate another layer of complexity. These global directives, which often originate from the RCO rather than from the agencies' global or regional levels, are not effectively translated to the country level.",Bosnia.docx,DCO,0.4007,Positive
Bosnia,"These global directives, which often originate from the RCO rather than from the agencies' global or regional levels, are not effectively translated to the country level. The lack of new skill sets, funding, and centralized guidelines adds to the challenges, creating a scenario where staff are not only overwhelmed by the demands but also lack the necessary resources to effectively support the UNCT. In addition to the institutional weaknesses embedded in the RCO, there are challenges related to the decreased funding during last couple of years, mainly because donors were reducing.",Bosnia.docx,UNCT,-0.7172,Negative
Bosnia,"Furthermore, since 2023 there is no communication officer as this position was frozen. The RC does not have driver but has to rent it from UNDP. Even if, as the evaluation understands, the situation has improved recently, some of the core staff covers multiple positions as position of head of office is presently vacant.",Bosnia.docx,RC,0.5499,Positive
Bosnia,"Entire budget coordination is 70,000 dollars and will be reduced to 20,000, in addition to the fact that agencies do not have systematically financial resources to cover coordination To sum up, the lack of adaptation in operational procedures, coupled with ongoing funding reductions and resource constraints, severely impacts the effectiveness of the RCO in fulfilling its enhanced roles and responding to the unique challenges at the country level. Evidence from the evaluation points to the high importance of leadership style of RC in such under-institutionalized coordination context. Various UN interlocutors indicated that they would appreciate ‘softer’ coordination.",Bosnia.docx,RC,0.0516,Neutral
Bosnia,"Various UN interlocutors indicated that they would appreciate ‘softer’ coordination. However, many external stakeholders appreciated increased cooperation between agencies and more joint work that is done with current RC leadership. The case of close coordination and collaborate that has driven the gender accelerate, that also have been a driver of impact, indicatesjoint UN interventions can benefit from soft and smooth collaboration.",Bosnia.docx,RC,0.8779,Positive
Bosnia,"The coordination of UNSDCF implementation is done through several mechanisms: Joint Steering Committee, Programme Management Team (PMT), result groups, thematic groups, specific task forces/groups. The Joint Steering Committee (JSC) is co-chaired by the RC and Minister of Finance and Treasury of Bosnia and Herzegovina. The Committee includes representatives of government at state, entity and Brcko district levels and representatives of UN.",Bosnia.docx,RC,0.2023,Positive
Bosnia,"There is a proposal to include representatives from the cantons on the JSC, which has faced resistance from other stakeholders. The PMT supports the UN Country Team in the technical implementation and operationalization of the UNSDCF. It is responsible for preparing the Joint Work Plans, annual updates, and the annual reports, as well as updating UN Info and providing other technical support or advice.",Bosnia.docx,UNCT,0.8225,Positive
Bosnia,Result Group 4 aims to strategically foster social cohesion by identifying and implementing joint approaches within the Cooperation Framework (corresponding to outcome 5). The PMT is understood to have been established to remedy the RGs’ineffectiveness and the limited availability of senior agency staff to cover the work of the various results groups established by the UNCT. Equally RGs are understood to have been established strictly by UNDCO instruction.,Bosnia.docx,UNCT,-0.2263,Negative
Bosnia,"The PMT is understood to have been established to remedy the RGs’ineffectiveness and the limited availability of senior agency staff to cover the work of the various results groups established by the UNCT. Equally RGs are understood to have been established strictly by UNDCO instruction. Interviewed heads and senior agency staff have consistently underlined the lack of concrete outcomes from RGs, hence as a major obstacle to serving a concrete purpose.",Bosnia.docx,DCO,-0.6908,Negative
Bosnia,"This area has been identified as a priority, emphasizing the need for continuous focus and improvement. The RC has emerged as a champion of Gender Equality, with the cooperation between the RC and the GTG proving to be highly effective. This partnership has been instrumental in driving forward the gender agenda, ensuring that gender considerations are integrated across all aspects of program implementation and reporting.",Bosnia.docx,RC,0.908,Positive
Bosnia,"This partnership has been instrumental in driving forward the gender agenda, ensuring that gender considerations are integrated across all aspects of program implementation and reporting. The strong alliance between the RC and the GTG underscores the commitment to advancing gender equality within the UN’s framework in Bosnia and Herzegovina. The GTG coordinates strategic initiatives, such as translating the SWAP into actionable gender mainstreaming action plans, and measures accountability for GEWE across the UN.",Bosnia.docx,RC,0.7906,Positive
Bosnia,"The GTG serves as a vital platform for obtaining inputs from colleagues across the UN system, ensuring that a wide range of perspectives are considered in shaping these important campaigns. Additionally, the Gender Induction Package, another significant accomplishment of the GTG, was developed through joint efforts and subsequently endorsed by the UNCT. The UN Communication Group is responsible for developing and implementing a comprehensive communication strategy that includes planning major UN events and designing campaigns aligned with both joint and individual agency activities.",Bosnia.docx,UNCT,0.8807,Positive
Bosnia,"This group meets bi-monthly to monitor and reflect on the implementation of an annual work plan, ensuring that all communications effectively promote the ""One UN voice"" principle and support the overarching goals of the UNSDCF. Lately, the major gap in functioning of the joint communication is the lack of full-time communication officer at RCO due to the hire freeze. The communication officers of the agencies support RCO in that function and a communication person engaged with UN Volunteer contract has been filling the gap, but this set up creates additional pressure on communication staff and does not provide full capacity of RCO to perform its ‘One UN Voice’ role.",Bosnia.docx,UNCT,0.7311,Positive
Bosnia,"Lately, the major gap in functioning of the joint communication is the lack of full-time communication officer at RCO due to the hire freeze. The communication officers of the agencies support RCO in that function and a communication person engaged with UN Volunteer contract has been filling the gap, but this set up creates additional pressure on communication staff and does not provide full capacity of RCO to perform its ‘One UN Voice’ role. The Comms group did not participate in the design of the current CF, but its plans and activities have been synchronized with CF priorities and implementation milestones.",Bosnia.docx,UNCT,0.25,Positive
Bosnia,"Usual practices of aligning communication of individual agencies and joint communication, as well as communication activities with programming,  are fragmentary and often ad hoc and adjustment between plans and capacities of agencies pose challenges. ‘RC leads work plan in terms of communication in line with UN One. Some events are picked, campaigns, SDG week or other and it is planned One UN approach in that communication.",Bosnia.docx,RC,0.34,Positive
Bosnia,"One of the strategies used in support to fundraising was the ‘Thank you’ campaign to donors, containing visuals with donors contributions to UN work based on information from UN Info. Sometimes there is no sufficient communication between Comms Group and UNCT on more strategic level. For example, the Comms Group was not informed about EU-UN dialogue and did not adjust Communication Strategy to joint EU-UN advocacy.",Bosnia.docx,UNCT,0.128,Neutral
Bosnia,"For example, the Youth Engagement Group, initially established as the Youth Task Force in 2016, focuses on programming related to youth empowerment, aiming to develop flagship UN programs for youth. Group utilizes tools like the Youth Scorecard to measure progress in youth-related areas and have contributed to havea Youth Advisory Board  (established by UNCT) to incorporate diverse youth perspectives into the UNSDCF. The group works on integrating youth perspectives across UN programs, ensuring that youth issues are either a cross-cutting element or a standalone outcome in strategic planning.",Bosnia.docx,UNCT,0.8689,Positive
Bosnia,"The Peacebuilding Fund (PBF) in Bosnia and Herzegovina is a pivotal resource for initiatives aimed at enhancing social cohesion, fostering dialogue, and promoting stability, addressing the lingering effects of past conflicts as well as present social challenges. Bosnia and Herzegovina, one of the few European countries eligible for PBF support, secured this eligibility through a joint effort by the UNCT, which collectively funded essential context and conflict analyses. These efforts highlighted the UN’s shared commitment to social cohesion and demonstrated the ongoing need for reconciliation and resilience-building, even decades after the war.",Bosnia.docx,UNCT,0.6705,Positive
Bosnia,"A notable aspect of PBF programming is its focus on reducing hate speech and fostering tolerance through educational initiatives that emphasize shared values and peaceful coexistence. This work, coordinated through the Resident Coordinator, is implemented by multiple UN agencies, such as UNESCO, IOM, UN Women, UNFPA and UNDP, each contributing their expertise. Programs like Dialogue for the Future, funded by Italy, illustrate the value of this collaboration, as they promote social services, peacebuilding, and hate speech prevention, aligning with both the UNSDCF and the country’s EU accession priorities.",Bosnia.docx,RC,0.8225,Positive
Bosnia,"Programs like Dialogue for the Future, funded by Italy, illustrate the value of this collaboration, as they promote social services, peacebuilding, and hate speech prevention, aligning with both the UNSDCF and the country’s EU accession priorities. Through these coordinated efforts, the UNCT strengthens local institutions' capacities to manage conflicts and implement peace-supporting policies, creating a foundation for lasting stability. This joint approach not only showcases the collective impact of the UN’s work but also highlights the strategic alignment of PBF-funded projects with Bosnia’s key EU negotiation priorities, ensuring that peacebuilding and governance are integral to the country’s path forward.",Bosnia.docx,UNCT,0.6542,Positive
Bosnia,"Since the BiH gain EU candidate status, the most central external coordination became one between EU and UN. The UN-EU dialogue was initiated in early 2024 and led by the UN RC and the EU ambassador. The process is perceived as a well-structured and inclusive process by both UN and EU stakeholders.",Bosnia.docx,RC,0.5267,Positive
Bosnia,"‘The strategic dialogue between the EU and the UN is crucial for us, initiated by leadership from both the European Union and the United Nations. This collaboration encompasses six key transitions, which align closely with our own (UNCT) priorities. The significance of this alignment cannot be overstated, as the objectives outlined in the growth plan closely mirror our and country’s goals.",Bosnia.docx,UNCT,0.7579,Positive
Bosnia,"The EU integration process is inherently political, influenced heavily by major players such as the USA and the EU.’ 
(UN representative)
Shift towards stronger focus on EU accession agenda aligns with broader goals to enhance the UN’s standing in Bosnia and Herzegovina, bolstered by engagement with partners such as the World Bank and other international financial institutions (IFIs), who are focusing on ambitious targets, particularly in employment and social protection accelerators. The UN RC involvement has been pivotal in these coordination efforts. Additionally, a newly developed health coordination platform, which includes the UN, Development Banks (World Bank, EIB, CoE DB), and bilaterals (Swiss, USAID, UK, Croatia, Slovenia, Germany, Austria, Japan, China, EUD) demonstrates an emerging model of collaboration, with WHO and the World Bank co-chairing the mechanism.",Bosnia.docx,RC,0.8271,Positive
Bosnia,"This comprehensive approach over the three years demonstrated a strong commitment to building an inclusive, engaged, and resilient society in Bosnia and Herzegovina, aligning local progress with global development goals. Figure 7: Achievement of output results under Outcome 5 - By 2025, there is stronger mutual understanding, respect and trust among individuals and communities
Global SDG output indicators
As per the UNSDG Output Indicator Framework Implementation Guide, UNCTs should integrate a minimum of 15 UNSDG output indicators and as many as are relevant to their national context into JWPs. According to the 2023 data analysis generated from UNINFO, there are 16 SDG output indicators integrated in JWPs.",Bosnia.docx,UNCT,0.9657,Positive
Bosnia,"They argue that human rights considerations have not been sufficiently integrated across programmatic areas. A key factor contributing to this situation is the closure of the OHCHR office in 2007, a decision made by OHCHR Headquarters, after which the Resident Coordinator announced that the office was no longer necessary. Additionally, the absence of a dedicated Human Rights Advisor is seen as a significant gap, leading to a less-than-optimal inclusion of human rights perspectives in the Common Country Analysis (CCA).",Bosnia.docx,RC,0.0516,Neutral
Bosnia,"Gender Equality
External stakeholders greatly appreciate the UN agencies' commitment to gender mainstreaming and their focus on GEWE in projects implemented through the CF. The Resident Coordinator's support for gender equality themes and institutions within the country has been highly valued. It was particularly commended that the RC consistently advocates for GEWE issues, not only during events specifically dedicated to these topics but also by seizing every opportunity to highlight the importance of gender equality and women's empowerment in her public appearances.",Bosnia.docx,RC,0.9577,Positive
Bosnia,"The Resident Coordinator's support for gender equality themes and institutions within the country has been highly valued. It was particularly commended that the RC consistently advocates for GEWE issues, not only during events specifically dedicated to these topics but also by seizing every opportunity to highlight the importance of gender equality and women's empowerment in her public appearances. Particularly good cooperation with UN Women was emphasized, and the contribution of this UN agency was multiple times emphasized as crucial for many GEWE challenges country has been facing.",Bosnia.docx,RC,0.9676,Positive
Bosnia,"Their involvement is a critical indicator of the growing awareness and advocacy against gender-based violence (GBV). The Resident Coordinator (RC) has been particularly visible during the 16 Days of Activism against Gender-Based Violence and on other occasions, leveraging the comparative advantages of the UN system to address these complex issues. Vulnerable Groups
The UN initiatives included targeted efforts to support marginalized groups, including Roma communities and persons with disabilities.",Bosnia.docx,RC,-0.7579,Negative
Bosnia,"There was a notable focus on making educational and other services more accessible to children and adults with disabilities. This included reforms in child disability assessment processes, emphasizing functional over medical assessments. The UN actively supported migrants and refugees, providing them with essential services, integration support, and legal assistance.",Bosnia.docx,UNCT,0.7783,Positive
Bosnia,"Both instruments have strengthened the coherence of fundraising efforts of the UN-BiH parternship in front of donors such as the EU. The Resource Mobilisation Strategy (RMS), adopted late in the UNCT cycle (12 January 2023) -  aimed at supporting the UNCT’s common fundraising effort. It is primarily a guiding document that recalls important principles of the ONE UN approach.",Bosnia.docx,UNCT,0.7579,Positive
Bosnia,"The OMT Results Grouphas been consistently working on achieving the greatest level of coherence in the administrative and financial transactions processes and also trying to group purchases when it comes to managing project procurement. In terms of office infrastructure, the regrouping of several (but not all) UN agencies under the single roof of the UN house has allowed to realise substantial scale economy savings by mutualizing the various functioning costs of agencies, for instance, for the security and the energy costs of the UN building. The Joint Work Plans of the UNSDCF have also provided an overview of all annual UN activities, allowing to identify projects focusing on similar thematic or geographic areas, and thus to pinpoint opportunities for interaction or mutualizing  activities or processes.",Bosnia.docx,UNCT,0.9022,Positive
Bosnia,"The clear expectation, as expressed by interviewed donors, for UN agencies to approachi them as ONE UN, should, in principle, stimulate joint project design in  more systematic manner., and implicitly, reduce the transactions costs of joint interventions. However, the internal UNCT policy, limiting the number of agencies to apply for JP to 3, reduces the opportunity for agencies that are not part of the individual fundraising discussion for each joint programme to fundraise. The EU/UN strategic dialogue may positively impact the transaction costs and duplication of efforts throughout the preparation of the UNSDCF by utilizing the existing formal and informal consultation platforms and processes and a joint UNCT engagement to prioritization of activities under the UNSDCF.",Bosnia.docx,UNCT,0.9386,Positive
Bosnia,"However, the internal UNCT policy, limiting the number of agencies to apply for JP to 3, reduces the opportunity for agencies that are not part of the individual fundraising discussion for each joint programme to fundraise. The EU/UN strategic dialogue may positively impact the transaction costs and duplication of efforts throughout the preparation of the UNSDCF by utilizing the existing formal and informal consultation platforms and processes and a joint UNCT engagement to prioritization of activities under the UNSDCF. In principle, a reinforced ONE UN enjoying a redefined, clearer role of the UN, based on its mandates, expertise and functions, will contribute to reduce transaction costs.",Bosnia.docx,UNCT,0.9375,Positive
Bosnia,"The EU/UN strategic dialogue may positively impact the transaction costs and duplication of efforts throughout the preparation of the UNSDCF by utilizing the existing formal and informal consultation platforms and processes and a joint UNCT engagement to prioritization of activities under the UNSDCF. In principle, a reinforced ONE UN enjoying a redefined, clearer role of the UN, based on its mandates, expertise and functions, will contribute to reduce transaction costs. CSO: Agencies have different procedures requiring CSO to dedicate time and efforts in adjusting to the different rules.",Bosnia.docx,UNCT,0.8689,Positive
Bosnia,"The UNSDCF design and implementation incorporated various standards related to human rights, gender equality, youth inclusion and disability inclusion. Building on the main ideas and actions outlined in the UN Secretary Generla’s Data Strategy and vision for the future of global cooperation (Our Common Agenda), the UN Disability Inclusion Strategy, UN Youth Strategy and criteria defined by SWAP Gender Equality Scorecard, the UNCT in BiH developed and endorsed the UN BiH Youth Strategy, UN BiH Disability Inclusion Strategy and UN BiH Data strategy which have been implemented. The UN Team commitment to gender mainstreaming, youth and disability was also further strengthened.",Bosnia.docx,UNCT,0.8126,Positive
Bosnia,"Their involvement is a critical indicator of the growing awareness and advocacy against gender-based violence (GBV). The Resident Coordinator (RC) has been particularly visible during the 16 Days of Activism against Gender-Based Violence and on other occasions, leveraging the comparative advantages of the UN system to address these complex issues. The engagement with governmental bodies to advocate for policy and legal reforms was crucial.",Bosnia.docx,RC,-0.5859,Negative
Bosnia,"just green transition, good governance, digitalization). The dynamic and responsive nature of the UNSDCF has allowed the UNCT to address emerging and unforeseen challenges efficiently, ensuring that the initiatives remain relevant, and that support is provided in a timely manner to the most disadvantaged and marginalized groups. CONCLUSION 2 (CC): The UNSDCF in Bosnia and Herzegovina has significantly enhanced inter-agency collaboration, overcoming longstanding issues of fragmentation through pivotal coordination mechanisms like the Joint Steering Committee, PMT, result groups and specialized thematic groups.",Bosnia.docx,UNCT,0.9233,Positive
Bosnia,"Coordination between agenies in response to migration should be used as good example that can be replicated in other intervention areas, particularly when geographical concentration of interventions is key to leverage the changes in certain regions and thematic areas. Annexes
Annex 1: UNSDCF BiH (2021-2025) Summary Performance Rating
Annex 2: Key developmenta trends in BiH – fact sheet
 Table 7:  Key fact for Bosnia and Herzegovina
Annex 3: List of Documents
Annex 4: Comprehensive Stakeholders Map
Annex 5: List of stakeholders participating in the data collection
Annex 6: Outcome level indicators framework
Outcome 1: By 2025, people benefit from resilient, inclusive and sustainable growth ensured by the convergence of economic development and management of the environment and cultural resources
Outcome 2: By 2025, people benefit from more inclusive and higher quality educational programmes focused on 21st century skills for enhanced employability and well-being
Outcome 3: By 2025, people have access to better quality and inclusive health and social protection systems
Outcome 4: By 2025, people contribute to, and benefit from more accountable and transparent governance systems that deliver quality public services, and ensure rule of law
Outcome 5: By 2025, there is stronger mutual understanding, respect and trust among individuals and communities
Annex 7: The Theory of Change
Presentation of original UNSDCF Theory of Change
The Theory of Change (ToC) of UNSDCF BiH 2021-2025 was based on the country-wide vision for sustainable development that was still in draft during the designing phase of CF, but was developed in partnership between UNCT and authorities at different levels, incorporating views of different stakeholders and groups of population expressed during extensive consultations. While SDG framework makes the main foundation for the envisioning the development of the country, the ToC has also taken into consideration priorities associated with the process of EU integration as well as international obligations steaming from key conventions BiH has ratified and transposed into domestic legal frameworks.",Bosnia.docx,UNCT,0.9712,Positive
Bosnia,"At the time of adopting the UNSDCF, BiH lacked a comprehensive development plan or strategy, as the SDG framework for BiH was still in development and the country's developmental priorities were only partially articulated in the reform agenda. In the absence of a state development policy, the UNCT heavily relied on the Agenda 2030 as a relevant development framework. They designed priorities in collaboration with country partners, considering stakeholders' needs expressed during extensive consultations and incorporating recommendations from the previous CF.",Bosnia.docx,UNCT,0.25,Positive
Bosnia,"The ToC logic proved as effective by both logical chain and flexibility to accommodate challenges that were brought by COVID-19 pandemic, conflicts in the broader region, internal political turbulences but also positive circumstances, such was reaching the EU member candidate status. As explained by some of the PMF members, the UNCT has developed high capacities to set the CF in the way that enables programmatic flexibility without changing key elements of result framework, since the country context is marked by high complexity of stakeholders and high risks of shifting powers and preferences for priorities and cooperation among governmental stakeholders. During the design of CF there was strong awareness in UNCT that it is crucial to have at the same time clear priorities and good chain of logic, but with significant portion of flexibility and adaptability.",Bosnia.docx,UNCT,0.9791,Positive
Bosnia,"As explained by some of the PMF members, the UNCT has developed high capacities to set the CF in the way that enables programmatic flexibility without changing key elements of result framework, since the country context is marked by high complexity of stakeholders and high risks of shifting powers and preferences for priorities and cooperation among governmental stakeholders. During the design of CF there was strong awareness in UNCT that it is crucial to have at the same time clear priorities and good chain of logic, but with significant portion of flexibility and adaptability. Due to these principles, the implementation of CF during 2021-2024 was possible without changing the result framework in order to adjust to the new circumstances and to accommodate newly emerging needs and priorities.",Bosnia.docx,UNCT,0.8537,Positive
Bosnia,"Due to these principles, the implementation of CF during 2021-2024 was possible without changing the result framework in order to adjust to the new circumstances and to accommodate newly emerging needs and priorities. Annex 8: UNSDCF Evaluation Matrix 
The UNSDCF Final Evaluation Design Matrix is based on the United Nations Development Coordination Office/ United Nations Evaluations Group Guidelines for the Evaluation of the UN Sustainable Development Cooperation Frameworks, which was broadly designed in line with the core questions and specific questions defined in the boxes below are based on the Guidelines as well as the questions proposed in the Evaluation Terms of Reference. The Evaluation Design Matrix is also based on an in-depth discussion with UN PMT and guidance from UN DCO.",Bosnia.docx,DCO,0.7717,Positive
Bosnia,"Annex 8: UNSDCF Evaluation Matrix 
The UNSDCF Final Evaluation Design Matrix is based on the United Nations Development Coordination Office/ United Nations Evaluations Group Guidelines for the Evaluation of the UN Sustainable Development Cooperation Frameworks, which was broadly designed in line with the core questions and specific questions defined in the boxes below are based on the Guidelines as well as the questions proposed in the Evaluation Terms of Reference. The Evaluation Design Matrix is also based on an in-depth discussion with UN PMT and guidance from UN DCO. For each of the core evaluation questions, the FE team proposed a set of specific questions, judgment criteria and indicators, data collection methods and data sources.",Bosnia.docx,DCO,0.7717,Positive
Bosnia,"Obviously, the formulation of the questions will be adjusted to the type of stakeholders as well as the flow of the conversation to ensure evaluators are correctly understood. INTERVIEW GUIDELINES FOR UNCT
CRITERION 1: RELEVANCE AND ADAPTABILITY
Core Question 
Is the UNSDCF doing the right things and adapted well to emerging needs? How does UNSDCF implementation adapted to changing context?",Bosnia.docx,UNCT,0.7319,Positive
Bosnia,"If any, what have been the negative and unplanned external developments affecting the achievement of the UNSDCF outcomes? What have been the UNCT and Agencies’ responses/measures to those developments? If any, what have been the external positive effects that did contribute to the achievement/ of the UNSDCF outcomes?",Bosnia.docx,UNCT,-0.163,Neutral
Bosnia,"Were resources effectively reallocated according to the collective priorities and changing needs whenever necessary? To what extent have the recommendations/action plan of the UNCT SWAP, Gender Scorecard, Disability Inclusion Scorecard and Youth Scorecard assessments been integrated in the design of the UNSDCF strategies and results frameworks? Have the strategies and framework included disaggregated data and budget allocation tracking mechanisms under UNSDCF for mainstreaming these crosscutting issues?",Bosnia.docx,UNCT,0.533,Positive
Bosnia,"Interview Questions
How much have the existing (internal and external to the UN) coordination and collaboration mechanisms been adequate to ensuring alignment of results, coherence, effectiveness and efficiency in delivering, monitoring, planning and reporting on results? How much have the various UN agencies been contributing to the effective functioning and consolidation of UNCT coordination mechanisms in adherence to the spirit of the UN reform? To what extent has the RC’s office ensured unbiased coordination with other UN agencies, including in situations of potential overlaps, while maintaining coherence among the mandates of the various agencies?",Bosnia.docx,UNCT,0.867,Positive
Bosnia,"To what extent does the UNSDCF fully embody and fulfill the interests, priorities and mandates of individual UN agencies in Bosnia and Herzegovina? How successful was the UNCT and RCO in coordinating responses to national, regional and global emerging issues during the UNSDCF implementation? CRITERION 6: ORIENTATION TOWARDS IMPACT
Core question
What difference do UNSDCF interventions make?",Bosnia.docx,UNCT,0.8592,Positive
Bosnia,"Do you believe that implementing the ""One UN voice"" principle could enhance UN coherence and results in Bosnia and Herzegovina? How effective has the UN Country Team (UNCT) in Bosnia and Herzegovina been in communicating results under the UNSDCF? Can you share examples of significant communication activities implemented within the context of the UNSDCF?",Bosnia.docx,UNCT,0.7677,Positive
Bosnia,"How coherent have UN Agencies been in conveying key advocacy messages, related to UNSDCF objectives? Were the communication channels between UN Agencies functioning effectively? What are your recommendations for improving internal communication, and facilitating information-sharing among UN Agencies and employees?",Bosnia.docx,UNCT,0.7383,Positive
Bosnia,"The evaluation's design and execution will adhere to the Guidelines for the Evaluation of the United Nations Sustainable Development Cooperation Framework. The primary stakeholders of the UNSDCF Evaluation include the UN Country Team (UNCT), particularly those responsible for formulating programmatic activities under the upcoming UNSDCF cycle, authorities in BiH, other development partners, and the broader public. II.",Bosnia.docx,UNCT,0.6573,Positive
Bosnia,"The adoption of the SDG Framework in 2021 put in place a countrywide framework that can guide development and sectoral strategies at all levels of government and defines specific measures and activities that directly contribute to the implementation of Agenda 2030. Eighteen UN agencies, funds, and programmes comprise the United Nations Country Team (UNCT) in BiH: FAO, IFAD, ILO, IOM, ITU, UN Women, UNICEF, UNDP, UNECE, UNESCO, UNEP, OHCHR, UNHCR, UNDRR, UNODC, UNFPA, and WHO. The UNCT is led by the United Nations Resident Coordinator (RC), the designated representative of the United Nations Secretary-General for development operations in the country.",Bosnia.docx,UNCT,0.8126,Positive
Bosnia,"Eighteen UN agencies, funds, and programmes comprise the United Nations Country Team (UNCT) in BiH: FAO, IFAD, ILO, IOM, ITU, UN Women, UNICEF, UNDP, UNECE, UNESCO, UNEP, OHCHR, UNHCR, UNDRR, UNODC, UNFPA, and WHO. The UNCT is led by the United Nations Resident Coordinator (RC), the designated representative of the United Nations Secretary-General for development operations in the country. The UNCT consists of representatives from specialised UN entities that are signatories to the UNSDCF 2021–2025 for BiH.",Bosnia.docx,UNCT,0.8126,Positive
Bosnia,"The UNCT is led by the United Nations Resident Coordinator (RC), the designated representative of the United Nations Secretary-General for development operations in the country. The UNCT consists of representatives from specialised UN entities that are signatories to the UNSDCF 2021–2025 for BiH. These entities carry out operational activities for sustainable development and the implementation of the framework in line with their normative mandates and technical expertise.",Bosnia.docx,UNCT,0.6808,Positive
Bosnia,"Purpose and objective 
The UNSDCF evaluation serves two primary purposes, each aligned with the overall goal of enhancing development effectiveness and accountability within the UN system: 
Promote greater learning and operational improvement: By informing the planning and decision-making processes for the next UNSDCF programme cycle and improving UN coordination within the country, the evaluation contributes to enhanced development outcomes. Furthermore, the documentation of good practices and lessons learned from the evaluation process can be shared with the Development Coordination Office (DCO) and utilised for the benefit of other countries. Support greater accountability of the UNCT to UNSDCF stakeholders: By providing evidence-based judgments on the UNSDCF's contribution to national development results, the evaluation empowers stakeholders, including national counterparts and donors, to hold the UN Country Team (UNCT) and other involved parties accountable for fulfilling their roles and commitments.",Bosnia.docx,DCO,0.9766,Positive
Bosnia,"Furthermore, the documentation of good practices and lessons learned from the evaluation process can be shared with the Development Coordination Office (DCO) and utilised for the benefit of other countries. Support greater accountability of the UNCT to UNSDCF stakeholders: By providing evidence-based judgments on the UNSDCF's contribution to national development results, the evaluation empowers stakeholders, including national counterparts and donors, to hold the UN Country Team (UNCT) and other involved parties accountable for fulfilling their roles and commitments. The objectives of the evaluation are designed to fulfil these purposes effectively: 
Assess the contribution of the UNSDCF to national development results: Through evidence-based judgments utilising evaluation criteria, this objective aims to ensure accountability by evaluating the UNSDCF's impact on national development outcomes.",Bosnia.docx,UNCT,0.9648,Positive
Bosnia,"The evaluation will cover the entire geographical area of BiH, with specific locations for data collection to be agreed upon during the inception phase. Primary beneficiaries of this evaluation will include stakeholders actively involved in UNSDCF implementation, such as the UN Country Team (UNCT), government entities, civil society organisations, contributing partners, and other relevant stakeholders. Secondary users will include a broader audience comprising the academic and research community, the private sector, the media, and the general public.",Bosnia.docx,UNCT,0.7351,Positive
Bosnia,"Secondary users will include a broader audience comprising the academic and research community, the private sector, the media, and the general public. The evaluation will comprehensively assess the UNSDCF 2021-2025 as a whole, examining the contributions of all sub-outputs by the UNCT. It will also analyse cross-cutting issues and global UN programming principles, including leaving no one behind (LNOB), human rights, gender equality and women's empowerment, disability inclusion, environmental sustainability and resilience, and accountability.",Bosnia.docx,UNCT,-0.296,Negative
Bosnia,"4 
Additionally, the evaluation will consider emerging issues such as the impact of the COVID-19 pandemic, the conflict in Ukraine, and the emergence of new multilateral donors like the Joint SDG Fund. It will focus on the UNCT's response, adaptation, and reprioritisation in light of these challenges, as well as operational aspects such as stakeholder participation and inclusiveness. While the evaluation will not assess individual programs or activities of UN agencies, the evaluation team may recommend specific thematic areas for further review, if deemed necessary, following consultations with stakeholders.",Bosnia.docx,UNCT,0.6249,Positive
Panama,"Lecciones aprendidas, buenas prácticas y desafíos  ................................ ..........................  100 
9.1 Buenas prácticas  ................................ ................................ ................................ ................................ ...............  100 
9.2 Lecciones aprendidas ................................ ................................ ................................ ................................ ........  102 
Bibliografía  ................................ ................................ ................................ ................................  105 
10. Anexos  ................................ ................................ ................................ ...............................  108 
10.1 Término de Referencia  ................................ ................................ ................................ ................................ ..... 108 
10.2 Integración de los grupos de resultado  ................................ ................................ ................................ ............  111 
10.3 Listado de personas consultadas  ................................ ................................ ................................ ......................  113 
10.4 Descripción del Trabajo de Campo Presencial en Panamá  ................................ ................................ ...............  117 
10.5 Instrumentos de utilizados en la evaluación  ................................ ................................ ................................ .... 129 
10.6 Aportes de los Talleres de Consulta  ................................ ................................ ................................ ..................  139 
10.7 Resultados 2023 por área de impactos  ................................ ................................ ................................ ............  141 
10.8 Matriz de Evaluación del Marco de Cooperación  ................................ ................................ .............................  144 
10.9 Matriz de Marco de Cooperación  ................................ ................................ ................................ .....................  155 
10.10  Indicadores Producto Marco de Cooperación  ................................ ................................ ................................ .. 167 
10.11  Fondos ejecutados y requeridos por Grupo de Resultados (2021 a 2024)  ................................ .......................  175 
 
3 
  
Lista acrónimos y abreviaturas  
ACNUDH  Alto Comisionado de las Naciones Unidas para los Derechos Humanos  
ACNUR  Alto Comisionado de las Naciones Unidas para los Refugiados  
CCA Análisis común  de País (por sus siglas en inglés)  
CG Contraparte/s Gubernamental/es  
CRLAH  Centro Logístico Regional de Asistencia Humanitaria  
ETRM Estación Temporal de Recepción de Migrantes  
FAO  Organización de las Naciones Unidas para la Alimentación y la Agricultura (por sus siglas en inglés)  
GR Grupo de Resultado  
INADEH  Instituto Nacional de Formación  y Capacitación para el Desarrollo Humano  
INAMU  Instituto Nacional de la Mujer  (actual Ministerio de la Mujer)  
INEC  Instituto Nacional de Estadísticas y Censo  
MEDUCA  Ministerio de Educación  
MEF  Ministerio de Economía y Finanzas  
MiAmbiente  Ministerio de Ambiente  
MIDA  Ministerio de Desarrollo Agropecuario  
MIDES  Ministerio de Desarrollo Social  
MINGOB  Ministerio de Gobierno  
MINSA  Ministerio de Salud  
MIRE  Ministerio de Relaciones Exteriores  
MITRADEL  Ministerio de Trabajo y Desarrollo Laboral  
MICI  Ministerio de Comercio e Industrias  
MINSEG  Ministerio de Seguridad Pública   
OCR  Oficina de la Coordinadora Residente  
MIDEM  Ministerio de la Mujer  
ODS  Objetivos de Desarrollo Sostenible  
OIM  Organización Internacional para las Migraciones  
OIT Organización Internacional del Trabajo  
ONUMUJERES  ONU para la Igualdad de Género y el Empoderamiento de la Mujer  
ONU SIDA  Programa Conjunto de las Naciones Unidas sobre el VIH/sida  
ONUDI  Organización de las Naciones Unidas para el Desarrollo Industrial  
OPS/OMS  Organización Panamericana de la Salud   
PEG Plan Estratégico de Gobierno  
PEN Plan Estratégico Nacional con Visión de Estado 2030  
PIB Producto Interno Bruto  
 
4 
 PNUD  Programa de las Naciones Unidas para el Desarrollo  
PNUMA  Programa de las Naciones Unidas para el Medio Ambiente  
SERP  Plan de Respuesta Socioeconómica a la COVID -19 (por sus siglas en inglés)  
SC Sociedad Civil  
SNU  Sistema de Naciones Unidas  
SENAF  Secretaría de Niñez, Adolescencia y Familia   
SSAA  Servicios de Salud Amigables y de calidad para Adolescentes  
TdC Teoría de Cambio  
TIC Tecnología de la Información y Comunicación  
UNCG  Grupo de Comunicaciones de las Naciones Unidas (por sus siglas en inglés)   
UNCT  Equipo de País de las Naciones Unidas (por sus siglas en inglés)  
UNDRR  Oficina de las Naciones Unidas para la Reducción del Riesgo de Desastres (por sus siglas en inglés)  
UNEG  Grupo de Evaluación de Naciones Unidas (por sus siglas en inglés)  
UNESCO  Organización de las Naciones Unidas para la Educación, la Ciencia y la Cultura  
UNFPA  Fondo de Población de las Naciones Unidas (por sus siglas en inglés)  
UNIC  Centros de Información de las Naciones Unidas  
UNICEF  Fondo de las Naciones Unidas para la Infancia  (por sus siglas en inglés)  
UNODC  Oficina de Naciones Unidas contra la Droga y el Delito  
UNOPS  Oficina de las Naciones Unidas de Servicios para Proyectos  
UNSDCF  Marco  de Cooperación de las Naciones Unidas para el Desarrollo Sostenible (por sus siglas en inglés)  
UNV  Voluntarios de las Naciones Unidas (por sus siglas en inglés)  
VBG  Violencia Basada en Género  
 
  
 
5 
 Agradecimientos  
El consultor responsable agradece a todas las personas que contribuyeron a esta evaluación , 
especialmente a  la contraparte técnica por parte de la OCR . También se agradece a las personas 
y organizaciones que aceptaron ser consultadas durante el transcurso del proceso de entrevistas 
y consultas  y aquellas que apoyaron durante el trabajo de campo realizado en Panamá .",Panama.pdf,UNCT,0.5904,Positive
Panama,"También ayudar a la generación de evidencias, lecciones aprendidas, buenas prácticas e 
información objetiva para permitir la toma de decisiones fundamentadas que generen una 
sociedad más equitativa y justa. Esta evaluación fue solicitada por el Equipo de país (UNCT) en 
Panamá a través de la Oficina de la Coordinadora Residente de las Naciones Unidas (OCR)  e 
informará a los socios estratégicos . Para alcanzar el propósito planteado, el presente informe  final  borrador  presenta la descripción 
del contexto de país y del Marco  de Cooperación actual (UNSDCF 2021 -2025 de Panamá), la 
metodología utilizada  para su evaluación , los principales hallazgos, las conclusiones, lecciones 
aprendidas, buenas prácticas y recomendaciones obtenidas a partir del trabajo de campo 
realizado .",Panama.pdf,UNCT,0.0,Neutral
Panama,"Está integrado por 15 miembros que representan al Gobierno, al Sistema de Naciones 
Unidas y Sociedad Civil19. Cabe agregar que,  dentro del Sistema de Naciones Unidas, la Oficina de la Coordinación 
Residente (OCR) realiza la coordinación general del Equipo País (UNCT por sus siglas en inglés ) 
en su implementación del Marco  de Cooperación. El Equipo País e stá compuesto por 
representantes de las agencias, fondos y programas de las Naciones Unidas que realizan 
 
18 El Comité Directivo Nacional Conjunto tiene como funciones: (i) Brindar orientación estratégica a la implementación del Marco  de 
Cooperación, (ii) Favorecer la alineación con mecanismos, objetivos y procesos nacionales, con el decreto 393 y al PEG 2019 -2024, 
(iii) Agilizar la implementación del Marco  de Cooperación a través de toma de acuerdos y decisiones gerenciales y políticas que afecten 
la implementación del UNSDCF 2021 -2025, (iv) Analizar los esquemas de financiamiento asegurando la congruencia con la normativa 
nacional y la del SNU.",Panama.pdf,UNCT,0.0,Neutral
Panama,"De forma comprensible, entre la 
sociedad civil, es mayor la incidencia de las personas que declaran faltarle información sobre los 
avances en el fortalecimiento de capacidades a nivel gubernamental. A modo ilustrativo se 
comparte los siguientes testi monios:   
“Yo diría que una de las principales contribuciones ha sido justamente el fortalecimiento 
institucional de esta secretaría, tanto a nivel nacional como a nivel internacional, porque por 
una serie de situaciones que nosotras hemos ido llevando, así mismo hem os estado 
participando en diferentes escenarios a nivel internacional organizado por el sistema para Gráfico  17: fortalecimiento de capacidades de la s CG   - Percepciones de SC y CG  
 
Fuente: consulta a personal SC y CG ( 2024 )    
 
 

 
62 
 compartir las experiencias e intercambiar con otros representantes de la región, así que ese 
fortalecimiento tanto a lo interno como a lo externo ” (contraparte gubernamental)  
“En lo que concierne específicamente a nuestra área vinculada a la (temática vinculada a 
violencia) , tengo que resaltar que sí a través de UN se fortaleció a la secretaría de asistencia 
a las víctimas y otros intervinientes formulando un manual no solamente de la operatividad 
de (instrumento  que es la herramienta que tenemos fundamentalmente para los niños 
víctimas de que no sean revictimizados sino también todo un manual que tiene el 
procedimiento por parte de las facultativas para hacer las intervencione s psicológicas ” 
(contraparte gubernamental)  
 
 
 
  
 
63 
 6.4 Eficiencia  
La Eficiencia  mide si los recursos han sido identificados y convertidos en resultados de forma 
económica y organizacional (el rol de los grupos y la relación entre ellos con el UNCT). Una 
iniciativa es eficiente cuando usa de manera apropiada y económica los recursos p ara generar 
los productos esperados.",Panama.pdf,UNCT,-0.25,Negative
Panama,"Tenemos  una comunicación directa ” (Contraparte Nacional)  
“el rol de la coordinadora residente que ha sido un poco yo siempre digo así como a nosotros 
nos toca coordinar (…) a ella le ha tocado coordinar con las agencias y lograr esa articulación 
que no haya duplicidad de funciones y demás que creo que ha sido un  rol importante desde la 
coordinación de la coordinadora residente” (Contraparte Nacional)  
 
 
72 
 Equipo País de las Naciones Unidas. El rol de UNCT es valorado por los actores especialmente 
desde la renovación de su liderazgo  por parte de la OCR. Este espacio de trabajo es reconocido 
por sus integrantes como la principal instancia de encuentro interagencial  para la coordinación, 
deliberación y toma de decisiones del Sistema ONU a nivel país.",Panama.pdf,UNCT,0.6124,Positive
Panama,"En particular con: (i) autoridades de gobierno y/o partidos  políticos; (ii) sector privado. Asimismo, se valoran muy positivamente los procesos de reflexión colectiva y establecimiento 
de prioridades anuales a nivel de UNCT (modalidad retiros de trabajo) y la información que es 
socializada en esos espacios anuales de trabajo. Del mismo modo, se destaca que se ha podido 
responder de forma coordinada ante situaciones de emergencia o urgencias coyunturales donde 
el UNCT asumió un rol activo significativo (movilidad humana, pandemia covid -19, recuperación 
post -pandemia , protestas sociales ).",Panama.pdf,UNCT,0.34,Positive
Panama,"Asimismo, se valoran muy positivamente los procesos de reflexión colectiva y establecimiento 
de prioridades anuales a nivel de UNCT (modalidad retiros de trabajo) y la información que es 
socializada en esos espacios anuales de trabajo. Del mismo modo, se destaca que se ha podido 
responder de forma coordinada ante situaciones de emergencia o urgencias coyunturales donde 
el UNCT asumió un rol activo significativo (movilidad humana, pandemia covid -19, recuperación 
post -pandemia , protestas sociales ). Por otra parte , en la visión de los actores también se reseñan aspectos susceptibles de mejora 
para potenciar  el cumplimiento del rol del UNCT.",Panama.pdf,UNCT,0.34,Positive
Panama,"Del mismo modo, se destaca que se ha podido 
responder de forma coordinada ante situaciones de emergencia o urgencias coyunturales donde 
el UNCT asumió un rol activo significativo (movilidad humana, pandemia covid -19, recuperación 
post -pandemia , protestas sociales ). Por otra parte , en la visión de los actores también se reseñan aspectos susceptibles de mejora 
para potenciar  el cumplimiento del rol del UNCT. En particular: (i) persisten oportunidades de 
cooperación inter -agencial  que son sub aprovechadas en particular entre entidades con 
asimetrías en su capacidad técnico -operativa y/o presencia territorial  y (ii) persisten 
oportunidades de acercamiento colectivo como SNU hacia las partes interesadas, 
particularmente, la sociedad civil.",Panama.pdf,UNCT,0.34,Positive
Panama,"Del mismo modo, persiste el desafío de continuar profundizando el conocimiento de las 
prioridades estratégicas contenidas en el mismo, así como las acciones que son apoyadas y/o 
impulsadas desde el SNU. (CO2) Conclusiones sobre mecanismos de coordinación del UNCT . A efectos de la 
implementación del Marco , se realizó la instalación y funcionamiento del Comité Directivo 
Nacional conjunto, los grupos destinados a la gobernanza del Marco  de Cooperación y los grupos 
interagenciales conformados para brindar respuestas a temas coyunturales específicos.",Panama.pdf,UNCT,0.0,Neutral
Panama,"(CO3) Espacios de colaboración . El rol de la UNCT es valorado por los actores especialmente 
desde la renovación de su liderazgo por parte de la OCR. Este espacio de trabajo es reconocido 
por sus integrantes como la principal instancia de encuentro interagencial para la coordinación, 
deliberación y toma de decisiones del Sistema ONU a nivel país.",Panama.pdf,UNCT,0.0,Neutral
Panama,"Este espacio de trabajo es reconocido 
por sus integrantes como la principal instancia de encuentro interagencial para la coordinación, 
deliberación y toma de decisiones del Sistema ONU a nivel país. El liderazgo en la UNCT es bien 
recibido tanto internamente en el SNU como por las CG. Es importante revisar los grupos de 
resultados, su integración y su labor.",Panama.pdf,UNCT,0.0,Neutral
Panama,"Se  resalta el trabajo con el gobierno entrante para 
garantizar la continuidad de las políticas. Por otra parte, en la visión de los actores también se 
reseñan aspectos susceptibles de mejora para potenciar el cumplimiento del rol del UNCT. En 
particular: (i) persisten oportunidades de cooperación inter -agencial que son sub aprovechadas 
en particular entre entidades con asimetrías en su capacidad técnico -operativa y/o presencia 
territorial y (ii ) persisten oportunidades de acercamiento colectivo como SNU hacia  las partes 
interesadas, particularmente, la sociedad civil.",Panama.pdf,UNCT,0.0,Neutral
Panama,"(P.1.2) Incorporar los aceleradores del desarrollo a nivel del CCA para el próximo Marco de 
Cooperación, así como la inclusión de la perspectiva territorial realizando un uso intensivo del 
sistema estadístico nacional (por ejemplo, el reciente censo nacion al). Responsable: UNCT. (P.1.3) Fortalecer la identificación de poblaciones excluidas del desarrollo  sostenible  y los 
territorios vulnerables (zonas prioritarias específicas) para su adecuada visualización a nivel de 
CCA e insumo para su consideración dentro de las prioridades estratégicas del próximo Marco 
de Cooperación.",Panama.pdf,UNCT,0.0,Neutral
Panama,"(P.1.3) Fortalecer la identificación de poblaciones excluidas del desarrollo  sostenible  y los 
territorios vulnerables (zonas prioritarias específicas) para su adecuada visualización a nivel de 
CCA e insumo para su consideración dentro de las prioridades estratégicas del próximo Marco 
de Cooperación. Responsable: UNCT. (P.1.4) Iniciar la producción de análisis de situación con antelación suficiente previendo el 
próximo Marco de cooperación y los ciclos institucionales gubernamentales (particularmente el 
comienzo de una nueva administración).",Panama.pdf,UNCT,0.0,Neutral
Panama,"(P.1.4) Iniciar la producción de análisis de situación con antelación suficiente previendo el 
próximo Marco de cooperación y los ciclos institucionales gubernamentales (particularmente el 
comienzo de una nueva administración). Responsable: UNCT. (P.1.",Panama.pdf,UNCT,0.0,Neutral
Panama,"5) Incorporar tempranamente a las contrapartes gubernamentales para la consulta y 
participación en la elaboración Marco de cooperación  (particularmente el comienzo de una 
nueva administración). Responsable: UNCT. (P.1.",Panama.pdf,UNCT,0.0,Neutral
Panama,"6) Asistir técnicamente en la medida de lo posible al nuevo gobierno para la elaboración de 
la planificación estratégica nacional, particularmente, el Plan Estratégico de Gobierno  2025 -
2029 . Responsable: UNCT. (P2) Recomendaciones específicas para la elaboración del futuro Marco  de Cooperación  
(recomendación estratégica) .",Panama.pdf,UNCT,0.0,Neutral
Panama,"De forma 
específica se recomienda  (recomendaciones detalladas ):   
 
95 
 (P2.1) Describir las poblaciones potenciales de las principales problemáticas priorizadas junto 
con los territorios donde se encuentran  (zonas prioritarias específicas para intervenciones 
interinstitucionales) . Responsable: UNCT junto con los grupos de resultados. (P2.2)  Socializar las descripciones de poblaciones y territorios  identificados  (incluidas en P2.1) 
como insumo para facilitar la localización territorial de las políticas públicas, ya sea en su diseño, 
implementación, monitoreo, evaluación y/o rendición de cuentas a la ciudadanía.",Panama.pdf,UNCT,-0.4215,Negative
Panama,"(P2.3) Priorizar acciones vinculadas con temáticas emergentes que pueden operar como 
aceleradores del desarrollo (genero, agenda digital) , responder a urgencias coyunturales 
(movilidad humana110) así como temáticas claves para el desarrollo sostenible a mediano y largo 
plazo (medio ambiente , educación  de calidad , sistemas alimentarios, protección social ). Responsables: UNCT , actores participantes en elaboración del nuevo MC . (P2.4) Mejorar las definiciones de los productos para evitar que los enunciados hagan referencia  
a resultados en términos técnicos  y no a productos y entregables espe cíficos .",Panama.pdf,UNCT,-0.296,Negative
Panama,"(P2.4) Mejorar las definiciones de los productos para evitar que los enunciados hagan referencia  
a resultados en términos técnicos  y no a productos y entregables espe cíficos . Responsables:  
UNCT , actores participantes en elaboración del nuevo MC . (P2.5) Identificar los aspectos e implicancias ambientales  como el cambio climático, la 
contaminación y la protección de la biodiversidad  en las prioridades estratégicas a efectos de 
generar insumos para mejorar la transversalización del enfoque medioambiental  en el nuevo 
marco de coop eración .",Panama.pdf,UNCT,-0.296,Negative
Panama,"(P2.5) Identificar los aspectos e implicancias ambientales  como el cambio climático, la 
contaminación y la protección de la biodiversidad  en las prioridades estratégicas a efectos de 
generar insumos para mejorar la transversalización del enfoque medioambiental  en el nuevo 
marco de coop eración . Responsables: UNCT , actores participantes en elaboración del nuevo 
MC. (P2.6) Considerar los desafíos identificados en la evaluación final a efectos de contar con 
mayores insumos para la elaboración del futuro MC.",Panama.pdf,UNCT,0.0,Neutral
Panama,"(P2.6) Considerar los desafíos identificados en la evaluación final a efectos de contar con 
mayores insumos para la elaboración del futuro MC. Responsables: UNCT , actores participantes 
en elaboración del nuevo MC . (P2.7) Fortalecer el carácter transfronterizo y regional.",Panama.pdf,UNCT,0.0,Neutral
Panama,"Búsqueda de incentivos para cooperación, la 
creación de programas binacionales o regionales y de acceder a fondos de manera conjunta. Responsables: UNCT , actores participantes en elaboración del nuevo MC . 110 Por ejemplo, apoyar a las comunidades de acogida y tránsito.",Panama.pdf,UNCT,0.0,Neutral
Panama,"Asimismo,  se recomiendo que esté esfuerzo de diálogo 
venga acompañado de la identificación de políticas acelerad oras  con un enfoque integra l y 
comprensivo de las inequidades . Responsables: UNCT , actores participantes en elaboración del 
nuevo MC . 8.3 Recomendaciones  vinculadas con eficacia   
(E1) Recomendaciones sobre la implementación del Marco  de Cooperación  (recomendación 
estratégica) .",Panama.pdf,UNCT,0.0,Neutral
Panama,"Responsable: OCR y Grupos de Resultado . (E1.4) Aprovechar factores reconocidos como positivos para el funcionamiento de los grupos de 
resultados como: (a) reconocer y jerarquizar las funciones liderazgo de los grupos de resultados 
que realiza los funcionarios por parte de las AFP responsables de grupo (responsable: AFP); (b) 
generar incentivos como visualizar en los Performance Manag ement  individual la dedicación a 
los grupos de resultado (responsable: UNCT); (c) consolidar la elaboración de los planes de 
trabajo conjunto a partir de unificar criterios para su elaboración e implementación a efectos de 
visualizar las metas anuales y llegadas a territorios concretos de las acciones impulsadas por las 
AFP (responsable : grupos de resultado con apoyo de OCR). (E.1.5) Incentivar las micro cooperaciones sinérgicas entre integrantes de SNU generadas 
durante el trabajo directo con las comunidades locales e incorporar/generalizar las propias 
 
97 
 lecciones aprendidas y buenas prácticas generadas en este periodo de implementación.",Panama.pdf,UNCT,0.0,Neutral
Panama,"1.1) Re calendarizar los flujos de  información entre los sistemas de información que reportan 
ejecución financiera en las entidades del sistema y la información reportada a nivel de 
subproductos contenidos en el Marco  de cooperación 2021 -2025 . Responsable:   OCR junto con 
UNCT . (Ef.",Panama.pdf,UNCT,0.0,Neutral
Panama,"1.2) Continuar la identificación de fuentes posibles de financiamiento para atender las 
brechas de financiamiento identificadas. Responsable: OCR junto con UNCT. (Ef.",Panama.pdf,UNCT,0.0,Neutral
Panama,"2.2) Diversificar de temáticas incluidas dentro de los Acuerdo de Largo Plazo que atiendan 
las necesidades identificadas colectivamente como, por ejemplo, temas vinculados a tecnología 
de la información (TIC). Responsable: UNCT junto con el Grupo de G estión Operativa. 8.5 Recomendaciones vinculadas a la coordinación  
(CO1) Recomendación vinculada a la coordinación .",Panama.pdf,UNCT,0.0,Neutral
Panama,"De forma específica se 
recomienda (recomendaciones detalladas ):     
(CO1.1) Generar instancia de encuentro con la nueva administración donde se trabaje en pleno 
con las agencias, fondos y programas el sistema para el abordaje de temáticas estratégicas  que 
serán priorizadas para los próximos años. Responsable: OCR con UNCT. (CO1.2) Procurar que las macro líneas de trabajo que se lleven adelante entre SNU y el Gobierno 
sean acoradas entre ambas partes y establezcan los ejes orientadores desde donde se derivarán 
las acciones específicas que serán llevadas delante.",Panama.pdf,UNCT,-0.4215,Negative
Panama,"(CO1.2) Procurar que las macro líneas de trabajo que se lleven adelante entre SNU y el Gobierno 
sean acoradas entre ambas partes y establezcan los ejes orientadores desde donde se derivarán 
las acciones específicas que serán llevadas delante. Responsable: OCR con UNCT. (CO1.3)  Realizar un mapeo de capacidades institucionales disponibles (incluyendo su 
distribución territorial y capacidad de movilización) y áreas de expertis específicas donde las 
agencias, fondos y programas pueden para añadir valor a las intervenciones conjuntas .",Panama.pdf,UNCT,0.0,Neutral
Panama,"(CO1.3)  Realizar un mapeo de capacidades institucionales disponibles (incluyendo su 
distribución territorial y capacidad de movilización) y áreas de expertis específicas donde las 
agencias, fondos y programas pueden para añadir valor a las intervenciones conjuntas . Responsable: UNCT. (CO1.4)  Realizar un mapeo de oportunidades de financiamiento para la generación de iniciativas  
interagenciales.",Panama.pdf,UNCT,0.0,Neutral
Panama,"(S1.5) Profundizar la estrategia de comunicación para reforzar la posición de credibilidad del 
SNU, la vigencia de los ODS y atender a las voces críticas vinculadas a la Agenda 2030. Responsable: UNCT. 100 
 9.",Panama.pdf,UNCT,0.0,Neutral
Panama,"La contratación conjunta 
en el Marco  de LTAs hace que disminuyan los costos y mejore la calidad, ganancias de escala y 
eficiencia. Se recomienda desde el grupo poder extender a otros rubros como laptops y 
celulares, ponerlo en agenda del UNCT y que vean que es una oportunidad de ahorro. Exis te un 
conocimien to mutuo y trabajo colaborativo (se lo vincula a la pandemia, no al Marco ).",Panama.pdf,UNCT,-0.296,Negative
Panama,"En ese sentido, una 
vez que se alcanzó tanto el análisis común del país como el plan estratégico de gobierno, se 
estaba en condiciones de comenzar con los talleres y las consultas con sociedad civil, gobierno 
y academ ia. 9.2 Lecciones aprendidas  
Liderazgo estratégico  UNCT . Es necesario contar con un liderazgo y una conducción que ordene 
y garantice la coherencia narrativa a efectos de mantener un equilibrio técnico en el proceso de 
elaboración del Marco .",Panama.pdf,UNCT,0.0,Neutral
Panama,"Es necesario contar con un liderazgo y una conducción que ordene 
y garantice la coherencia narrativa a efectos de mantener un equilibrio técnico en el proceso de 
elaboración del Marco . Poder alinear la visión interna y también transmitir externamente la 
acción conjunta, como Sistema, y no la sumatoria de Agencias, Fondos y Programas es una 
lección aprendida que debe comenzar a alinearse en la implementación y asegurarse en 
próximos Marco s.  
Cabe agregar, que la alternancia de personas en el cargo de coordinador residente es un factor 
que puede limitar la consolidación del liderazgo estratégico de la UNCT. Se recomienda que 
además de un espacio de intercambio de información se aceiten los mecanismos de 
colaboración.",Panama.pdf,UNCT,-0.296,Negative
Panama,"Anexos  
10.1 Término de Referencia  
 
 
 
 
 
 
  

 
109 
  
 
 
 
 
 
 
 
 
 
 
 
 
 
 
 
 
 
 
 
 
 
  

 
110 
  
 
 
 
 
 
 
 
 

 
111 
 10.2 Integración de los grupos de resultado  
Grupos pertenecientes a la gobernanza del Marco  de Cooperación  
 
Grupo  Frecuencia de 
encuentros  Integrantes  
Comité Directivo Nacional Conjunto  Anual  Ministerio de Relaciones Exteriores. Asuntos 
Multilaterales y Cooperación  
MIDES -Gabinete Social  
Oficina del Coordinador Residente  
Equipo Técnico Nacional (UNCT)  Mensual  Representantes y jefes de agencia  
  
GR1.1 Inclusión  Social  Trimestral  Personal técnico de las AFP ( FAO; ILO; 
OHCHR; PAHO; FIDA; UN ECLAC; UN Women; 
UNAIDS; UNDP; UNESCO; UNFPA; UNHCR; 
UNICEF; UNODC; UNOPS; ONUDI)  
 
GR1.2 Inclusi ón Económica   Trimestral  Personal técnico de las AFP ( FAO; FIDA 
UNDP; ILO ; UNESCO; UNFPA; UNHCR; 
UNICEF; UNODC; UNOPs; UNAIDS; PAHO; UN 
Women; ONUDI)   
 
GR2 Gobernanza, institucionalidad, 
ciudadanía y justicia  Trimestral  Personal técnico de las AFP (ACNUR; FAO; 
OACNUDH; OIM; OIT; ONU Mujeres; PNUD; 
UN ECLAC; UNESCO; UNFPA; UNICEF; 
UNODC; UNOPS)  
 
GR3 Cambio climático, gestión integral 
ambiental y Reducción de riesgos de 
desastres  Trimestral  Personal técnico de las AFP (FAO; OIT; OPS; 
PNUD; PNUMA; UNDRR ; UNESCO; UNICEF; 
UNIDO)  
 
GR4 Prevención de violencias y 
protección de Derechos Humanos. Trimestral  Personal técnico de AFP (ACNUR; OACNUDH; 
OIM; OIT; ONU Mujeres; ONUSIDA; UNESCO; 
UNFPA; UNICEF; UNODC)  
 
UNCG  Trimestral  Participan comunicadores de AFP  
 
OMT  Trimestral  Personal de adquisiciones, operaciones de 
AFP 
 
GI Género  Trimestral  Puntos focales de AFP  
 
Monitoreo y Evaluación  Trimestral  M&E de las agencias y puntos focales  
 
112 
  
Fuente: Gobernanza del UNSDCF “Lideranza de Grupos de Resultados e Interagenciales”  
 
 
 
 
  
 
113 
 10.3 Listado de personas consultadas  
Listado de personas entrevistadas  
 
Nombre  Institución  Cargo  
 
María Inés Castillo  Ministerio de Desarrollo Social 
(MIDES)  Ministra  
Nischma Villareal  Ministerio de Desarrollo Social 
(MIDES)  Directora de Políticas Sociales  
María Alejandra Panay  Ministerio de la Mujer (MinMujer)  Vice Ministra  
Miguel Ardines  Ministerio de la Mujer (MinMujer)  Oficina de Cooperación  
Internacional - Director  
Ivette Berrio  Ministerio de Salud ( MINSA ) 
 Vice Ministra  
Félix Correa  Ministerio de Salud ( MINSA ) 
 Director Nacional de Planificación  
Tays Noriega  Ministerio de Salud ( MINSA ) 
 Directora de Cooperación  
Margelia Palacios  Ministerio de Relaciones Exteriores 
(MIRE)   Directora de Cooperación  
Hilda Martínez   
 Instituto de Estadística y Censo 
(INEC)  Subdirectora  Sociodemográfica  
Samuel Moreno  Instituto de Estadística y Censo 
(INEC)  Director  
Carlos Alvarez  Instituto de Estadística y Censo 
(INEC)  Jefe de Información y Divulgación  
Krishna Camerena 
Surgeon  Secretaría Nacional para el 
Desarrollo de los Afropanameños 
(SENADAP)  Directora  
Jaime Collado  Secretaria Nacional de 
Discapacidad  (SENADIS ) Especialista Estadístico  
Greta García  Municipio de La Chorrera  jefa de la oficina de seguridad 
ciudadana  
Lianka Martinez,  Municipio de La Chorrera  coordinadora de la oficina de 
juventud  
Cristal Ferreira  Municipio de La Chorrera  
 Jefa de la oficina de Genero  
 
114 
 Listado de personas entrevistadas  
 
Nombre  Institución  Cargo  
 
Betzy Zamora  Municipio de La Chorrera  Directora de Desarrollo 
Comunitario  
Anabella Yepes  Ministerio de Educación (MEDUCA)  Directora de Formación Docente  
Verónica Muela  Programa Sumarse  Directora de Gestión  
Ariel Escala  Secretaria Nacional de 
Discapacidad  (SENADIS ) Jefe de la Oficina de  Cooperación 
Técnica   
Renan Arjona  
 Cámara de Comercio, Industrias y 
Agricultura de Panamá  Coordinador de Panamá, 
¡cuéntame!",Panama.pdf,UNCT,0.0,Neutral
Panama,"¿Cuáles serían los 
aspectos a continuar fortaleciendo? - Conocimiento de las personas 
consultadas/agencias/instituciones  
- Grado de compromiso, 
reconocimiento  
- Énfasis en fortalezas  
- Responsabilidad de mejoras  
- Grupos de resultados  
- Roles diferenciados de las agencias, 
OCR y UNCT  
 
131 
 7. En lo que respecta al trabajo entre los actores del Sistemas de Naciones Unidas 
¿cuáles les parecen han sido las principales fortalezas?",Panama.pdf,UNCT,0.0,Neutral
Panama,¿Y la OCR? ¿El UNCT? 9.,Panama.pdf,UNCT,0.0,Neutral
Panama,"Información disponible en el SNU proveniente de 
los Asociados Nacionales en la Implementación 
del UNSDCF 2021 -2025. Gobernanza del Marco  de Cooperación – 
Instauración del Comité Directivo Conjunto    
Hallazgos de la Revisión de Medio Término del 
Marco  de Cooperación 2021 -2025  
Configuración del UNCT. Documento con conformación/designación a 
Grupos de Resultados.",Panama.pdf,UNCT,0.0,Neutral
Indonesia,"42 
Figure 27 - Outcome 3: distribution of SOs by Gender Marker  ................................ ................................ ..... 42 
Figure 28 - Outcome 4: analysis of logical connections between SOs, outputs and outcome .........................  43 
Figure 29 - Outcome 4: Expenditure and No. of SOs  ................................ ................................ ...................  43 
Figure 30 - Outcome 4: Distribution of SOs per Gender Marker  ................................ ................................ ... 44 
Figure 31 - Outcome 4: distribution of SOs by HRs marker  ................................ ................................ ..........  44 
Figure 32  - CF Delivery Rate 2021 -23 ................................ ................................ ................................ .........  45 
Figure 33  - Funding Framework as of 2024  ................................ ................................ ................................  46 
Figure 34  - Cost Avoidance 2021 -22 by services  ................................ ................................ ..........................  47 
17 January 2025  
  
 3 
 Figure 35 - To what extent UN activities promote…  ................................ ................................ ....................  51 
Figure 36 - No of SOs per QCPR functions ................................ ................................ ................................ .. 53 
Figure 37 - Responses to the survey: Effectiveness Outcome 2, by category of respondents*  .......................  85 
Figure 38 - Responses to the survey: Effectiveness Outcome 1, by category of respondents*  .......................  85 
Figure 39 - Responses to the survey: Effectiveness Outcome 4, by category of respondents*  .......................  86 
Figure 40 - Responses to the survey: Effectiveness Outcome 3, by category of respondents*  .......................  86 
Figure 41 - Distribution of CF Outputs by No. of SOs and Expenditure  ................................ .........................  88 
Figure 42 - Top contributing partners to the CF, available resources 2021 -24*  ................................ .............  88 
 
Table 1 - UN agencies' country programmes alignment to the CF  ................................ ................................  24 
Table 3 MYFF 2021 -2025 Resources Available and to be Mobilized  ................................ ..............................  46 
 
  
17 January 2025  
  
 4 
 LIST OF ABBREVIATIONS  
 
ARR  Annual Results Report  
ASIK  Aplikasi Sehat Indonesiaku  
ASSIST  Accelerating SDGs Investment in 
Indonesia  
BAPPENAS  Badan Perencanaan Pembangunan 
Nasional (National Development 
Planning Agency ) 
BAPPEDA  Badan Perencanaan Pembangunan 
Daerah  (Regional  Development 
Planning Agency ) 
CF  Cooperation Framework  
CPD  Country Programme Document  
CPE  Country Programme Evaluation  
CSO  Civil Society Organizations  
DCO  Development Coordination Office  
DMEL  Data, Monitoring, Evaluation and 
Learning  
DRR  Disaster Risk Reduction  
ESCAP  Economic and Social Commission for 
Asia and the Pacific    
FAO  Food and Agriculture Organization  
FGD  Focus Group Discussion  
GCF  Green Climate Fund  
GEDSI  Gender Equality , Disabi lity and Social 
Inclusion  
GEF  Global Environment Facility  
GEWE  Gender Equality and Women’s 
Empowerment  
GoI Government of Indonesia  
GFTAM  Global Fund for Tuberculosis, Aids and 
Malaria  GII Global Innovation Index  
GTG  Gender Theme Group  
HoA  Head of Agency  
HRs  Human Rights  
JCS  Joint Steering Committee  
IFAD  International Fund for Agricultural 
Development  
IIF Impact Investment Fund  
ILO  International Labour Organisation  
IOM  International Organization for 
Migration  
IUNCF  Indonesia - UN Consultative Forum  
JP Joint Programme  
JWP  Joint work plan  
LNOB  Leaving No One Behind  
MOFA  Ministry of Foreign Affairs  
MoH  Minis try of Health  
MYFF  Multi -Year Funding Framework  
NDC  Nationally Determined Contribution  
NGO  Non -Government Organization  
NTT  Nusa Teng gara Timur (East Nusa 
Teng gara)  
OECD/DAC  Organization for Economic 
Cooperation and 
Development/Development 
Assistance Committee  
OHCH R Office of the Hi gh Commissioner for 
Human Rights  
QCPR  Quadrennial Comprehensive Policy 
Review  
17 January 2025  
  
 5 
 RBM  Results Based Management  
RC Resident Coordinator  
RCO  Resident Coordinator Office  
REDD  Reducing Emissions from 
Deforestation and Degradation  
RG Results Group  
RPJMN  Rencana Pembangunan Jangka 
Menengah  Nasional (National 
Medium -Term Development Plan ) 
RPJMD  Rencana Pembangunan Jangka 
Menengah Daerah  
SDG  Sustainable Development Goal  
SME  Small and Medium En terprise  
SMILE  Sistem Monitoring Imunisasi Logistik 
Secara Elektronik  
SO Sub -Output  
ToC  Theory of Change  
UHC  Universal Health Coverage  
UMIC  Upper Middle -Income Country  
UNCT  United Nations Country Team  
UNDCO  United Nations Development 
Coordination Office  
UNDP  United Nations Development 
Programme  UNDRR  United Nations Office for Disaster 
Risk Reduction  
UNEDAP  United Nations Evaluation 
Development Group of Asia and 
Pacific  
UNEG  United Nations Evaluation Group  
UNEP  United Nations Environment  
Programme  
UNESCO  United Nations Educational, Scientific 
and Cultural Organization  
UNFPA  United Nations Population Fund  
UN-Habitat  United Nations Human Settlements 
Programme  
UNHCR  United Nations High Commissioner 
for Refugees  
UNIDO  United Nations Industrial 
Development Organization  
UNODC  United Nations Organization on Drugs 
and Crime  
UNSDCF  United Nations Sustainable 
Development Cooperation 
Framework  
UN Women  United Nations Entity for Gender 
Equality and the Empowerment of 
Women  
WG  Working Group  
WFP  World Food Programme  
WHO  World Health Organization
 
  
17 January 2025  
  
 6 
 EXECUTIVE SUMMARY  
The independent evaluation of the UN Cooperation 
Framework Indonesia 2021 -25 was undertaken 
between April and November 2024.",Indonesia.pdf,UNCT,0.9556,Positive
Indonesia,"of SOs  ................................ ................................ ...................  43 
Figure 30 - Outcome 4: Distribution of SOs per Gender Marker  ................................ ................................ ... 44 
Figure 31 - Outcome 4: distribution of SOs by HRs marker  ................................ ................................ ..........  44 
Figure 32  - CF Delivery Rate 2021 -23 ................................ ................................ ................................ .........  45 
Figure 33  - Funding Framework as of 2024  ................................ ................................ ................................  46 
Figure 34  - Cost Avoidance 2021 -22 by services  ................................ ................................ ..........................  47 
17 January 2025  
  
 3 
 Figure 35 - To what extent UN activities promote…  ................................ ................................ ....................  51 
Figure 36 - No of SOs per QCPR functions ................................ ................................ ................................ .. 53 
Figure 37 - Responses to the survey: Effectiveness Outcome 2, by category of respondents*  .......................  85 
Figure 38 - Responses to the survey: Effectiveness Outcome 1, by category of respondents*  .......................  85 
Figure 39 - Responses to the survey: Effectiveness Outcome 4, by category of respondents*  .......................  86 
Figure 40 - Responses to the survey: Effectiveness Outcome 3, by category of respondents*  .......................  86 
Figure 41 - Distribution of CF Outputs by No. of SOs and Expenditure  ................................ .........................  88 
Figure 42 - Top contributing partners to the CF, available resources 2021 -24*  ................................ .............  88 
 
Table 1 - UN agencies' country programmes alignment to the CF  ................................ ................................  24 
Table 3 MYFF 2021 -2025 Resources Available and to be Mobilized  ................................ ..............................  46 
 
  
17 January 2025  
  
 4 
 LIST OF ABBREVIATIONS  
 
ARR  Annual Results Report  
ASIK  Aplikasi Sehat Indonesiaku  
ASSIST  Accelerating SDGs Investment in 
Indonesia  
BAPPENAS  Badan Perencanaan Pembangunan 
Nasional (National Development 
Planning Agency ) 
BAPPEDA  Badan Perencanaan Pembangunan 
Daerah  (Regional  Development 
Planning Agency ) 
CF  Cooperation Framework  
CPD  Country Programme Document  
CPE  Country Programme Evaluation  
CSO  Civil Society Organizations  
DCO  Development Coordination Office  
DMEL  Data, Monitoring, Evaluation and 
Learning  
DRR  Disaster Risk Reduction  
ESCAP  Economic and Social Commission for 
Asia and the Pacific    
FAO  Food and Agriculture Organization  
FGD  Focus Group Discussion  
GCF  Green Climate Fund  
GEDSI  Gender Equality , Disabi lity and Social 
Inclusion  
GEF  Global Environment Facility  
GEWE  Gender Equality and Women’s 
Empowerment  
GoI Government of Indonesia  
GFTAM  Global Fund for Tuberculosis, Aids and 
Malaria  GII Global Innovation Index  
GTG  Gender Theme Group  
HoA  Head of Agency  
HRs  Human Rights  
JCS  Joint Steering Committee  
IFAD  International Fund for Agricultural 
Development  
IIF Impact Investment Fund  
ILO  International Labour Organisation  
IOM  International Organization for 
Migration  
IUNCF  Indonesia - UN Consultative Forum  
JP Joint Programme  
JWP  Joint work plan  
LNOB  Leaving No One Behind  
MOFA  Ministry of Foreign Affairs  
MoH  Minis try of Health  
MYFF  Multi -Year Funding Framework  
NDC  Nationally Determined Contribution  
NGO  Non -Government Organization  
NTT  Nusa Teng gara Timur (East Nusa 
Teng gara)  
OECD/DAC  Organization for Economic 
Cooperation and 
Development/Development 
Assistance Committee  
OHCH R Office of the Hi gh Commissioner for 
Human Rights  
QCPR  Quadrennial Comprehensive Policy 
Review  
17 January 2025  
  
 5 
 RBM  Results Based Management  
RC Resident Coordinator  
RCO  Resident Coordinator Office  
REDD  Reducing Emissions from 
Deforestation and Degradation  
RG Results Group  
RPJMN  Rencana Pembangunan Jangka 
Menengah  Nasional (National 
Medium -Term Development Plan ) 
RPJMD  Rencana Pembangunan Jangka 
Menengah Daerah  
SDG  Sustainable Development Goal  
SME  Small and Medium En terprise  
SMILE  Sistem Monitoring Imunisasi Logistik 
Secara Elektronik  
SO Sub -Output  
ToC  Theory of Change  
UHC  Universal Health Coverage  
UMIC  Upper Middle -Income Country  
UNCT  United Nations Country Team  
UNDCO  United Nations Development 
Coordination Office  
UNDP  United Nations Development 
Programme  UNDRR  United Nations Office for Disaster 
Risk Reduction  
UNEDAP  United Nations Evaluation 
Development Group of Asia and 
Pacific  
UNEG  United Nations Evaluation Group  
UNEP  United Nations Environment  
Programme  
UNESCO  United Nations Educational, Scientific 
and Cultural Organization  
UNFPA  United Nations Population Fund  
UN-Habitat  United Nations Human Settlements 
Programme  
UNHCR  United Nations High Commissioner 
for Refugees  
UNIDO  United Nations Industrial 
Development Organization  
UNODC  United Nations Organization on Drugs 
and Crime  
UNSDCF  United Nations Sustainable 
Development Cooperation 
Framework  
UN Women  United Nations Entity for Gender 
Equality and the Empowerment of 
Women  
WG  Working Group  
WFP  World Food Programme  
WHO  World Health Organization
 
  
17 January 2025  
  
 6 
 EXECUTIVE SUMMARY  
The independent evaluation of the UN Cooperation 
Framework Indonesia 2021 -25 was undertaken 
between April and November 2024. Its main 
objectives are to enhance learning and strengthen 
accountability of UN’s collective contributions to 
Indonesia’s sustainab le development.",Indonesia.pdf,UNCT,0.9685,Positive
Indonesia,"277 people responded to 
the survey, with a 50 -50 gender representation. Data 
analysis included a comprehensive desk review of 
relevant documents, statistical analysis of survey 
responses, UNInfo data (financial, markers, QCPR 
functions) and triangulation of findings. The key findings of the evaluation are presented 
along seven evaluation criteria:  
1.",Indonesia.pdf,UNCT,0.25,Positive
Indonesia,"Undertake a thorough Theory of Change 
exercise for the next CF, using the evidence 
generated by the CCA and other analysis  
b. In order to enhance the effectiveness of pilot 
projects, the Resident Coordinator Office ( RCO ) 
could create a mapping of relevant policies that 
are being adopted at national level to be 
considered by relevant working groups in 
conjunction with planned pilot interventions , as 
well as a guidance note on how to establish pilot 
projects  
c. To enhance coordination and effectiveness at 
the local level, consider for the next CF, to 
identify geographical areas for joint 
contributions, prioritising provinces and 
districts in consultation with the Ministry of 
Home Affairs. d. Improve the usefulness of the monitoring 
framework identifying few indicators that are 
logically strongly linked to the CF outputs and 
with clear baselines and targets for the end of 
the programme cycle, including those tracking 
gender equality, the empowe rment of women 
and girls and the well - being of vulnerable 
groups  
e. Improve the use of UNInfo by engaging UN 
programme staff from the initial stages of the 
CF design and establishing measures to ensure 
consistent reporting in the system  
f. Develop partnership and resource mobilization 
strategies, to ensure CF funding and its 
sustainability  
g. Revamp coordination structure differentiating 
between operational coordination and strategic 
review an guidance, including considering the 
‘empowerment’ of the SDG group as oversight 
mechanism for synergies across outcomes and 
review of the ToC as needed  
h. Establish spaces for broader civil society 
engagement, including a revamping of the 
CSOs advisory group, but with a stronger focus 
on organizations working towards the 
fulfilment of the 2030 Agenda  
i.",Indonesia.pdf,UNCT,0.9408,Positive
Indonesia,"8 INTRODUCTION  
The evaluation  of the UN Sustainable Development Cooperation Framewo rk (UNSDCF  – referred to hereafter 
as the Cooperation Framework, CF)  is a mandatory exercise to be carried out in the penultimate year of 
implementation of the framework in order for its findings to inform the formulation of the next CF. As part 
of the UN reform, the UN Evaluation Group ( UNEG ) and the UN Development Coordination Office ( DCO ) 
produced detailed guidelines on how to conduct this type of evaluation to ensure that they deliver meaningful 
and  useful results. In line with these guidelines, the UN in Indonesia developed a concept note for t he evaluation of the CF 2021 -
2025  delineating its purpose, scope and users.",Indonesia.pdf,DCO,0.7964,Positive
Indonesia,"The evaluation took into consideration, as appropriate, 
humanitarian actions (incorporated in the CF implementation), including  COVID -19 response as well as disaster 
risk reduction . Given the br oad spectrum of activities implemented under the C ooperation Frame work, a sampling of 
stakeholders and field visits in selected provinces (see section on methodology ) were id entified as part of the 
inception phase, following clear selection criteria and in consultation with the Evaluation Manager s (and 
through them with the United Nations Country Team - UNCT) , while maintaining the coverage of all four 
strategic priority areas of the CF. As per the concept note, t he main users of the CF Evaluation results are outlined in the below table .",Indonesia.pdf,UNCT,0.0772,Neutral
Indonesia,"As per the concept note, t he main users of the CF Evaluation results are outlined in the below table . Primary Users  
UNCT Indonesia  Provide accountability and learning from the CF 2021 -2025 to inform the development and 
implementation of the next CF  
UN Agencies  Use findings and recommendations to contribute to the development of a new Country 
Programme Document s/Country Strategy  Note Documen t 
Government of 
Indonesia ( BAPPENAS  
and M oFA) Provide accountability on achievements of the jointly signed CF 2021 -2025. Inform on evidence to guide the new Cooperation Framework 2026 -2030.",Indonesia.pdf,UNCT,0.0,Neutral
Indonesia,"These include d: 
• documents’  review, including all documents related to the CF (Joint Work Plans, Annual Results Reports, 
agenda and minutes of key meetings, data and information recorded in UNInfo, etc. ), previous evaluations 
(joint programmes  and/or individual agencies’ projects and agency -specific country programmes), national 
development plans and strategies, joint programmes  documents, among others  (mostly derived from the 
online document repository DOMES managed by the Resident Coordinator Office - RCO)  
• individual and/or group semi -structured face -to-face interviews  
• virtual semi -structured interviews (if face -to-face interview is not possible)  
• online survey   
• focus group discussions (FGD s) 
• data on CF monitoring indicators  at outcome and output level  (as reported in UNInfo)  
• collection of financial data related to the resources required, available and delivered by outcome  and 
output (UNInfo)  
• direct observation and field visit (see sampling description below) of UN interventions. Each data source mentioned above presented some limitations.",Indonesia.pdf,RC,0.296,Positive
Indonesia,"The survey was an excellent source of information given the significant  number of responses, although the 
response rate could not be calculated as there was an organic expansion of the sample (with stakeholders 
encouraged to share the link to the survey  with 
relevant colleagues). Monitoring and delivery 
data sources  had its own limitation, linked to 
interpretation of parameters by UN agencies 
(for example in the case of QCPR functions) or 
updated information (for example in terms of 
available resources by agencies for the CF 
implementation and data on monitoring 
indic ators). Data collection was designed to include a mix 
of methods in order to give voice to a wide 
spectrum of stakeholders.",Indonesia.pdf,UNCT,0.8074,Positive
Indonesia,"FGDs were organised to hear collective views of civil society, private sector and UN coordination groups. Alongside these direct interactions, the link to the online survey was shared with the UNCT (with invitation to 
all programme staff to fill it in), government and non -government partners as mapped during the inception 
phase. Interviewees and FGDs’ participants were also 
reminded to fill in the survey and to share it with relevant 
colleagues.",Indonesia.pdf,UNCT,0.5574,Positive
Indonesia,"To this end stakeholders have been mapped 
extrapolating UN agencies’ implementing partners and 
main contributing partners from UN Info, filtered them by number of agencies collaborating with them  and  CF 
outcomes covered, while ensuring a representation across all categories of stakeholders identified. This list was 
compared with the list provided by UNCT members which also included  reference to s pecific officials and 
representatives to be contacted . For the full list of organizations met see annex 9.2.",Indonesia.pdf,UNCT,0.34,Positive
Indonesia,"The team had  also the opportunity to meet with the local planning authorities , as done in NTT. Proper consideration was given to the opportunity of visiting Aceh or Papua (as the two provinces with the 
highest poverty rates – but overall low population), but, following consultations with the Evaluation Managers 
and the Resident Coordinator, these we re ruled out due to political sensitivities related to these areas, coupled 
with logistical constraints. The evaluation benefitted from the initial findings of some of the agencies country programme evaluation 
which were taking place in parallel .",Indonesia.pdf,RC,0.3716,Positive
Indonesia,"Information stored and updated in UNInfo  by agencies’ focal points and the RCO, were instrumental for this 
evaluation. In particular , the following data were extrapolated and analysed:  
• Required and available resources, and expenditure  
• Gender, Human rights and Sustaining Peace marker  and LNOB groups  
• QCPR functions (project’s modality)  
• Contributing partners and agencies  
• Distribution of sub -outputs  
• SDGs targets . Data recorded in  UNI nfo as of 1  July 2024, was downloaded in a spreadsheet and analysed using pivot table to 
summarise data by the above -mentioned categories and descriptive statistics to calculate value distributions.",Indonesia.pdf,UNCT,0.7096,Positive
Indonesia,"The synoptic table 
was also used to gain more information on some of the SOs and to create a visual mapping of the CF’s results 
chain (using a mind map) indicating t he overall linkages of the SOs to the outpu ts. The preliminary findings, following the data collection phase, were shared with the UNCT and the two key 
government counterparts (BAPPENAS and Ministry of Foreign Affairs) in three different briefing meetings, 
where no critical issues were raised and confi rmed resonance with the broad -brush findings. The first draft of 
the report was first reviewed by the group of evaluation managers, who provided guidance on how to ensure 
alignment with country context’s requisites (in terms of terminologies) and how to i mprove recommendations 
and overall report’s presentation.",Indonesia.pdf,UNCT,0.7184,Positive
Indonesia,"The first draft of 
the report was first reviewed by the group of evaluation managers, who provided guidance on how to ensure 
alignment with country context’s requisites (in terms of terminologies) and how to i mprove recommendations 
and overall report’s presentation. This revised first draft was shared with the wider UNCT, as well as 
BAPPENAS, Ministry of Foreign Affairs and the United Nations Evaluation Development Group for Asia and the 
Pacific  (UNEDAP). A presentation of this draft was made to the DMEL group f0llowed by an internal validation 
workshop attended by 25 UN technical staff, representing 13 agencies operating in Indonesia.",Indonesia.pdf,UNCT,0.836,Positive
Indonesia,"Written inputs on this first draft were collated by the RCO and reviewed by the evaluation team, and either 
reflected in the second draft or responded to. A final validation workshop was held with external partne rs 
(involved in the evaluation process)  and UNCT  to present the second draft and validate its main findings. 3.3 GOVERNANCE, QUALITY ASSURANCE AND ETHICAL STANDARDS  
The overall evaluation process was designed to span over an 8 -month period (April - November 2024) .",Indonesia.pdf,UNCT,0.8647,Positive
Indonesia,"The 
process outlined in the inception report and based on the Evaluation concept note, was slightly revised along 
the way . Clearance of evaluation design, sharing of preliminary findings and review of the report first draft were 
prerogative of the evaluation managers, UNCT, BAPPENAS  and Ministry of Foreign Affairs . UNEDAP work ed 
collaboratively with DCO to provide technical inputs to  the process to ensure the independence and quality of 
the evaluation.",Indonesia.pdf,UNCT,0.6597,Positive
Indonesia,"Clearance of evaluation design, sharing of preliminary findings and review of the report first draft were 
prerogative of the evaluation managers, UNCT, BAPPENAS  and Ministry of Foreign Affairs . UNEDAP work ed 
collaboratively with DCO to provide technical inputs to  the process to ensure the independence and quality of 
the evaluation. The evaluation benefitted from their suggestions and observations in terms of methodological 
approach.",Indonesia.pdf,DCO,0.7964,Positive
Indonesia,"An Evaluation Steering Committee was set up and reportedly engaged from the outset together with the 
Evaluation Managers  to guide the whole evaluation process. The list of Evaluation Steering Committee  
members is as follows : 
• UN Resident Coordinator (Co -chair)  
• Deputy Minister for  Development Funding, BAPPENAS  (Co-chair)  
• Director General of Multilateral Cooperation, Ministry of Foreign Affairs  
17 January 2025  
  
 20 
 • UNFPA Representative (DMEL Co -chair)  
• WFP Representative (DMEL Co -chair) . The Evaluation Team Leader and the National evaluator met with the members of the group during the 
inception phase (but the group was not convened as such) and the same were debriefed on preliminary findings 
at the end of the data collection phase of the p rocess during the month of August/early September.",Indonesia.pdf,RC,0.4019,Positive
Indonesia,"The Evaluation Team Leader and the National evaluator met with the members of the group during the 
inception phase (but the group was not convened as such) and the same were debriefed on preliminary findings 
at the end of the data collection phase of the p rocess during the month of August/early September. The 
debriefing was also conducted with the UNCT on August 22, 2024. The evaluation was  carried out in accordance with the principles described in both the UNEG Norms and 
Standards for Evaluation in the United Nations System and the UNEG Ethical Guidelines for Evaluation.",Indonesia.pdf,UNCT,0.7269,Positive
Indonesia,"apply these principles when conducting 
the evaluation, be ing inclusive and consider possible gender biases and other types of discrimination). It should 
be noted that, although they were not included in the prioritise d list of  stakeholders compiled by the UNCT , 
the evaluation team purposely ensured that the National Human Rights Commission, CSOs from different 
backgrounds and a youth initiative (U-Inspire) were consulted as part of the evaluation process. The gender and LNOB expert, part of the evaluation team, was tasked to review the CF’s results chain, 
monitoring framework and ToC through the gender and inclusivity lenses .",Indonesia.pdf,UNCT,0.0,Neutral
Indonesia,"Out of the 20 UN agencies signatories to the CF 2021 -2025, a handful deliver the bulk of UN funds in the country 
(see  Figure 5). This is a normal feature of UNCTs, given the different nature of the agencies’ operations, but it 
impacts inter -agency dynamics. IOM ’s large share of expenditure is mainly due to its humanitarian portfolio 
(assistance to refugees and asylum seekers).",Indonesia.pdf,UNCT,0.6652,Positive
Indonesia,"Stakeholders’ consultations confirmed these views. In particular , several interviewees underlined  the role 
played by the Resident Coordinator ( RC) in ensuring a consistent and coherent approach by the UN and how 
 
43 The online survey provided the following options for answer to the question “ Have the UN been able to provide effective and consistent 
policy support to Indonesia in order to achieve the SDGs?”: 1. Yes; 2.",Indonesia.pdf,RC,0.9001,Positive
Indonesia,"2.2. To what extent has the CF strengthened the coherence of support by UNCT members and sought 
partnerships (with civil society/private sector/local government/parliament/national human rights 
institutions/international development partners) to enhance achievement of results? Coherence is also important across different levels of interventions, in particular the potential of translating 
policy into action on the ground and vice versa learn from the pilot  projects at the local level to inform policy.",Indonesia.pdf,UNCT,0.743,Positive
Indonesia,"While environmental sustainability and GEWE have seen consistent efforts to mainstream  them 
throughout (even those with different degrees of success as we will see below), on LNOB and human rights 
evidence is sketchier. On one hand , the role of the RC and RCO in spearheading advocacy and capaci ty building  
was recognized  (especially in the area of gender, disability and LNOB) , on the other the evalu ation  registered 
the tendency to differentiate between ‘technical’ and ‘normative’ agencies creating a sense of incoherence in 
strategic approaches . A key challenge remains balancing respect for Indonesia’s cultural, political, and religious 
contexts while upholding the UN’s core values and principles.",Indonesia.pdf,RC,0.9501,Positive
Indonesia,"This was a forum to share 
17 January 2025  
  
 27 
 UN activities and/or discuss specific themes relevant to Indonesia’s sustainable development. However, the 
UNCT has not adopted an overall partnership strategy that could guide and support UN entities in their 
collective engagement with these different categories of partners, nor seem to have collectively reflected on 
how they could best engage with each of them in order to progress towards the CF results. In particular, 
engagement with civil society could be improved , as well as the national HRs instituti on.",Indonesia.pdf,UNCT,0.9735,Positive
Indonesia,"This is confirmed by a number of evaluations conducted either o f country programmes ( namely IFAD, UNFPA, 
UNDP, UN  Wome n45) or of specific projects  (see list in annex 9.1.2.1 ). Innovative solutions, often based on 
digitalization, were mentioned by stakeholders as success stories and enablers towards the achievement of the 
SDGs (especially in the health sector, see Outcome 1 below) but with potential overlaps and/or missed 
opportunities for promoting integration  across applications and functions. 44 the evaluation used the 2021 -23 figures derived from UNInfo, when there was a need to compare with available resources (for example 
to calculate delivery rates), as they were advised that ‘available resources’ were not updated systematically by all agencies  during the year.",Indonesia.pdf,UNCT,0.8248,Positive
Indonesia,"46 It should be noted that the SDGs - level indicators reported in the draft 2023 ARRs are different from the list of indicators retrieved from 
UNInfo. worsen
8%
improved 
by less than 
10 %
43%Improved 
by more 
than 10% 
less than 
50%)
38%more than 
50%
11%
Figure 10 - Outcome indicators - trend based on 
available data  
17 January 2025  
  
 30 
 The gender , disability and youth scorecards  registered significant advancements, supported by a strong RC 
leadership. This is confirmed by the survey (see  Figure 12)where we can see that the majority of the respondents 
feel that the UN has “significantly” or “very significantly” promoting all key principles linked to the concept of 
Leaving No One Behind, in particular gender equality and disability inclusion .",Indonesia.pdf,RC,0.7579,Positive
Indonesia,"Some 
indicators explicitly target and contribute to GEWE and specific LNOB groups, while others lack explicit sex 
disaggregation or references to specific vulnerable populations. Less than 50  percent  of outcome and output 
indicators significantly contribute to GEWE and LNOB, aligning with UNCT SWAP repor ts indicating that only 
44 percent  of UN programs directly contribute to these principles. However, there  is a growing emphasis on 
data disaggregation by sex, age, and specific LNOB groups (refugees, migrants, PLHIV, urban poor, rural 
women).",Indonesia.pdf,UNCT,-0.6808,Negative
Indonesia,"This is ref lected in the attribution 
of the Gender and Human  Rights markers (see  Figure 21 
and Figure 22), where the majority of SOs either do not 
contribute or do only in a limited way to GEWE and the 
realization of human rights (67 and 72 percent respectively). However, when asked to stakeholders in the field 
 
50 Digital transformation is expected to take a centre role in the next CF, as the UNCT has already initiated in 2024 a thematic group on this 
topic, prepared an initial mapping of current UN agendas (mainly by ITC on e -commerce capacities and UNESCO, on the ethics of AI) and 
is part of a multi -stakeholders partnership for Indon esia Digital Transformation. 51 Data from BAPPENAS’ SDGs das hboard, retrieved on 16 September 2024  
52 Data from BAPPENAS’ SDGs das hboard, retrieved on 16 September 2024  
53 Data from BAPPENAS’ SDGs das hboard, retrieved on 16 September 2024  
4%
63%25%8%
0 - Not expected to contribute 1 - Contributes in a limited way
2 - GEWE is a significant objective 3 - GEWE is the principal objective
Figure 21 - Outcome 2: Distribution of SOs by 
contribution to GEWE  
29%
43%18%10%
0 - Not expcted to contribute 1 - limited contribution
2 - significant contribution 3 - principal contribution
Figure 22 - Outcome 2: Distribution of SOs by 
Contribution to the realization of Human Rights  
17 January 2025  
  
 39 
 and at national level , there is a recognition of the efforts made by the UN to mainstream attention to the 
contribution of women and to those groups at risk of being left behind.",Indonesia.pdf,UNCT,-0.3182,Negative
Indonesia,"No significant 
differences are recorded across the three output areas, according to the survey respondents. Digitalization, an 
important precondition for the adoption of certain type of innovative solutions, does not feature clearly in the 
CF ToC, although the UNCT has set up a working group on “digital transformation”. The UNCT in Jakarta has 
also benefitted from the presence of the UN Global 
Pulse  Asia – Pacific (former Pulse Lab Jakarta) which 
builds stronger capabilities for data, innovation, digital, 
behavioural science and strategic foresight .",Indonesia.pdf,UNCT,0.8943,Positive
Indonesia,"Digitalization, an 
important precondition for the adoption of certain type of innovative solutions, does not feature clearly in the 
CF ToC, although the UNCT has set up a working group on “digital transformation”. The UNCT in Jakarta has 
also benefitted from the presence of the UN Global 
Pulse  Asia – Pacific (former Pulse Lab Jakarta) which 
builds stronger capabilities for data, innovation, digital, 
behavioural science and strategic foresight . In terms of adhering to the key programming principles 
of GEWE, LNOB and sustainability , this outcome does 
not seem to explicitly integrate them (compared to the 
other outcomes).",Indonesia.pdf,UNCT,0.903,Positive
Indonesia,"As already reported, there is a total 0f 24 JPs implemented in the CF  timeframe, which however 
represent only 6.6 percent  of total expenditure . The UNCT in Indonesia, as mandated globally, has an active Operations Management Team which implements 
a Business Operations Strategy (BOS). The gains 
achieved through this strategy, implementing mainly 
common services for the UN agencies working in 
Indonesia, are recorded in UNInfo.",Indonesia.pdf,UNCT,0.6249,Positive
Indonesia,"5.1. To what extent has the post reform Resident Coordinator Office leveraged UN’s convening power and 
ensured equitable coordination particularly in the event of potential overlaps, while maintaining coherence in 
agencies’ mandates? 5.2.",Indonesia.pdf,RC,0.0,Neutral
Indonesia,"At the highest level, the CF is under the Joint (UN and government) steering committee. In the case 
of Indonesia, this is represented by the UN-BAPPENAS  forum, but also complemented by the IUNCF  (Indonesia 
UN Consultative Forum), co -chaired by the RC with the Ministry of Foreign Affairs, and in particular its Working 
Group 1 on information sharing and Cooperation Development. Both committees meet on ce a year (with some 
preparatory meetings at the technical level).",Indonesia.pdf,RC,0.5719,Positive
Indonesia,"The DMEL is the group of reference when it comes to overall CF, but mainly for monitoring and reporting 
purposes. The SDG group, composed (on paper) by deputies of the UNCT members, was set up in 2021 and, 
according to its ToR was also tasked to “liaise and coordinate with the 4 CF Results Groups and other working 
groups to ensure coherence and integration” , among other important objectives. In a sense, it could have 
played the role that in other UNCTs is covered by the Programme Management Team (PMT) , ensu ring cross -
 
59 UN-BAPPENAS  forum on Development , Cooperation 2023 Concept note and Agenda  Impact and efficiency would benefit from better coordination.",Indonesia.pdf,UNCT,0.9628,Positive
Indonesia,"The SDG group, composed (on paper) by deputies of the UNCT members, was set up in 2021 and, 
according to its ToR was also tasked to “liaise and coordinate with the 4 CF Results Groups and other working 
groups to ensure coherence and integration” , among other important objectives. In a sense, it could have 
played the role that in other UNCTs is covered by the Programme Management Team (PMT) , ensu ring cross -
 
59 UN-BAPPENAS  forum on Development , Cooperation 2023 Concept note and Agenda  Impact and efficiency would benefit from better coordination. The CF coordination structure appears rather 
complex and fragmented.",Indonesia.pdf,UNCT,0.9217,Positive
Indonesia,"This is evidenced through 
the analysis of the groups ’ meetings’ agenda and reports as well as from the FGD held with this WG. The Gender 
Theme Group reportedly does not discuss directly the CF implementation and how to support the UNCT in 
mainstreaming GEWE in its implementation; however, it has been instrumental in increasing agencies’ and UN 
staff’s capacities on gender issues and coordinate joint initiatives in this regar d, including the organization of 
trainings on the Gender Equality Marker and mainstreaming gender in the UN Annual Results Reports. No coordination mechanisms have been established neither at provincial level nor in Jakarta to coordinate 
activities at the local level .",Indonesia.pdf,UNCT,0.3818,Positive
Indonesia,"Competition over resources and lack of joint planning also hinder coordination efforts. Text analysis of the interviews and FGDs notes revealed that, overall, the RC is considered to play a significant 
role in promoting collaboration and ensuring a coherent vision among UN agencies. The RC's leadership is 
essential in aligning efforts with go vernment priorities and facilitating joint advocacy on sensitive issues.",Indonesia.pdf,RC,0.7579,Positive
Indonesia,"The RC's leadership is 
essential in aligning efforts with go vernment priorities and facilitating joint advocacy on sensitive issues. Government counterparts by and large acknowledged the impact of UN reform in this regard , expressing 
appreciation for the role of the RC , while the UN HoAs call for a strong leadershi p and clear communication. UNInfo certainly facilitated joint reporting and sharing of information, but that is not enough to coordinate 
responses and articulate joint positioning when needed.",Indonesia.pdf,RC,0.7717,Positive
Indonesia,"17 January 2025  
  
 51 
 In terms of the inclination of activities to reduce social and economic vulnerability against external shocks, the 
CF appears to be moderately successful. This was reinforced by the pandemic, which led the UNCT to 
strengthen this aspect in view of the effect of the COVID -19 pandemic to the socio -economic situation of the 
country. A total of 65 SOs  have been included in the JWP tagged as contributing to economic and 
macroeconomic response and recovery and/or social cohesion and community resilience.",Indonesia.pdf,UNCT,0.3818,Positive
Indonesia,"17 January 2025  
  
 53 
 • government buy -in and ownership of pilot projects: aligning projects with national priorities and ensuring 
that there is a sense of ownership from the government  
• flexibility in project implementation to adapt to changing contexts and priorities  
• engaging local communities and stakeholders  (in particular youth) , working closely with community 
organizations and ensuring that interventions are locally owned and driven  
• robust monitoring and evaluation mechanisms to track the progress and impact of pilot projects  
• some projects were too short to be able to embed sufficient capacities and trigger behavioural  change . An analysis of CF SOs by QCPR functions61  shows that almost half of th em is designed to develop capacities 
and provide technical assistance, this is both at national and sub -national level. The function defined as “Policy 
Advice and Thought Leadership” , that one would expect to be a prominent in a UMIC, is mentioned only in 1 
every 4 SOs.",Indonesia.pdf,UNCT,0.926,Positive
Indonesia,"An analysis of CF SOs by QCPR functions61  shows that almost half of th em is designed to develop capacities 
and provide technical assistance, this is both at national and sub -national level. The function defined as “Policy 
Advice and Thought Leadership” , that one would expect to be a prominent in a UMIC, is mentioned only in 1 
every 4 SOs. While, not 
surprisingly, “service 
delivery” and “support 
functions” are very limited (6 
and 3 percent of the SOs  
respectively ).",Indonesia.pdf,UNCT,0.1578,Neutral
Indonesia,"The function defined as “Policy 
Advice and Thought Leadership” , that one would expect to be a prominent in a UMIC, is mentioned only in 1 
every 4 SOs. While, not 
surprisingly, “service 
delivery” and “support 
functions” are very limited (6 
and 3 percent of the SOs  
respectively ). While this 
categorization is useful for an 
assessment of UN footprint 
in a country, the evaluation 
team  notice s that 
interpretation of the 
functions is not consistent 
across agencies .",Indonesia.pdf,UNCT,0.5452,Positive
Indonesia,"While, not 
surprisingly, “service 
delivery” and “support 
functions” are very limited (6 
and 3 percent of the SOs  
respectively ). While this 
categorization is useful for an 
assessment of UN footprint 
in a country, the evaluation 
team  notice s that 
interpretation of the 
functions is not consistent 
across agencies . For 
example, “Policy Advice and 
Thought Leadersh ip” is 
described in UNInfo as 
“Activities/sub -outputs which provide evidence base, and where applicable, integrated policy advice and 
thought leadership to help countries implement and report on the 2030 Agenda, particularly by embedding the 
SDGs into national plans, policies and budge ts.” If we zoom in to see the type of activities listed  under this 
function, we find high -level policy work such as “support comprehensive social protection reforms” as well as 
specific activities to provide technical support to Digital transformation centres.",Indonesia.pdf,UNCT,0.8664,Positive
Indonesia,"While this 
categorization is useful for an 
assessment of UN footprint 
in a country, the evaluation 
team  notice s that 
interpretation of the 
functions is not consistent 
across agencies . For 
example, “Policy Advice and 
Thought Leadersh ip” is 
described in UNInfo as 
“Activities/sub -outputs which provide evidence base, and where applicable, integrated policy advice and 
thought leadership to help countries implement and report on the 2030 Agenda, particularly by embedding the 
SDGs into national plans, policies and budge ts.” If we zoom in to see the type of activities listed  under this 
function, we find high -level policy work such as “support comprehensive social protection reforms” as well as 
specific activities to provide technical support to Digital transformation centres. Clearly, there is a need to train 
agencies’ staff on how to classify their interventions in order for this information to be useful to assess 
sustainability as well as the effectiveness of the CF.",Indonesia.pdf,UNCT,0.9524,Positive
Indonesia,"The QCPR is the mechanism through which the General Assembly assesses the 
effectiveness, efficiency, coherence and impact of UN operational activities for development and establishes system -wide policy 
orientations for the development cooperation and country -level modalities of the UN system in response to the evolving internati onal 
development and cooperation environment. The review established 8 main functions and UN agencies need to tag their SOs with all of 
those that apply to their activities in UNInfo. Capacity 
Development/Technical 
Assistance
48%
Convening/Partners
hips/Knowledge 
Sharing
5%Data Collection 
and Analysis
6%Normative Support
8%Policy Advice and 
Thought Leadership
21%Support Functions
3%Other (including 
coordination)
3%Direct Support/ 
Service Delivery
6%
Figure 36 - No of SOs per QCPR functions  
17 January 2025  
  
 54 
 5 CONCLUSIONS  
Based on the above -presented findings, the following evaluation draws the following key conclusions:  
1.",Indonesia.pdf,UNCT,0.7003,Positive
Indonesia,"The review established 8 main functions and UN agencies need to tag their SOs with all of 
those that apply to their activities in UNInfo. Capacity 
Development/Technical 
Assistance
48%
Convening/Partners
hips/Knowledge 
Sharing
5%Data Collection 
and Analysis
6%Normative Support
8%Policy Advice and 
Thought Leadership
21%Support Functions
3%Other (including 
coordination)
3%Direct Support/ 
Service Delivery
6%
Figure 36 - No of SOs per QCPR functions  
17 January 2025  
  
 54 
 5 CONCLUSIONS  
Based on the above -presented findings, the following evaluation draws the following key conclusions:  
1. In terms of relevance , the CF is well aligned to national priorities and with the SDGs targets.",Indonesia.pdf,UNCT,0.6597,Positive
Indonesia,"Results have been 
achieved at district and village levels in different sectors (mainly on farming, social sectors, and energy) but 
not necessarily linked to national, policy level activities and vice versa. The UNCT lacks  a clear strategy , on 
how to support the implementation of national strategies at the local level and h ow pilot interventions will 
feed into national policies , thus not maximising the impact that pilots can have. 6.",Indonesia.pdf,UNCT,0.7876,Positive
Indonesia,"17 January 2025  
  
 55 
 This also reflects the lack of a shared ToC at outcome or even output level. These inconsistencies affect the 
reliability of information derived from UNInfo, which is a tremendous tool to showcase the work of the UN, 
map it against SDGs, geographical areas , functions, etc. leading to better coordination, coherence and 
accountability.",Indonesia.pdf,UNCT,0.4588,Positive
Indonesia,"This is rather 
complex and fragmented, with a large number of more or less active working groups, theme groups and 
task forces, stretching UN human resources to the limit (especially for smaller agencies and NRAs). The 
role of the RC in providing leadership and direction (avoiding overlaps and ensuring consistencies) is 
recognized, as well as that of the RCO in facilitating coordination for joint planning, implementation and 
reporting. Results groups, initially set up and co -chaired by UN and  BAPPENAS, did not survive the first 
year of CF implementation and even co -chairs meetings did not function.",Indonesia.pdf,RC,0.7328,Positive
Indonesia,"The 
role of the RC in providing leadership and direction (avoiding overlaps and ensuring consistencies) is 
recognized, as well as that of the RCO in facilitating coordination for joint planning, implementation and 
reporting. Results groups, initially set up and co -chaired by UN and  BAPPENAS, did not survive the first 
year of CF implementation and even co -chairs meetings did not function. The JSC (UN -BAPPENAS forum) 
holds regular formal meetings, but they do not seem to provide space for substantive discussion on the 
strategic approa ch to the CF and necessary adaptation to an evolving context.",Indonesia.pdf,UNCT,0.2732,Positive
Indonesia,"Analysis of SOs QCPR fun ctions shows a 
limited coverage of ‘policy advice and thought leadership’  which is something that is expected in a UMIC 
and that potentially contributes to sustainability of interventions. It is also noted that attribution of QCPR 
functions is not necessarily consistent across agencies. It is hence expected that, to increase sustainability 
of UN interventions, more emphasis is placed on capacit ies for policy -making and improved pilot projects’ 
design.",Indonesia.pdf,UNCT,0.7783,Positive
Indonesia,"62 UNSDG, 2023. “These include: (1) food systems; (2) energy access and affordability; (3) digital connectivity; (4) education; (5) jobs and 
social protection; and (6) climate change, biodiversity loss and pollution.”  
17 January 2025  
  
 57 
 6 RECOMMENDATIONS  
The recommendations  hereby presented, were part of the first draft reviewed by the Evaluation Managers, who 
provided feedback on their feasibility before being shared with the broader UNCT and key government 
counterparts. The above -mentioned internal validation workshop provided further suggestions on how these 
could be improved, as well as the written comments submitted by the UN agencies, government and UNEDAP.",Indonesia.pdf,UNCT,0.7506,Positive
Indonesia,"This will not only facilitate 
alignment, but also reporting  Linked to 
conclusions no. 1, 
6, 10 High  UNCT with 
counterpar
ts Short -
term (part 
of the 
next CF 
design 
process)  
2. Enhance effectiveness of pilot 
projects:  
2.1.",Indonesia.pdf,UNCT,-0.4215,Negative
Indonesia,"2.2. RCO to prepare, in consultation with 
UNCT and GoI, a guidance note on 
pilots  to ensure consistency in 
approaches, linkages with national Conclusion no. 2, 
5 Medium  RCO, UN 
WGs  Short -
term  
17 January 2025  
  
 58 
 Recommendations  Relevance  Priority  Target  Time  
policies and alignment with local 
priorities  
3.",Indonesia.pdf,UNCT,0.1027,Neutral
Indonesia,"Establish light UN coordination 
structures at the provincial/district 
level as platform for UN agencies 
working in that area to interact, 
share information and identify 
opportunities for contributions 
(including tapping into UN agencies’ 
expertise that is not present on the 
ground)  which will feedback to the 
national level to relevant WGs  
 Conclusions no. 2, 5, 9 High  UNCT, 
Min. of 
Home 
Affairs, 
local 
governme
nts Medium 
(once 
priorities 
at 
national 
level are 
defined)  
4.",Indonesia.pdf,UNCT,0.3818,Positive
Indonesia,"5.2. Continue the good practice by RCO 
(with concerned agencies) to offer 
RBM trainings and specific sessions 
on how to interpret UNInfo data 
categories (markers, QCPR 
functions, available resources, etc) . 5.3.",Indonesia.pdf,UNCT,0.4404,Positive
Indonesia,"5.3. Consider appointing a few “UNInfo 
champions” across agencies ( led by 
RCO) to act as first - respondents to 
guide colleagues on how to classify 
their SOs and write narrative for 
reporting, including markers and 
QCPR functions , notwithstanding 
the need to have a UNInfo focal 
point in each agency. 5.4.",Indonesia.pdf,UNCT,0.0,Neutral
Indonesia,"Address issues of perceived and 
actual inefficiencies in procurement 
and decision -making processes:  
6.1. Consider to hold briefing sessions to 
implementing partners to explain 
how the UN procurement systems 
function and the rationale behind 
certain processes  
6.2. Look into potential inefficiencies in 
procurement process and undertake 
a diagnostic to identify factors and 
how to address them .",Indonesia.pdf,UNCT,0.2732,Positive
Indonesia,"RCO to continue to explore 
opportunities for joint funding and 
JPs, including for area -based 
program mes and programmes that 
need a cross -sectoral approach (such 
as food systems, digital 
transformation, energy transition, 
sustainable consumption) and 
ensure that responsibilities among 
participating agencies are clearly 
defined  Conclusion no. 10, 11 Medium  RCO, RGs, 
UNCT  Short/me
dium 
term  
8. Revamp coordination structure 
differentiating between operational 
coordination and strategic 
guidance:  
8.1.",Indonesia.pdf,UNCT,0.7783,Positive
Indonesia,"Revamp coordination structure 
differentiating between operational 
coordination and strategic 
guidance:  
8.1. Consider establishing a Programme 
Management Team (PMT), to 
empower the SDG group, or to 
assign directly to the UNCT to take 
the task of overseeing the 
implementation of the CF. The 
group should regularly discuss 
advancements in each outcome 
areas, identif y cross - fertilizations 
and give directions on how change 
in the context might affect the CF’s 
ToC – the group should interact with 
BAPPENAS (different directorates) 
in order to prepare for the JSC 
meetings.",Indonesia.pdf,UNCT,0.0,Neutral
Indonesia,"Conclusion no. 9 High  UNCT  Medium  
9. Expand partnerships and 
engagement with civil society at 
national and local level:  Conclusion no.",Indonesia.pdf,UNCT,0.2263,Positive
Indonesia,"Develop joint messages/position 
papers on issues that are key 
priorities for UN action in the 
country, to be used for joint 
advocacy, programming, 
partnership -building  Conclusions no. 2  High  UNCT, 
UNCG  short  
 
  
17 January 2025  
  
 62 
 7 LIMITATIONS AND LESSONS LEARNED  
Some of the limitations of this evaluation were already acknowledged in the inception report, while others 
emerged in the course of the evaluation process. These are listed below:  
• Limited availability of monitoring data and overall monitoring fra mework :  
• while it is important to align indicators and targets to nationally -set ones, this limited the ability 
to assess the performance of the CF, as not all outcome level indicators had targets, and those 
that had them, were aligned to the RPJMN 2024 targets (not set for 2025 as is the CF timeframe).",Indonesia.pdf,UNCT,-0.2789,Negative
Indonesia,"These are listed below:  
• Limited availability of monitoring data and overall monitoring fra mework :  
• while it is important to align indicators and targets to nationally -set ones, this limited the ability 
to assess the performance of the CF, as not all outcome level indicators had targets, and those 
that had them, were aligned to the RPJMN 2024 targets (not set for 2025 as is the CF timeframe). • output level indicators were reviewed  in 2022 following the DCO’s introduction of a global, 
output -level indicators , making it difficult for the team to set baselines and measurable targets. Some of the output indicators’ data are presented  at agency -level  and  not collated .",Indonesia.pdf,DCO,-0.3453,Negative
Indonesia,"However, the rather homogenous responses to the 
question on the level progress made in each CF results area suggest that it would have been more 
informative if the linear scale provided was broader . 17 January 2025  
  
 64 
 8 SUMMARY PERFORMANCE RATING  
This table is derived from the UNEG -DCO UNSDCF Evaluation Guidelines (2021). For each criteria the overall 
rating is the median score .",Indonesia.pdf,DCO,0.4215,Positive
Indonesia,"Quality of RCO leadership and effective oversight  S - 5 section 3. 5 
F2.1 Quality of CF implementation by UNCT  S - 5 section 3.3  
F3. Quality of UNCT coordination and integration  MU - 3 section 3.5  
F4.",Indonesia.pdf,UNCT,0.4767,Positive
Indonesia,"5 
F2.1 Quality of CF implementation by UNCT  S - 5 section 3.3  
F3. Quality of UNCT coordination and integration  MU - 3 section 3.5  
F4. National ownership on the CF  S - 5 sections 3.1, 3.7  
F5.",Indonesia.pdf,UNCT,0.0,Neutral
Indonesia,"Communication, knowledge management and M&E  S - 5 sections 3.3., 3.5  
F7. Quality of UNCT collective and joint efforts  S - 5 section 3.3  
OVERALL RATING  S - 5  
 
Rating  Ordinal scale  Description  
Highly Satisfactory  (HS)  
 6  “Level of achievement of outputs/outcomes clearly 
exceeds  expectations and/or there were no short 
comings.”  
Satisfactory (S)  5 “Level of achievement of outputs/outcomes was as 
planned  and/or there were no or minor short comings.”  
Moderately  Satisfactory (MS)  
 4 “Level of achievement of outputs/outcomes likely to be 
as planned and/or there were moderate short comings.”  
 
Moderately  Unsatisfactory (MU)  3 “Level of achievement of outputs/outcomes somewhat 
lower  than planned and/or there were significant 
shortcomings.”  
Unsatisfactory (U)  2 “Level of achievement of outputs/outcomes substantially  
lower than planned and/or there were major short 
comings.”  
Highly Unsatisfactory  (HU)  
 1 “Only a negligible level of achievement of planned  
outputs/outcomes and/or there were severe short 
comings.”  
Unable to Assess (UA)  0 The available information does not allow an assessment 
of the level of achievements. SUSTAINABILITY  
The sustainability will be assessed taking into account the risks related to financial, socio -political, institutional,  
and environmental sustainability of outcomes.",Indonesia.pdf,UNCT,0.077,Neutral
Indonesia,"“Disability Situation Analysis Challenges and Barriers for People with Disability in Indonesia”. 17 January 2025  
  
 68 
 UNEG & DCO (September 2021). Guidelines for the  Evaluation of the United  Nations Sustainable  
Development Cooperatio n Framework  
UN Indonesia  (2022 ).",Indonesia.pdf,DCO,0.4767,Positive
Indonesia,"• RGs (or other coordination 
mechanisms) demonstrate to 
be a forum for policy discussion 
and seeking complementarity 
of policy interventions  
•  Results being reported show 
complementarity and 
coherence of UN actions across 
and within sectors  
• Counterparts recognize the 
coherence in UN policy support 
and can provide examples in 
this regard  • RGs’ meetings’ 
minutes (or other 
relevant WGs)  
• RGs/WGs members  
• Annual Results 
Reports  
• Gov’t counterparts  
• Int’l development 
partners  • Interviews  
• FGDs with RGs/WGs  
• Desk review of Annual 
Results Reports  
• Survey  
17 January 2025  
  
 76 
 Evaluation Criteria  
 Main Evaluation 
Questions  Evaluation Sub -questions  Assumptions to be assessed  Source of information  Methods and tool for 
data collection and 
analysis  
  2.2. To what extent has the CF 
strengthened the coherence of 
support by UNCT members and 
sought partnerships (with civil 
society/private sector/local 
government/parliament/national 
human rights 
institutions/international 
development partners) to enhance 
achievement of results? • UN RGs/UNCT find that the CF 
facilitated improved coherence 
in the work of the UN  
• UN RGs/UNCT find that the 
design and implementation of 
the CF was instrumental in 
forging new partnerships for 
better results  
• Gov’t and non -gov’t partners 
find that the UNCT effectively 
partnered with others to 
achieve results under the CF  
• Reported results demonstrate 
UN coherence towards 
common results  • UNCT  
• RGs members  
• BAPPENAS  
• Int’l partners  
• Local governments  
• Other partners TBD  
• Annual Results 
Reports  
 • Interviews  
• FGDs with specific 
groups of partners 
(private sectors?",Indonesia.pdf,UNCT,0.9474,Positive
Indonesia,"To what extent has the CF 
strengthened the coherence of 
support by UNCT members and 
sought partnerships (with civil 
society/private sector/local 
government/parliament/national 
human rights 
institutions/international 
development partners) to enhance 
achievement of results? • UN RGs/UNCT find that the CF 
facilitated improved coherence 
in the work of the UN  
• UN RGs/UNCT find that the 
design and implementation of 
the CF was instrumental in 
forging new partnerships for 
better results  
• Gov’t and non -gov’t partners 
find that the UNCT effectively 
partnered with others to 
achieve results under the CF  
• Reported results demonstrate 
UN coherence towards 
common results  • UNCT  
• RGs members  
• BAPPENAS  
• Int’l partners  
• Local governments  
• Other partners TBD  
• Annual Results 
Reports  
 • Interviews  
• FGDs with specific 
groups of partners 
(private sectors? MPs?)",Indonesia.pdf,UNCT,0.9318,Positive
Indonesia,"To what extent has the UN 
managed to make progress 
towards the CF results, 
contributing to institutional 
changes that accelerate progress 
towards the SDGs? • Progress in monitoring 
outcome indicators is on track 
to reach set targets by the end 
of the programme cycle  
• Output level monitoring 
indicators reach their annual 
targets  
• Results reported by UN 
agencies describe progress 
towards the CF results in line 
with the underlying ToC as well 
as  demonstrate that they 
contributed to building 
capacities, legislative and 
behavioural changes  
• UN and partners can describe 
results achieved in line with the • UNInfo reports  
• Annual Results 
Reports  
• Relevant Evaluation 
reports  
• RGs’ members  
• UNCT  
• Gov’t and non -gov’t 
partners  
• GOI Official Reports: 
RPJMN Mid Term 
Evaluation  
• Published data from 
Statistics Indonesia  • Desk review and analysis 
of UNInfo reports and 
annual reports  
• Interviews  
• FGDs with RGs and with 
sectoral stakeholders 
(TDB)  
• Survey  
 
17 January 2025  
  
 77 
 Evaluation Criteria  
 Main Evaluation 
Questions  Evaluation Sub -questions  Assumptions to be assessed  Source of information  Methods and tool for 
data collection and 
analysis  
CF’s expectations and indicate 
how the UN is contributing to 
accelerate progress towards 
the SDGs (including 
digitalization)  
• CF results were designed to 
contribute to system 
strengthening and 
behavioural/legislative changes  
• RGs members can provide 
examples of behavioural and 
institutional changes triggered 
by their interventions  
• Gov’t and Non -Govt 
counterparts assess that the CF 
contributed to such changes 
and can provide concrete 
examples  
 3.2. To what extent has the CF 
supported human rights principles 
and contributed to the promotion 
of gender equality, women’s 
empowerment, promotion human 
rights, including disability 
inclusion and empowering 
vulnerable  communities?",Indonesia.pdf,UNCT,0.9599,Positive
Indonesia,"• UN and partners assess that 
the CF managed to support 
HRs principles and contributed 
to GEWE as well as 
empowerment of youth, 
people with disability and 
vulnerable  communities and 
can provide concrete 
examples. • Direct beneficiaries  
• Relevant government 
counterparts:  
MOSA, Ministry of 
Woman 
Empowerment& 
Child  Protection, 
Ministry of Law and 
Human Rights  
• Development 
Partners  
• UNCT, RGs, MEL  
• UNInfo reports  
• Gender, Youth and 
disability scorecards  
  3.3. To what extent did CF adopt 
results -based management 
practices in its design, 
implementation, monitoring and • The CF features a clear results 
framework with monitoring 
indicators logically derived • CF related 
documents  
• RGs’ proceedings  
• RGs’ members  • Desk review  
• FGDs with RGs and MEL  
17 January 2025  
  
 79 
 Evaluation Criteria  
 Main Evaluation 
Questions  Evaluation Sub -questions  Assumptions to be assessed  Source of information  Methods and tool for 
data collection and 
analysis  
evaluation to ensure the 
achievement of results?",Indonesia.pdf,UNCT,0.891,Positive
Indonesia,"What were the gaps, if any? • A multi -year funding 
framework was developed in 
line with the CF results 
framework  
• UN entities’ country 
programmes reflect a budget 
aligned with the CF’s funding 
framework  
• A resource mobilization 
strategy was developed and 
implemented in line with the 
CF funding framework  
• Innovative funding instruments 
and partnerships were 
established to finance the CF  
• UNCT members provide 
examples of how funding 
instruments were properly 
leveraged to implement the CF  
• RCO partnerships officer 
provides evidence on how the 
CF’s implementation was • MYFF  
• UNInfo resource 
availability reports by 
year  
• UN entities’ 
programme 
documents  
• Resource 
mobilization strategy  
• Other relevant 
documents  
• UNCT/RCO 
(partnership officer)  • Desk review  
• Interviews  
 
17 January 2025  
  
 80 
 Evaluation Criteria  
 Main Evaluation 
Questions  Evaluation Sub -questions  Assumptions to be assessed  Source of information  Methods and tool for 
data collection and 
analysis  
supported by joint resource 
mobilization efforts  
• Funding gaps by outcome and 
outputs are not over 50% or 
else can be justified by specific 
circumstances  
  4.2. Did UN coordination reduce 
transaction costs for UN agencies 
and their partners and increase 
the efficiency of CF 
implementation?",Indonesia.pdf,UNCT,0.9013,Positive
Indonesia,"Did UN coordination reduce 
transaction costs for UN agencies 
and their partners and increase 
the efficiency of CF 
implementation? • The analysis of UN 
interventions (suboutputs) 
does not show duplication of 
efforts  
• Stakeholders (UN and 
partners) assess that UN 
coordination in the 
implementation of the CF 
helped to reduce transaction 
costs  • JWPs  
• UN entities country 
programmes  
• Annual reports  
• UNCT/RGs members  
• Gov’t counterparts  
• Development 
partners  • Desk review  
• Interviews  
• FGDs with RGs  
• Survey  
  4.3. To what extent were resources 
(human, expertise, financial and 
materials) efficiently allocated and 
used to implement the CF in a 
timely way?",Indonesia.pdf,UNCT,0.782,Positive
Indonesia,"5.1. . To what extent has the post 
reform Resident Coordinator 
Office leveraged UN’s convening 
power and ensured  equitable 
coordination particularly in the 
event of potential overlaps, while 
maintaining coherence in 
agencies’ mandates? • Gov’t counterparts and int’l 
development partners mention 
the role of the RC/RCO in 
convening and coordinating 
the UNCT towards coherent 
approaches  
• Documentation of 
coordination mechanisms and 
tools shows that they have 
managed to address equal 
coordination and avoided 
overlaps  
  • Gov’t counterparts  
• International 
development 
partners  
• UNCTs  
• WGs reports/minutes  
• RGs/WGs/UNCT 
meetings’ minutes 
and reports  
 • Interviews  
• Survey  
• Desk review  
 
  5.2.",Indonesia.pdf,RC,-0.34,Negative
Indonesia,"To what extent has the post 
reform Resident Coordinator 
Office leveraged UN’s convening 
power and ensured  equitable 
coordination particularly in the 
event of potential overlaps, while 
maintaining coherence in 
agencies’ mandates? • Gov’t counterparts and int’l 
development partners mention 
the role of the RC/RCO in 
convening and coordinating 
the UNCT towards coherent 
approaches  
• Documentation of 
coordination mechanisms and 
tools shows that they have 
managed to address equal 
coordination and avoided 
overlaps  
  • Gov’t counterparts  
• International 
development 
partners  
• UNCTs  
• WGs reports/minutes  
• RGs/WGs/UNCT 
meetings’ minutes 
and reports  
 • Interviews  
• Survey  
• Desk review  
 
  5.2. To what extent the UN system, 
together with the government, 
managed to coordinate the 
implementation of joint workplans 
and UN agencies’ specific 
programmes to maximize 
efficiency, coverage, and reaching 
the most vulnerable (disabled, 
women, youth, etc.)",Indonesia.pdf,UNCT,-0.0754,Neutral
Indonesia,"? • Consistency between JWPs 
and UN entities’ programmes 
and complementarity to 
maximise geographical 
coverage  
• RGs (and other WGs) were 
used as platforms to 
coordinate responses, 
maximise geographical and 
vulnerable groups’ coverage  • This is to be responded in conjunction with 
question 1.1., 3.2. and 4.2  
17 January 2025  
  
 82 
 Evaluation Criteria  
 Main Evaluation 
Questions  Evaluation Sub -questions  Assumptions to be assessed  Source of information  Methods and tool for 
data collection and 
analysis  
ORIENTATION 
TOWARDS IMPACT  
WHAT  DIFFERENCE 
DO CF 
INTERVENTIONS 
MAKE? 6.",Indonesia.pdf,UNCT,-0.3094,Negative
Indonesia,"To what extent is likely that 
progress towards the CF’s results 
and the SDGs is sustained by 
national partners and 
stakeholders over time? • Counterparts demonstrate a 
high level of ownership over 
the programmes being 
implemented  
• UN-supported initiatives 
(policies, mechanisms, tools) 
are being incorporated into 
national and local structures as 
well as budgets  
• Stakeholders think that 
conditions are there for results 
to be sustained over time  • Gov’t counterparts 
(local and national 
level)  
• Projects’ evaluations  
• UNCT  
• Other partners  • Interviews  
• Survey  
• Field visits  
• Desk review  
DRAFT 1 AS OF 23 SEPTEMBER 2024  
  
 
 84 9.4 UN COORDINATION STRUCTURE  
  
  

17 January 2025  
  
 85 
 9.5 STAKEHOLDERS’ SURVEY RESULTS  
  
1.00 1.50 2.00 2.50 3.00 3.50 4.00Social ProtectionFood security and nutritionHealth and sexual reproductive
healthAddress maternal and newborn
mortalityWater/sanitation and hygieneEducationGovernance and rule of lawCountering violent extremismsMigration governanceEnding violence against women,
children and other harmful
practices
Other partners Gov't CSOs UN staff
Figure 38 - Responses to the survey: Effectiveness Outcome 1, by 
category of respondents*  
*responding to the question: “how effective is the UN in achieving the 
results outlined in the results framework in the following areas? 1.00 1.50 2.00 2.50 3.00 3.50 4.00Industry 4.0 and Circular economySkills developmentAgriculture and rural developmentLocal developmentSupport to SMEsWomen's economic empowermentInclusive jobs and livelihoods (services and
capacities)
other partners Gov't CSOs UN staff
Figure 37 - Responses to the survey: Effectiveness Outcome 2, by 
category of respondents*  
 
*responding to the question: “how effective is the UN in achieving the results 
outlined in the results framework in the following areas?",Indonesia.pdf,UNCT,0.7131,Positive
Serbia,"FINAL EVALUATION  United Nations Sustainable Development Cooperation Framework (UNSDCF) for Serbia  (2021-2025)  Final Version                 Prepared by UNSDCF Final Evaluation Team: Dr. Rastislav Vrbensky Dr. Marija Babovic           BELGRADE, FEBRUARY 2025   
Final Evaluation, UN Sustainable Development Cooperation Framework for Serbia (2021-2025)   _________________________________________________________________________________________________________  
 ____________________________________________________________________________________        2  ACKNOWLEDGEMENT  The author wishes to express sincere gratitude to the many dedicated colleagues from various Ministries and related institutions of the Government of the Republic of Serbia, UN Agencies and development partners, including a wide range of civil society, academia and private sector, as well as most vulnerable for their invaluable time, resources, and materials that facilitated this Final Evaluation. Special thanks go to the UN Resident Coordinator, Ms. Matilde Mordt, Ms. Jelena Milovanovic, and Mr. Ozren Runic from RCO for their guidance, support and exceptional coordination of this exercise. The hope is that this Final Evaluation and the conclusions and recommendations presented here will effectively guide the future work of the United Nations Country Team (UNCT) in Serbia.",Serbia.pdf,RC,0.9819,Positive
Serbia,"Special thanks go to the UN Resident Coordinator, Ms. Matilde Mordt, Ms. Jelena Milovanovic, and Mr. Ozren Runic from RCO for their guidance, support and exceptional coordination of this exercise. The hope is that this Final Evaluation and the conclusions and recommendations presented here will effectively guide the future work of the United Nations Country Team (UNCT) in Serbia. Final Evaluation, UN Sustainable Development Cooperation Framework for Serbia (2021-2025)   _________________________________________________________________________________________________________  
 ____________________________________________________________________________________        3  LIST OF ACRONYMS  CA  Contribution Analysis CCA  Common Country Analysis DAC  Development Assistance Committee of the OECD EC  European Commission EU  European Union FE  Final Evaluation FMC  Financial Management Control GBV  Gender-Based Violence GoS  Government of Serbia IA  Internal Audit IFIs  International Financial Institutions JSC  Joint Steering Committee JWP  Joint Work Plans LSG  Local Self-Governments M&E  Monitoring & Evaluation MAF  Management and Accountability Framework MEG  Monitoring and Evaluation Group MoF  Ministry of Finance NPAA  National Programme for the Adoption of the EU Acquis OMT  Operations Management Team RCO  Resident Coordinator’s Office RGs  Results Groups JSC  Joint Steering Committee SDGs  Sustainable Development Goals ToC  Theory of Change ToR  Terms of Reference UMIC  Upper-Middle-Income Country UN  United Nations UNCT  United Nations Country Team UNDP  United Nations Development Programme UNEG  United Nations Evaluation Group UNESCO United Nations Educational, Scientific and Cultural Organization UNFPA  United Nations Population Fund UNHCR  United Nations High Commissioner for Refugees UNICEF United Nations Children's Fund UNODC United Nations Office on Drugs and Crime UNOPS  United Nations Office for Project Services UNSDCF United Nations Sustainable Development Cooperation Framework VNR   Voluntary National Review WHO  World Health Organization        
Final Evaluation, UN Sustainable Development Cooperation Framework for Serbia (2021-2025)   _________________________________________________________________________________________________________  
 ____________________________________________________________________________________        4  TABLE OF CONTENTS  LIST OF ACRONYMS .................................................................................................................................................................. 3 LIST OF TABLES ........................................................................................................................................................................... 5 TABLE OF FIGURES ..................................................................................................................................................................... 5 1 EXECUTIVE SUMMARY .................................................................................................................................................... 6 2 BACKGROUND – UNSDCF EVALUATION CONTEXT ...................................................................................... 13 2.1 Introduction .............................................................................................................................................................. 13 2.2 Country Context .................................................................................................................................................... 13 3 UNSDCF SERBIA (2021-2025) – MAIN CHARACTERISTICS ............................................................................... 16 4 OBJECTIVES AND PURPOSE OF EVALUATION .................................................................................................... 17 5 EVALUATION APPROACH AND METHODOLOGY ........................................................................................... 18 5.1 The Evaluation Approach ...................................................................................................................................... 18 1.1 Evaluation Methodology ........................................................................................................................................ 19 6 EVALUATION FINDINGS .............................................................................................................................................. 24 6.1 RELEVANCE & ADAPTABILITY ......................................................................................................................... 24 6.1.1 RELEVANCE ....................................................................................................................................................... 24 6.1.2 ADAPTABILITY .................................................................................................................................................. 29 6.2 COHERENCE & COORDINATION ................................................................................................................. 31 6.2.1 Internal Coherence and Coordination .......................................................................................................... 32 6.2.2 External Coherence and Coordination ......................................................................................................... 34 6.3 EFFECTIVENESS ...................................................................................................................................................... 36 6.3.1 Quantifying achievements – brief presentation of methodology for measuring results .................... 36 6.3.2 Progress towards the attainment of the outcomes, goals and targets .................................................. 37 6.3.3 UNSDCF’ contribution to SDGs .................................................................................................................... 47 6.3.4 Factors influencing effectiveness ..................................................................................................................... 49 6.3.5 Outreach to vulnerable groups, gender equality and human rights ....................................................... 50 6.3.6 Programmatic Principles ................................................................................................................................... 51 6.4 EFFICIENCY ............................................................................................................................................................. 53 6.5 ORIENTATION TOWARDS IMPACT AND SUSTAINABILITY ............................................................... 59 6.5.1 Orientation towards impact ............................................................................................................................ 59 1.1.1 Sustainability of CF Initiatives .......................................................................................................................... 65 7 CONCLUSIONS AND RECOMMENDATIONS ....................................................................................................... 66 7.1 CONCLUSIONS ..................................................................................................................................................... 66 7.2 KEY RECOMMENDATIONS ............................................................................................................................... 70 OPERATIONAL RECOMMENDATIONS ....................................................................................................................... 74 8 LIMITATIONS AND LESSONS LEARNED ................................................................................................................. 75 8.1 LIMITATIONS .......................................................................................................................................................... 75 8.2 Lessons Learned ...................................................................................................................................................... 75 ANNEXES ..................................................................................................................................................................................... 77 Annex I: UNSDCF Serbia (2021-2025) Summary Performance Rating ..................................................................... 77 Annex II: List of Documents Consulted ............................................................................................................................ 80 
Final Evaluation, UN Sustainable Development Cooperation Framework for Serbia (2021-2025)   _________________________________________________________________________________________________________  
 ____________________________________________________________________________________        5  Annex III.",Serbia.pdf,UNCT,0.9914,Positive
Serbia,"The hope is that this Final Evaluation and the conclusions and recommendations presented here will effectively guide the future work of the United Nations Country Team (UNCT) in Serbia. Final Evaluation, UN Sustainable Development Cooperation Framework for Serbia (2021-2025)   _________________________________________________________________________________________________________  
 ____________________________________________________________________________________        3  LIST OF ACRONYMS  CA  Contribution Analysis CCA  Common Country Analysis DAC  Development Assistance Committee of the OECD EC  European Commission EU  European Union FE  Final Evaluation FMC  Financial Management Control GBV  Gender-Based Violence GoS  Government of Serbia IA  Internal Audit IFIs  International Financial Institutions JSC  Joint Steering Committee JWP  Joint Work Plans LSG  Local Self-Governments M&E  Monitoring & Evaluation MAF  Management and Accountability Framework MEG  Monitoring and Evaluation Group MoF  Ministry of Finance NPAA  National Programme for the Adoption of the EU Acquis OMT  Operations Management Team RCO  Resident Coordinator’s Office RGs  Results Groups JSC  Joint Steering Committee SDGs  Sustainable Development Goals ToC  Theory of Change ToR  Terms of Reference UMIC  Upper-Middle-Income Country UN  United Nations UNCT  United Nations Country Team UNDP  United Nations Development Programme UNEG  United Nations Evaluation Group UNESCO United Nations Educational, Scientific and Cultural Organization UNFPA  United Nations Population Fund UNHCR  United Nations High Commissioner for Refugees UNICEF United Nations Children's Fund UNODC United Nations Office on Drugs and Crime UNOPS  United Nations Office for Project Services UNSDCF United Nations Sustainable Development Cooperation Framework VNR   Voluntary National Review WHO  World Health Organization        
Final Evaluation, UN Sustainable Development Cooperation Framework for Serbia (2021-2025)   _________________________________________________________________________________________________________  
 ____________________________________________________________________________________        4  TABLE OF CONTENTS  LIST OF ACRONYMS .................................................................................................................................................................. 3 LIST OF TABLES ........................................................................................................................................................................... 5 TABLE OF FIGURES ..................................................................................................................................................................... 5 1 EXECUTIVE SUMMARY .................................................................................................................................................... 6 2 BACKGROUND – UNSDCF EVALUATION CONTEXT ...................................................................................... 13 2.1 Introduction .............................................................................................................................................................. 13 2.2 Country Context .................................................................................................................................................... 13 3 UNSDCF SERBIA (2021-2025) – MAIN CHARACTERISTICS ............................................................................... 16 4 OBJECTIVES AND PURPOSE OF EVALUATION .................................................................................................... 17 5 EVALUATION APPROACH AND METHODOLOGY ........................................................................................... 18 5.1 The Evaluation Approach ...................................................................................................................................... 18 1.1 Evaluation Methodology ........................................................................................................................................ 19 6 EVALUATION FINDINGS .............................................................................................................................................. 24 6.1 RELEVANCE & ADAPTABILITY ......................................................................................................................... 24 6.1.1 RELEVANCE ....................................................................................................................................................... 24 6.1.2 ADAPTABILITY .................................................................................................................................................. 29 6.2 COHERENCE & COORDINATION ................................................................................................................. 31 6.2.1 Internal Coherence and Coordination .......................................................................................................... 32 6.2.2 External Coherence and Coordination ......................................................................................................... 34 6.3 EFFECTIVENESS ...................................................................................................................................................... 36 6.3.1 Quantifying achievements – brief presentation of methodology for measuring results .................... 36 6.3.2 Progress towards the attainment of the outcomes, goals and targets .................................................. 37 6.3.3 UNSDCF’ contribution to SDGs .................................................................................................................... 47 6.3.4 Factors influencing effectiveness ..................................................................................................................... 49 6.3.5 Outreach to vulnerable groups, gender equality and human rights ....................................................... 50 6.3.6 Programmatic Principles ................................................................................................................................... 51 6.4 EFFICIENCY ............................................................................................................................................................. 53 6.5 ORIENTATION TOWARDS IMPACT AND SUSTAINABILITY ............................................................... 59 6.5.1 Orientation towards impact ............................................................................................................................ 59 1.1.1 Sustainability of CF Initiatives .......................................................................................................................... 65 7 CONCLUSIONS AND RECOMMENDATIONS ....................................................................................................... 66 7.1 CONCLUSIONS ..................................................................................................................................................... 66 7.2 KEY RECOMMENDATIONS ............................................................................................................................... 70 OPERATIONAL RECOMMENDATIONS ....................................................................................................................... 74 8 LIMITATIONS AND LESSONS LEARNED ................................................................................................................. 75 8.1 LIMITATIONS .......................................................................................................................................................... 75 8.2 Lessons Learned ...................................................................................................................................................... 75 ANNEXES ..................................................................................................................................................................................... 77 Annex I: UNSDCF Serbia (2021-2025) Summary Performance Rating ..................................................................... 77 Annex II: List of Documents Consulted ............................................................................................................................ 80 
Final Evaluation, UN Sustainable Development Cooperation Framework for Serbia (2021-2025)   _________________________________________________________________________________________________________  
 ____________________________________________________________________________________        5  Annex III. UNSDCF evaluation matrix .............................................................................................................................. 81 Annex IV: Theory of Change Chart (Original UNSDCF Serbia 2021-2025) ........................................................... 85 Annex V. Updated comprehensive stakeholder map ..................................................................................................... 90 Annex VI: The Stakeholders’ Sampling Table .................................................................................................................. 90 Annex VII: Interview Protocols/ Guides ........................................................................................................................... 92 Annex VIII: Agenda Of In-Country Visit and Proposed Meetings ............................................................................... 97 Annex IX: Detail Final Evaluation Survey Results ......................................................................................................... 100 Annex X: Bios of Final Evaluation Team ......................................................................................................................... 100 Annex XI: Final Evaluation Terms of Reference ........................................................................................................... 100 Annex XII: Final Evaluation Inception Report ................................................................................................................ 100 Annex XIII: UNSDCF Serbia (2021-2025) Result Framework .................................................................................. 100  LIST OF TABLES Table 1: UNSDCF Serbia Strategic Priorities and Outcomes ........................................................................................... 16 Table 2: The Stakeholders’ Sampling Summary .................................................................................................................... 21 Table 3: Methodology of calculation of level of achievement of results at the level of outputs ............................... 37 Table 4: Achievement of results .............................................................................................................................................. 37 Table 5: Methodology of calculation of level of achievement of results at the level of outputs ............................... 38  TABLE OF FIGURES  Figure 1: Phases of UNSDCF Serbia Final Evaluation ......................................................................................................... 19 Figure 2: Building evidence for evaluation ............................................................................................................................. 22 Figure 3: SDG Dashboard of Serbia ........................................................................................................................................ 28 Figure 4: Survey Results – UNSDCF Relevance and Adaptability .................................................................................... 30 Figure 5: Survey Results – Effectiveness and Relevance of UNSDCF Theory of Chance .......................................... 30 Figure 6: Progress in the achievement of results under outcome 1.1 ............................................................................ 39 Figure 7: Progress in the achievement of results under outcome 1.2 ............................................................................ 40 Figure 8: Progress in the achievement of results under outcome 1.3 ............................................................................ 41 Figure 9: Progress in the achievement of results under outcome 2.1 ............................................................................ 43 Figure 10: Progress in the achievement of results under outcome 2.2 .......................................................................... 44 Figure 11: Progress in the achievement of results under outcome 2.3 .......................................................................... 45 Figure 12: Progress in the achievement of results under outcome 3.1 .......................................................................... 46 Figure 13: Progress in the achievement of results under outcome 3.2 .......................................................................... 47 Figure 14: Survey Results – UNSDCF JWPs Effectiveness ................................................................................................ 54 Figure 15: Survey Results – Appropriates of UNSDCF Monitoring Framework ......................................................... 54 Figure 16: Original Resource Framework for UNSDCF  2021-2025 ............................................................................. 55 Figure 17: UN Country Team contribution to SDGs and delivery by donor and UN Agencies in 2023 .............. 56 Figure 18: Survey Results – Sufficiency of Funding to Achieve Outcomes .................................................................... 56   
Final Evaluation, UN Sustainable Development Cooperation Framework for Serbia (2021-2025)   _________________________________________________________________________________________________________  
 ____________________________________________________________________________________        6  1 EXECUTIVE SUMMARY  OVERVIEW OF THE UNSDCF  The UNSDCF for Serbia (2021-2025) was jointly developed by the Government of Serbia and the United Nations Country Team (UNCT), with the agreement finalised and signed by 20 UN Agencies in February 2022.",Serbia.pdf,UNCT,0.9964,Positive
Serbia,"Final Evaluation, UN Sustainable Development Cooperation Framework for Serbia (2021-2025)   _________________________________________________________________________________________________________  
 ____________________________________________________________________________________        3  LIST OF ACRONYMS  CA  Contribution Analysis CCA  Common Country Analysis DAC  Development Assistance Committee of the OECD EC  European Commission EU  European Union FE  Final Evaluation FMC  Financial Management Control GBV  Gender-Based Violence GoS  Government of Serbia IA  Internal Audit IFIs  International Financial Institutions JSC  Joint Steering Committee JWP  Joint Work Plans LSG  Local Self-Governments M&E  Monitoring & Evaluation MAF  Management and Accountability Framework MEG  Monitoring and Evaluation Group MoF  Ministry of Finance NPAA  National Programme for the Adoption of the EU Acquis OMT  Operations Management Team RCO  Resident Coordinator’s Office RGs  Results Groups JSC  Joint Steering Committee SDGs  Sustainable Development Goals ToC  Theory of Change ToR  Terms of Reference UMIC  Upper-Middle-Income Country UN  United Nations UNCT  United Nations Country Team UNDP  United Nations Development Programme UNEG  United Nations Evaluation Group UNESCO United Nations Educational, Scientific and Cultural Organization UNFPA  United Nations Population Fund UNHCR  United Nations High Commissioner for Refugees UNICEF United Nations Children's Fund UNODC United Nations Office on Drugs and Crime UNOPS  United Nations Office for Project Services UNSDCF United Nations Sustainable Development Cooperation Framework VNR   Voluntary National Review WHO  World Health Organization        
Final Evaluation, UN Sustainable Development Cooperation Framework for Serbia (2021-2025)   _________________________________________________________________________________________________________  
 ____________________________________________________________________________________        4  TABLE OF CONTENTS  LIST OF ACRONYMS .................................................................................................................................................................. 3 LIST OF TABLES ........................................................................................................................................................................... 5 TABLE OF FIGURES ..................................................................................................................................................................... 5 1 EXECUTIVE SUMMARY .................................................................................................................................................... 6 2 BACKGROUND – UNSDCF EVALUATION CONTEXT ...................................................................................... 13 2.1 Introduction .............................................................................................................................................................. 13 2.2 Country Context .................................................................................................................................................... 13 3 UNSDCF SERBIA (2021-2025) – MAIN CHARACTERISTICS ............................................................................... 16 4 OBJECTIVES AND PURPOSE OF EVALUATION .................................................................................................... 17 5 EVALUATION APPROACH AND METHODOLOGY ........................................................................................... 18 5.1 The Evaluation Approach ...................................................................................................................................... 18 1.1 Evaluation Methodology ........................................................................................................................................ 19 6 EVALUATION FINDINGS .............................................................................................................................................. 24 6.1 RELEVANCE & ADAPTABILITY ......................................................................................................................... 24 6.1.1 RELEVANCE ....................................................................................................................................................... 24 6.1.2 ADAPTABILITY .................................................................................................................................................. 29 6.2 COHERENCE & COORDINATION ................................................................................................................. 31 6.2.1 Internal Coherence and Coordination .......................................................................................................... 32 6.2.2 External Coherence and Coordination ......................................................................................................... 34 6.3 EFFECTIVENESS ...................................................................................................................................................... 36 6.3.1 Quantifying achievements – brief presentation of methodology for measuring results .................... 36 6.3.2 Progress towards the attainment of the outcomes, goals and targets .................................................. 37 6.3.3 UNSDCF’ contribution to SDGs .................................................................................................................... 47 6.3.4 Factors influencing effectiveness ..................................................................................................................... 49 6.3.5 Outreach to vulnerable groups, gender equality and human rights ....................................................... 50 6.3.6 Programmatic Principles ................................................................................................................................... 51 6.4 EFFICIENCY ............................................................................................................................................................. 53 6.5 ORIENTATION TOWARDS IMPACT AND SUSTAINABILITY ............................................................... 59 6.5.1 Orientation towards impact ............................................................................................................................ 59 1.1.1 Sustainability of CF Initiatives .......................................................................................................................... 65 7 CONCLUSIONS AND RECOMMENDATIONS ....................................................................................................... 66 7.1 CONCLUSIONS ..................................................................................................................................................... 66 7.2 KEY RECOMMENDATIONS ............................................................................................................................... 70 OPERATIONAL RECOMMENDATIONS ....................................................................................................................... 74 8 LIMITATIONS AND LESSONS LEARNED ................................................................................................................. 75 8.1 LIMITATIONS .......................................................................................................................................................... 75 8.2 Lessons Learned ...................................................................................................................................................... 75 ANNEXES ..................................................................................................................................................................................... 77 Annex I: UNSDCF Serbia (2021-2025) Summary Performance Rating ..................................................................... 77 Annex II: List of Documents Consulted ............................................................................................................................ 80 
Final Evaluation, UN Sustainable Development Cooperation Framework for Serbia (2021-2025)   _________________________________________________________________________________________________________  
 ____________________________________________________________________________________        5  Annex III. UNSDCF evaluation matrix .............................................................................................................................. 81 Annex IV: Theory of Change Chart (Original UNSDCF Serbia 2021-2025) ........................................................... 85 Annex V. Updated comprehensive stakeholder map ..................................................................................................... 90 Annex VI: The Stakeholders’ Sampling Table .................................................................................................................. 90 Annex VII: Interview Protocols/ Guides ........................................................................................................................... 92 Annex VIII: Agenda Of In-Country Visit and Proposed Meetings ............................................................................... 97 Annex IX: Detail Final Evaluation Survey Results ......................................................................................................... 100 Annex X: Bios of Final Evaluation Team ......................................................................................................................... 100 Annex XI: Final Evaluation Terms of Reference ........................................................................................................... 100 Annex XII: Final Evaluation Inception Report ................................................................................................................ 100 Annex XIII: UNSDCF Serbia (2021-2025) Result Framework .................................................................................. 100  LIST OF TABLES Table 1: UNSDCF Serbia Strategic Priorities and Outcomes ........................................................................................... 16 Table 2: The Stakeholders’ Sampling Summary .................................................................................................................... 21 Table 3: Methodology of calculation of level of achievement of results at the level of outputs ............................... 37 Table 4: Achievement of results .............................................................................................................................................. 37 Table 5: Methodology of calculation of level of achievement of results at the level of outputs ............................... 38  TABLE OF FIGURES  Figure 1: Phases of UNSDCF Serbia Final Evaluation ......................................................................................................... 19 Figure 2: Building evidence for evaluation ............................................................................................................................. 22 Figure 3: SDG Dashboard of Serbia ........................................................................................................................................ 28 Figure 4: Survey Results – UNSDCF Relevance and Adaptability .................................................................................... 30 Figure 5: Survey Results – Effectiveness and Relevance of UNSDCF Theory of Chance .......................................... 30 Figure 6: Progress in the achievement of results under outcome 1.1 ............................................................................ 39 Figure 7: Progress in the achievement of results under outcome 1.2 ............................................................................ 40 Figure 8: Progress in the achievement of results under outcome 1.3 ............................................................................ 41 Figure 9: Progress in the achievement of results under outcome 2.1 ............................................................................ 43 Figure 10: Progress in the achievement of results under outcome 2.2 .......................................................................... 44 Figure 11: Progress in the achievement of results under outcome 2.3 .......................................................................... 45 Figure 12: Progress in the achievement of results under outcome 3.1 .......................................................................... 46 Figure 13: Progress in the achievement of results under outcome 3.2 .......................................................................... 47 Figure 14: Survey Results – UNSDCF JWPs Effectiveness ................................................................................................ 54 Figure 15: Survey Results – Appropriates of UNSDCF Monitoring Framework ......................................................... 54 Figure 16: Original Resource Framework for UNSDCF  2021-2025 ............................................................................. 55 Figure 17: UN Country Team contribution to SDGs and delivery by donor and UN Agencies in 2023 .............. 56 Figure 18: Survey Results – Sufficiency of Funding to Achieve Outcomes .................................................................... 56   
Final Evaluation, UN Sustainable Development Cooperation Framework for Serbia (2021-2025)   _________________________________________________________________________________________________________  
 ____________________________________________________________________________________        6  1 EXECUTIVE SUMMARY  OVERVIEW OF THE UNSDCF  The UNSDCF for Serbia (2021-2025) was jointly developed by the Government of Serbia and the United Nations Country Team (UNCT), with the agreement finalised and signed by 20 UN Agencies in February 2022. This Cooperation Framework (CF) outlines a collective UN vision supporting Serbia’s national development priorities, aligning with SDGs and EU thematic policy clusters.",Serbia.pdf,UNCT,0.996,Positive
Serbia,"The ToC emphasises health security, green recovery, and a goal of carbon neutrality by 2050. The CF requires a projected $365 million, with $312 million (85%) already secured by UNCT Serbia for the 2021-2023. Currently, 20 UN entities are engaged, with additional expertise from previously present like UN-Habitat, and new members like ITU, UNDRR, and ensuring continuity and enhanced capacity for Serbia’s sustainable development.",Serbia.pdf,UNCT,0.9169,Positive
Serbia,"The evaluation has two primary purposes: ▪ Learning and Improvement: Offering insights to enhance programming, coordination, and planning for the next CF cycle. It captures good practices and lessons for the UNCT, Serbian government, and CF stakeholders. ▪ Accountability: Objectively assessing the CF’s results, enabling national counterparts and donors to hold the UNCT accountable for commitments.",Serbia.pdf,UNCT,0.7506,Positive
Serbia,"It captures good practices and lessons for the UNCT, Serbian government, and CF stakeholders. ▪ Accountability: Objectively assessing the CF’s results, enabling national counterparts and donors to hold the UNCT accountable for commitments. The evaluation’s objectives include assessing the CF’s impact on Serbia’s national development, identifying factors affecting performance, and providing actionable recommendations for improving the CF’s effectiveness.",Serbia.pdf,UNCT,0.7351,Positive
Serbia,"The evaluation’s objectives include assessing the CF’s impact on Serbia’s national development, identifying factors affecting performance, and providing actionable recommendations for improving the CF’s effectiveness. Its findings inform the Serbian Government, UNCT, and stakeholders, highlighting achievements from 2021 to 2025. Covering all CF principles, such as inclusiveness, human rights, gender equality, resilience, and accountability, the evaluation spans the CF’s implementation period (January 2021 to September 2024).",Serbia.pdf,UNCT,0.4215,Positive
Serbia,"Covering all CF principles, such as inclusiveness, human rights, gender equality, resilience, and accountability, the evaluation spans the CF’s implementation period (January 2021 to September 2024). It focuses on the UNCT Joint Work Plans and geographic regions of CF activities across Serbia, primarily Belgrade and selected communities. Primary users are the UNCT, government, civil society, and partners, with secondary users including academia, media, and the general public interested in Serbia’s development.",Serbia.pdf,UNCT,0.4019,Positive
Serbia,"It focuses on the UNCT Joint Work Plans and geographic regions of CF activities across Serbia, primarily Belgrade and selected communities. Primary users are the UNCT, government, civil society, and partners, with secondary users including academia, media, and the general public interested in Serbia’s development. EVALUATION METHODOLOGY   The UNSDCF evaluation in Serbia adopted a detailed, methodologically rigorous approach, closely following the United Nations Evaluation Group (UNEG) standards and the OECD DAC criteria.",Serbia.pdf,UNCT,0.5267,Positive
Serbia,"Data from these varied sources were triangulated to validate findings, strengthen evidence, and identify patterns. ▪ Primary and Secondary Data Collection: Primary data were gathered through in-person and remote interviews with high-level officials, UN agency heads, and experts, while secondary data, such as UNCT reports and government documents, provided additional context and support for findings. ▪ Sampling Strategy: A purposive sampling method selected programs, stakeholders, and communities for evaluation based on representativeness across CF outcomes and the depth and breadth of their transformative potential.",Serbia.pdf,UNCT,0.7579,Positive
Serbia,"It offered prioritised, actionable recommendations targeted to specific audiences, ensuring they were practical, impactful, and well-aligned with the next UNSDCF cycle. Phase 4: Review and Validation ▪ The Review and Validation Phase ensured that the evaluation findings were comprehensive and stakeholder-inclusive: ▪ Stakeholder Review: The ET shared a draft report with the UNCT, Evaluation Steering Committee, and other vital stakeholders, incorporating feedback from a validation workshop. This process ensured the report’s findings reflected multiple perspectives and were factually accurate.",Serbia.pdf,UNCT,0.7717,Positive
Serbia,"Despite its successes, the CF is primarily perceived as an internal programming tool, with mixed awareness among external stakeholders. The Resident Coordinator (RC) and Resident Coordinator’s Office (RCO) have been instrumental in navigating Serbia's development priorities, EU accession, and SDG alignment, though the effectiveness of coordination relies heavily on the RC's personal leadership, limited by systemic authority constraints and inter-agency competition. Result Groups (RGs) have facilitated collaboration among UN agencies, though challenges remain in joint decision-making and strategic alignment.",Serbia.pdf,RC,-0.498,Negative
Serbia,"Maintain and expand the UN’s rights-based advocacy to ensure that refugees, migrants, Roma, and other marginalized groups remain central to national development frameworks. The UN and Serbia should work together to design all policies and programs with an inclusive lens, ensuring that no one is left behind in the country’s development journey, e.g., by rigorously applying an already well-functioning LNOB Test as an internal ‘Inclusive Development Checklist.’ Prioritize continued emphasis on social equity and targeted support for marginalized communities, with a focus on human and child rights (including the SG’s guidance on child rights mainstreaming) and issues related to discrimination and stigma. 2 There are numerous examples of such tools within and outside of UN 3 Recommendation also supported by UNFPA Country Programme Evaluation.",Serbia.pdf,UNCT,0.8126,Positive
Serbia,"Conclusion 3  
Final Evaluation, UN Sustainable Development Cooperation Framework for Serbia (2021-2025)   _________________________________________________________________________________________________________  
 ____________________________________________________________________________________        11   Coherence & Coordination  1. Further Enhance Collaboration and Minimize Fragmentation Within UNCT: Although the CF and RC/UNCT leadership have facilitated a significant level of coordination and collaboration, challenges related to fragmentation of effort and competition for resources and prioritization of individual mandates persist. To overcome these barriers, the UN Country Team (UNCT) should promote deeper integration by further strengthening collaborative leadership at the agency level and fostering a collaborative culture.",Serbia.pdf,UNCT,0.7845,Positive
Serbia,"Further Enhance Collaboration and Minimize Fragmentation Within UNCT: Although the CF and RC/UNCT leadership have facilitated a significant level of coordination and collaboration, challenges related to fragmentation of effort and competition for resources and prioritization of individual mandates persist. To overcome these barriers, the UN Country Team (UNCT) should promote deeper integration by further strengthening collaborative leadership at the agency level and fostering a collaborative culture. UNCT should commit to being a recognized example of promoting MAF, the Funding Compact, and broader objectives of UN development system reform, joint programming (including through UN2UN agreements), and collective communication and advocacy.",Serbia.pdf,UNCT,0.891,Positive
Serbia,"To overcome these barriers, the UN Country Team (UNCT) should promote deeper integration by further strengthening collaborative leadership at the agency level and fostering a collaborative culture. UNCT should commit to being a recognized example of promoting MAF, the Funding Compact, and broader objectives of UN development system reform, joint programming (including through UN2UN agreements), and collective communication and advocacy. Effectiveness  1.",Serbia.pdf,UNCT,0.8591,Positive
Serbia,"Effectiveness  1. Accelerate the achievement of CFs Outcomes and Outputs hindered due to the slow normative and policy reforms, strengthen cross-cutting issues/ programming principles:  Despite a good accomplishment rate, UNCT should swiftly act on the findings of the CF Indicators Framework assessment to accelerate the progress especially in those areas, which show more modest progress. It should concentrate especially on equitable economic and employment opportunities, universal and inclusive access to quality health, social protection services, as well as on the promotion of human rights, gender equality and rule of law.",Serbia.pdf,UNCT,0.8858,Positive
Serbia,"The Final Cooperation Framework (from now on CF) Evaluation is an external, independent exercise to generate an independent assessment of results, successes, challenges, and lessons learned to inform the main stakeholders and feed into the next programming cycle. The UNEG guides the Final CF Evaluation in Serbia - DCO UNSDCF Evaluation Guidelines (July 2022)5. It aims to ensure accountability, support learning, and inform decisions to guide the design of the next CF cycle.",Serbia.pdf,DCO,0.8481,Positive
Serbia,"In the past four years, Serbia continued implementing reforms to align its legal, political, and economic systems with EU standards. From 2021 to the present, the EU Commission reported that Serbia made good progress in developing a functioning market economy, digital transformation, and sustainable energy development. Progress has also been noted in statistics, data collection, analysis and reporting, public access to institutional data, and agricultural reforms.",Serbia.pdf,UNCT,0.8779,Positive
Serbia,"Progress was achieved in several areas within the Internal market cluster, including freedom of movement for workers through the coordination of social security systems and legislative alignment in the free movement of goods with the EU. The Republic of Serbia has adopted a  5 UNEG - DCO UNSDCF Evaluation Guidelines-English July 2022.pdf 6 More details on country context in the Inception Report in Annex XII or CCA 2023 7 UNDP in collaboration with UNFPA,, ""Human Development in Response to Demographic Change” (2022). 8 Data derived from the UNCT Serbia Common Country Assessments (2021-2023).",Serbia.pdf,DCO,0.9136,Positive
Serbia,"The Republic of Serbia has adopted a  5 UNEG - DCO UNSDCF Evaluation Guidelines-English July 2022.pdf 6 More details on country context in the Inception Report in Annex XII or CCA 2023 7 UNDP in collaboration with UNFPA,, ""Human Development in Response to Demographic Change” (2022). 8 Data derived from the UNCT Serbia Common Country Assessments (2021-2023). Final Evaluation, UN Sustainable Development Cooperation Framework for Serbia (2021-2025)   _________________________________________________________________________________________________________  
 ____________________________________________________________________________________        14  comprehensive Reform Agenda as part of the EU's Growth Plan for the Western Balkans.",Serbia.pdf,UNCT,0.5574,Positive
Serbia,"The CF Results Groups are closely coordinating their work for effectiveness, per the provisions of the Management and Accountability Framework (MAF). In support of the Results Groups on cross-cutting and operational issues, the CF also established several thematic and technical groups: A Monitoring and Evaluation Group (MEG) of the UNCT provides technical advice to UNCT and JNSC, tracks the achievement of the CF Joint Work Plan output indicators and supports monitoring of the overall country progress related to SDG targets. Gender Thematic Group (supports gender mainstreaming throughout the CF), Human Rights and LNOB Group (implementation of human rights and LNOB principles and standards in the CF), Operations Management Team (OMT), Communication Group (enhancing joint communication), Monitoring and Evaluation Group (joint tracking and reporting of results), Ad-Hoc Inter-Agency Groups (Refugee and migration management, Humanitarian CT).",Serbia.pdf,UNCT,0.7906,Positive
Serbia,"A multi-year funding overview of the CF has projected 365 million USD as the total required resources for successfully implementing the intended results framework. In the three-year implementation period (2021-2023), UNCT Serbia has already secured 312 million USD of available resources (85% of total funding coverage). UNCT Serbia Annual Results Reports (2021-2023) provides a total annual funding overview of planned and delivered resources.11 Based on the internal configuration exercise, a total of 20 UN entities committed to expanding or deploying their mandates and capacities for the Cooperation Framework, de facto constituting the Serbia UNCT for the 2021-2025 period (in alphabetical order): FAO, ILO, IOM, ITU, OHCHR, UNCTAD, UNDP, UNDRR, UNECE, UNEP, UNESCO, UNFPA, UN-Habitat, UNHCR, UNICEF, UNIDO, UNODC, UNOPS, UN Women and WHO.",Serbia.pdf,UNCT,0.7906,Positive
Serbia,"In the three-year implementation period (2021-2023), UNCT Serbia has already secured 312 million USD of available resources (85% of total funding coverage). UNCT Serbia Annual Results Reports (2021-2023) provides a total annual funding overview of planned and delivered resources.11 Based on the internal configuration exercise, a total of 20 UN entities committed to expanding or deploying their mandates and capacities for the Cooperation Framework, de facto constituting the Serbia UNCT for the 2021-2025 period (in alphabetical order): FAO, ILO, IOM, ITU, OHCHR, UNCTAD, UNDP, UNDRR, UNECE, UNEP, UNESCO, UNFPA, UN-Habitat, UNHCR, UNICEF, UNIDO, UNODC, UNOPS, UN Women and WHO. The number of UNCT entities has increased by one compared to the previous programme cycle (19).",Serbia.pdf,UNCT,0.7351,Positive
Serbia,"UNCT Serbia Annual Results Reports (2021-2023) provides a total annual funding overview of planned and delivered resources.11 Based on the internal configuration exercise, a total of 20 UN entities committed to expanding or deploying their mandates and capacities for the Cooperation Framework, de facto constituting the Serbia UNCT for the 2021-2025 period (in alphabetical order): FAO, ILO, IOM, ITU, OHCHR, UNCTAD, UNDP, UNDRR, UNECE, UNEP, UNESCO, UNFPA, UN-Habitat, UNHCR, UNICEF, UNIDO, UNODC, UNOPS, UN Women and WHO. The number of UNCT entities has increased by one compared to the previous programme cycle (19). Two entities left (IAEA and UN WTO), while three new entities joined (ITU, UN DRR and UN-Habitat).",Serbia.pdf,UNCT,0.5423,Positive
Serbia,"The purpose of the Final Evaluation of the CF is two-fold:  ▪ Promote learning and operational improvement: The evaluation provides valuable insights for enhancing programming and results at the country level, guiding the planning and decision-making for the next CF cycle, and improving UN coordination. The process captures good practices and lessons learned, benefitting the UNCT, host government, and CF stakeholders and offering insights to DCO and other countries. ▪ Support accountability to CF stakeholders: By objectively assessing the results and effectiveness of CF strategies and interventions, the evaluation enables stakeholders, including national counterparts and donors, to hold the UNCT and other involved parties accountable for fulfilling their roles and commitments.",Serbia.pdf,UNCT,0.969,Positive
Serbia,"The process captures good practices and lessons learned, benefitting the UNCT, host government, and CF stakeholders and offering insights to DCO and other countries. ▪ Support accountability to CF stakeholders: By objectively assessing the results and effectiveness of CF strategies and interventions, the evaluation enables stakeholders, including national counterparts and donors, to hold the UNCT and other involved parties accountable for fulfilling their roles and commitments. The main objective of the Final Evaluation is to comprehensively assess the Cooperation Framework’s (CF) contribution to Serbia’s national development results, providing evidence-based insights for accountability.",Serbia.pdf,UNCT,0.8934,Positive
Serbia,"Finally, the evaluation provides actionable recommendations to enhance the CF’s effectiveness, especially for the next programming cycle, ensuring these suggestions are logically grounded in the evaluation’s findings and lessons learned. The evaluation provides vital information on the development results achieved, primarily for the Government of Serbia, the UN Development System, and the UN Country Team (UNCT) in Serbia. It also informs international institutions, donors, civil society, and the Serbian public about the achievements of the CF between the UNCT and the Serbian Government from 2021 to 2025.",Serbia.pdf,UNCT,0.5106,Positive
Serbia,"The evaluation provides vital information on the development results achieved, primarily for the Government of Serbia, the UN Development System, and the UN Country Team (UNCT) in Serbia. It also informs international institutions, donors, civil society, and the Serbian public about the achievements of the CF between the UNCT and the Serbian Government from 2021 to 2025. The scope of the Final Evaluation covers several dimensions to ensure a thorough assessment.",Serbia.pdf,UNCT,0.5859,Positive
Serbia,"The scope of the Final Evaluation covers several dimensions to ensure a thorough assessment. The programme scope includes the entire UNSDCF 2021-2025 framework and its implementation instruments, explicitly focusing on the UNCT Serbia Joint Work Plans for 2021-2023 and the ongoing JWP 2024. The evaluation emphasises integrating fundamental CF principles, such as a multidimensional programming approach, ""Leaving No One Behind,""  11 https://uninfo.org/location/62/documents  
Final Evaluation, UN Sustainable Development Cooperation Framework for Serbia (2021-2025)   _________________________________________________________________________________________________________  
 ____________________________________________________________________________________        18  a Human Rights-Based Approach, Gender Equality, Resilience, and Accountability, in line with the UNSDG Guidance on CF design.",Serbia.pdf,UNCT,0.1027,Neutral
Serbia,"The geographic scope includes UNSDCF-based interventions across Serbia, with data collection primarily conducted in Belgrade and select regions and communities representing the CF’s field activities. The primary users of this evaluation are stakeholders directly involved in the UNSDCF’s implementation, including the UNCT, governmental bodies, civil society, contributing partners, and other relevant entities. Secondary users extend to a broader audience, including academia, the media, and the general public, who may be interested in the evaluation findings and Serbia’s development progress.",Serbia.pdf,UNCT,0.7351,Positive
Serbia,"Secondary users extend to a broader audience, including academia, the media, and the general public, who may be interested in the evaluation findings and Serbia’s development progress. 5 EVALUATION APPROACH AND METHODOLOGY  5.1 The Evaluation Approach  The proposed Evaluation Methodological approach is based on the United Nations Development Coordination Office/ United Nations Evaluations Group Guidelines for the Evaluation of the UN Sustainable Development Cooperation Frameworks,12 which was designed in line with evaluation criteria defined by OECD DAC13 and adheres to United Nations Evaluation Group (UNEG) Norms and Standards for evaluations. The evaluation focused on six key evaluation criteria: relevance and adaptability, coherence, efficiency, effectiveness, coordination, and impact orientation.",Serbia.pdf,DCO,0.9565,Positive
Serbia,"By involving all relevant stakeholders from the outset, the review aimed to strengthen national ownership, enhance the utilisation of findings, and improve UNSDCF implementation and future planning. The evaluation included internal and external consultations, working closely with the UN Resident Coordinator, RCO, UNCT, Result/Thematic Groups, and representatives from government, development partners, civil society, the private sector, and academia. The CF evaluation strictly adhered to UNEG Norms and Standards (2016) and Ethical Guidelines (2020), focusing on informed consent, privacy, and confidentiality.",Serbia.pdf,UNCT,0.8555,Positive
Serbia,"The ET operated independently, avoiding conflicts of interest and upholding impartiality, credibility, and accountability throughout the evaluation process. The evaluation was also informed and evidence deepened by two Country Programme evaluations of UNDP and UNFPA, which were available at the time of concluding the UNSDCF final evaluation report.14  Evaluation criteria   The Final Evaluation followed the United Nations Development Coordination Office/ United Nations Evaluations Group Guidelines for the Evaluation of the UN Sustainable Development Cooperation Frameworks.15 It was structured around six critical evaluation criteria: relevance and adaptability, coherence, efficiency, effectiveness,  12 http://www.unevaluation.org/document/detail/2972  13 http://www.oecd.org/dac/evaluation/daccriteriaforevaluatingdevelopmentassistance.htm      14 UNDP Independent Evaluation Office, Independent Country Programme Evaluation Serbia, Draft 2.0 (11 November 2024), UNFPA, Country Programme Evaluation of the United Nations Population Fund (UNFPA) Serbia 2nd Country Programme (2021-2024), 1st Draft Evaluation Report (15 November 2024) 15 http://www.unevaluation.org/document/detail/2972  
Final Evaluation, UN Sustainable Development Cooperation Framework for Serbia (2021-2025)   _________________________________________________________________________________________________________  
 ____________________________________________________________________________________        19  coordination, and orientation towards impact. It also addressed cross-cutting themes such as gender equality, human rights, disability inclusion, and environmental sustainability.",Serbia.pdf,DCO,0.765,Positive
Serbia,"è Coherence and Coordination evaluated the internal coherence of the UNSDCF’s results framework, examining how UN agencies collaborated to optimise planning, avoid duplication, and maximise results. The evaluation also assessed external coherence, analysing the complementarity between UNSDCF activities and those of other international stakeholders and identifying areas where UNCT added value and contributed effectively to Serbia’s sustainable development. è In terms of Effectiveness, the evaluation reviewed the progress towards achieving the CF’s outcomes and outputs, including challenges faced, lessons learned, and best practices.",Serbia.pdf,UNCT,0.9231,Positive
Serbia,"This phase also entailed the preliminary identification of critical horizontal issues, themes, lessons learned, and best practices for further investigation and triangulation, as well as identifying main interlocutors, partners, and stakeholders for structured interviews and focus group discussions. An Inception Report was developed, detailing the evaluation methodology, scope, and approach based on the initial desk review, discussions with the UNCT, and a comprehensive follow-up desk review. Key components included a strategic evaluation approach, an evaluation matrix (Annex IV) with core and specific questions, relevant indicators, and assessment criteria.",Serbia.pdf,UNCT,0.7184,Positive
Serbia,"The approach included desk research, key informant interviews, group discussions, online surveys, focus groups, and reflective sessions. Secondary data—such as UNCT reports, government documents, and data from CSOs and development partners—formed the backbone of desk research, while primary data through in-person and teleconference interviews, both individual and group, supplemented findings, addressing gaps and deepening insights into UNSDCF implementation in Serbia. The ET conducted a thorough desk review of national development strategies and UNSDCF and UN Agency documents, including reports, strategic plans, and guidelines, forming a solid foundation for the evaluation.",Serbia.pdf,UNCT,0.1531,Neutral
Serbia,"A purposive sampling approach was employed to select programmes (joint work plans, joint programmes, UN agency programmes), stakeholders, and local communities for evaluation. Based on triple representativeness criteria, the sample plan included programmes representative of CF Outcome statements with substantial transformational intent (depth, breadth, and size) among the UNCT programmes implemented within the evaluation period. This plan also ensured a diverse representation of stakeholders and target groups for data collection, focusing on inclusion, participation, and non-discrimination of vulnerable groups to enhance the credibility and technical quality of the information gathered.",Serbia.pdf,UNCT,-0.0258,Neutral
Serbia,"Stakeholder selection, detailed in Annex VI, was informed by portfolio analysis and stakeholder mapping conducted during the evaluation’s inception phase, which identified relevant initiatives and partners. The sampling approach was developed through consultations with UNCT and UN Agencies, involving comprehensive stakeholder mapping and analysis of roles, engagement levels, availability, relevance, and information value. The sample was carefully designed to ensure representativeness across several key dimensions: it aimed to reflect the programmatic structure of outcomes and intervention areas accurately; it incorporated the specific involvement of UN agencies, both individually and in their collaborative efforts; it included a diverse range of stakeholder categories to adequately represent the stakeholder landscape crucial for the implementation and assessment of the results and impact of the UNSDCF; and it accounted for the geographical distribution of communities targeted by the UNSDCF interventions.",Serbia.pdf,UNCT,0.8591,Positive
Serbia,"The critical element of the data collection phase was an in-country visit to Serbia during the period 16 – 27 September 2024. This phase focused on additional data collection and analyses using personal interviews and consultations with the Government, UN Resident Coordinator and RCO staff, members of the UNCT, UNSDCF Results and Thematic Groups and other international and national development partners (for further de, tails see Annex IX.). The data collection mission took place in Belgrade and four local communities: Zrenjanin, Sabac, Kragujevac and Svilajnac, which were determined in discussion with UNCT based on stakeholder analysis and sampling discussion.",Serbia.pdf,UNCT,0.4019,Positive
Serbia,"This phase focused on additional data collection and analyses using personal interviews and consultations with the Government, UN Resident Coordinator and RCO staff, members of the UNCT, UNSDCF Results and Thematic Groups and other international and national development partners (for further de, tails see Annex IX.). The data collection mission took place in Belgrade and four local communities: Zrenjanin, Sabac, Kragujevac and Svilajnac, which were determined in discussion with UNCT based on stakeholder analysis and sampling discussion. The evaluation sample reflected relevant stakeholders well.",Serbia.pdf,UNCT,0.7269,Positive
Serbia,"Data triangulation was achieved by comparing information from UN teams, documentation, statistical sources, interviews, and focus group discussions. PHASE 4: Review and Validation involved sharing the Final Evaluation Report with the UNCT, Evaluation Steering Committee, and other stakeholders for review and validation. This phase included drafting the report, reviewing it with the UNCT, government, and critical partners, holding a validation workshop, incorporating feedback, correcting factual inaccuracies, professional editing, and finally submitting the UNSDCF Evaluation Report.",Serbia.pdf,UNCT,0.128,Neutral
Serbia,"PHASE 4: Review and Validation involved sharing the Final Evaluation Report with the UNCT, Evaluation Steering Committee, and other stakeholders for review and validation. This phase included drafting the report, reviewing it with the UNCT, government, and critical partners, holding a validation workshop, incorporating feedback, correcting factual inaccuracies, professional editing, and finally submitting the UNSDCF Evaluation Report. Evaluation Governance: The evaluation was conducted by a team comprising an international evaluation expert and a national evaluation consultant, coordinated by the Evaluation Manager and the Monitoring and Evaluation Group in partnership with the RCO and UNCT.",Serbia.pdf,UNCT,0.128,Neutral
Serbia,"This phase included drafting the report, reviewing it with the UNCT, government, and critical partners, holding a validation workshop, incorporating feedback, correcting factual inaccuracies, professional editing, and finally submitting the UNSDCF Evaluation Report. Evaluation Governance: The evaluation was conducted by a team comprising an international evaluation expert and a national evaluation consultant, coordinated by the Evaluation Manager and the Monitoring and Evaluation Group in partnership with the RCO and UNCT. This team approved the Evaluation Inception Report, reviewed the Final Evaluation Report to ensure completeness and accuracy, and validated factual details.",Serbia.pdf,UNCT,0.6124,Positive
Serbia,"Stakeholders suggest that the UN should prioritize areas where it adds the most value, particularly green transition, social issues and support for vulnerable groups, to maximize its impact. ▪ Despite the UN's essential role in capacity building, there are instances where UN's direct assistance leads to dependence on external support for functions that national entities should instead develop internally with UN support. Stakeholders emphasize the need for a more systematic and long-term approach to capacity development, with clear exit strategies to ensure sustainable local capacities.",Serbia.pdf,UNCT,0.92,Positive
Serbia,"The UN is considered a valuable partner for its ability to provide specialised technical advice, build strategic partnerships, and advocate for integrating global frameworks, such as the Sustainable Development Goals (SDGs) and various UN conventions, into national policies. The alignment of the UN’s work with Serbia’s EU accession process has been critical, ensuring that the country’s development remains inclusive and sustainable while addressing key areas like 
Final Evaluation, UN Sustainable Development Cooperation Framework for Serbia (2021-2025)   _________________________________________________________________________________________________________  
 ____________________________________________________________________________________        25  human rights, gender equality and women empowerment, social protection, environmental sustainability, and governance.18 The Government, as well as other partners, summarised the UN’s most important functions and value-added in Serbia as follows:   ▪ Policy Advocacy and Standard Setting: The UN is a crucial advocate for aligning Serbia’s development with international standards, particularly in human rights, gender equality, social protection, and environmental sustainability. Despite political and institutional challenges, its role in pushing for reforms in these and other areas remains vital.",Serbia.pdf,UNCT,0.908,Positive
Serbia,"The UN’s role is increasingly shifting towards offering technical support and capacity development in response to Serbia’s upper middle-income country status having comparatively strong capacities and ability to largely manage and fund its own development priorities. Despite the UN’s essential role and good results in building local capacities, multiple stakeholders20 emphasized that there are still instances where the UN substitutes domestic capacities instead of assisting their inherent development.21 In such cases, the UN's direct assistance models may lead to dependency on external support for functions and tasks the Government and other national entities should be able to manage internally and independently as well as lack of ownership over processes and results.22 Similarly, the UN capacity development efforts have at times been reactive to immediate government requests rather than anchored in a cohesive, long-term strategy, resulting in fragmented initiatives.23 Interlocutors call for a sustained  18 Positive assessment confirmed by the findings and conclusions of UNDP Independent Country Programme Evaluation Serbia, and UNFPA Country Programme Evaluation) 19 The finding also supported by UNDP Independent Country Programme Evaluation, Finding 13, Paragraph 80  20 Evidence from 12 interviews with 4 UN agencies, 4 Government entities, 2 international partners and 2 civil society organisations. Source: Interview protocols  21 Key issues mentioned by interlocutors: i) Over-reliance on UN Agencies: Government entities often rely on UN for direct implementation of projects/ infrastructure investments rather than developing their own core capacity to manage these areas.",Serbia.pdf,UNCT,0.9559,Positive
Serbia,"As a direct outcome, the number of available SDG indicators in the database has surged from 44 (18% of the total) to over 145 (58% of the total). Since 2021, the UNCT has adopted a thematic approach, concentrating on specific areas such as environment-related SDG indicators. This focus resulted in an increase of 17 environment-related SDG indicators in Serbia’s 2022 SDG Progress Report.",Serbia.pdf,UNCT,0.6597,Positive
Serbia,"Despite a good level of adaptability, the evaluation findings revealed challenges faced by the UN agencies with inadequate core funding,42 as this limits adaptability and responsiveness to shifting contexts. Multiple stakeholders suggested that the UNCT should focus on developing foresight capabilities to better anticipate changes and related risks to further strengthen the adaptability aspect of UN operations. Several see this area as a potentially important focus and added value of the RC/ RCO.",Serbia.pdf,UNCT,0.3599,Positive
Serbia,"These show that 75% of respondents consider the UNSDCF very relevant to Serbia's context and priorities. A high percentage of respondents, also 75%, evaluate the adaptability of the UNSDCF and UNCT responses to changing contexts and emerging priorities as very adaptable or adaptable. Figure 4: Survey Results – UNSDCF Relevance and Adaptability  
 
  The Survey Results also indicate that more than 58 % of respondents consider the UNSDCF Theory of Change adequate and relevant for UN operations in the country.",Serbia.pdf,UNCT,0.2263,Positive
Serbia,"Final Evaluation, UN Sustainable Development Cooperation Framework for Serbia (2021-2025)   _________________________________________________________________________________________________________  
 ____________________________________________________________________________________        31  6.2 COHERENCE & COORDINATION  CQ 2.1: To what extent has the CF fostered internal coordination? To what extent have the different UN agencies contributed to the functioning and consolidation of UNCT coordination mechanisms keeping in mind the spirit of UN reform and adhering to it? CQ 2.2; To what extent has UNSDCF promoted complementarity, harmonisation and co-ordination with Government and other key development partners to maximise the achievement of results?",Serbia.pdf,UNCT,0.6174,Positive
Serbia,"CQ 2.3: Post UN reform, to what extent have UN agency programs and work plans been effectively and meaningfully derived from the CF both in design and implementation? CQ 2.4: To what extent did the post-reform Resident Coordinator office’s roles and responsibilities enable positive UNCT’s joint convening power and better coherence of the country team? Key Findings: ▪ The UNSDCF has strengthened the external and internal coherence and coordination of UN interventions in Serbia by establishing a strategic vision, well-aligning objectives with national priorities, and facilitating effective partnerships with diverse stakeholders, including the Government, civil society, the private sector, and international partners.",Serbia.pdf,UNCT,0.949,Positive
Serbia,"Key Findings: ▪ The UNSDCF has strengthened the external and internal coherence and coordination of UN interventions in Serbia by establishing a strategic vision, well-aligning objectives with national priorities, and facilitating effective partnerships with diverse stakeholders, including the Government, civil society, the private sector, and international partners. ▪ In internal coordination, RC and RCO, as well as UNCT and various coordination groups (Result Groups, Thematic and Communication Groups. OMT), played a vital role in ensuring effective internal coordination.",Serbia.pdf,UNCT,0.9501,Positive
Serbia,"However, there is both a need and room to enhance the effectiveness of internal coordination. The lack of systemic institutional prerogatives of the RC position and its influence on internal coordination has been, in some instances, limiting, heavily relying on the personal leadership style of the RC. Competitive relations between agencies in the shortage of funds and imbalanced size and power based on resource differences pose challenges for more effective and synergetic internal coordination.",Serbia.pdf,RC,0.2716,Positive
Serbia,"Multiple respondents suggested an even more proactive role of the UN in sectoral and cross-sectoral coordination through formal 
Final Evaluation, UN Sustainable Development Cooperation Framework for Serbia (2021-2025)   _________________________________________________________________________________________________________  
 ____________________________________________________________________________________        32  structures such as Sector Coordination Groups44 and close coordination with the Government and other key international partners such as the EU and IFIs. 6.2.1 Internal Coherence and Coordination   The role of the Resident Coordinator (RC) and Resident Coordinator’s Office (RCO) has been highly relevant, navigating the complexities of EU accession and alignment of the EU accession goals and the SDGs as well as Serbia’s upper middle-income status and corresponding relatively high capacities and available resources. The RC effectively facilitated collaboration across UN agencies, ensuring a unified and strategic approach to addressing national priorities.",Serbia.pdf,RC,0.8955,Positive
Serbia,"6.2.1 Internal Coherence and Coordination   The role of the Resident Coordinator (RC) and Resident Coordinator’s Office (RCO) has been highly relevant, navigating the complexities of EU accession and alignment of the EU accession goals and the SDGs as well as Serbia’s upper middle-income status and corresponding relatively high capacities and available resources. The RC effectively facilitated collaboration across UN agencies, ensuring a unified and strategic approach to addressing national priorities. Given the objectively limited formal authority over the agencies, the success of coordination relied heavily on the RC’s leadership and personal influence.",Serbia.pdf,RC,0.8957,Positive
Serbia,"Given the objectively limited formal authority over the agencies, the success of coordination relied heavily on the RC’s leadership and personal influence. The UN Country Team (UNCT) operates effectively with a proactive and balanced approach under the leadership of the RC. However, several UN interlocutors emphasised that the agencies’ prioritisation of their own operations and often even open competition represent one of the main systemic challenges for successfully implementing the UN development system reform and joint initiatives.",Serbia.pdf,UNCT,0.9062,Positive
Serbia,"Agencies with greater core resources and the ability to secure additional funding frequently prefer to operate individually. However, it must be recognised that in Serbia, even large agencies such as UNDP and UNOPS made a solid effort to include other and smaller agencies in the joint programmes.45 Several UN interlocutors emphasised that the current operation of UNCT might be too focused on coordination and reporting, somehow lacking a more proactive, forward-looking approach. There is, therefore, a call for a shift towards a more strategic stand and positioning that draws on the collective expertise within the UN system.",Serbia.pdf,UNCT,0.9099,Positive
Serbia,"The prioritisation of foresight and proactive risk management was emphasised as well. The RC Office demonstrates strong capacity and systematic work, facilitating cooperation and strategic alignment across diverse stakeholders. This is despite some recent weakening by the departure of the Human Rights Advisor and the missing Partnerships Advisor.",Serbia.pdf,RC,0.7061,Positive
Serbia,"These collaborative efforts highlight the potential for effective, targeted responses to specific needs through coordinated action. A series of thematic updates were developed to inform UN programming, share comprehensive data and complex information with the broader development community, and advocate collaboratively with national and local partners on issues such as asylum, migration, and corruption.46 A new cooperation platform between the UNCT Result Groups and the EU Delegation was established in 2023. This platform promotes regular exchanges on common programmatic areas of interest through strategic dialogues on country needs, shared priorities and potential joint actions.",Serbia.pdf,UNCT,0.9382,Positive
Serbia,"EU Growth Plan), identify potential EU-UN coordinated initiatives and conduct joint advocacy to enhance visibility and coherence. As a result of the UNCT’s and RG’s extensive analytical work throughout the years, regular updates of the Common Country Analysis were produced, offering an evidence-based assessment of Serbia’s sustainable development context. Despite these positive results and the genuine effort of RC/ RCO to make RGs work, the discussion with RG members revealed that while agencies shared information about ongoing activities and their plans,47 aligning this  44 EU-IPA SWGs - Overall donor coordination and programming of IPA and other development assistance is led by the Ministry of EU Integration through the 10 Sectoral Working Groups (SWGs), the main partnership mechanism bringing together the authorities, the donor community and civil society.",Serbia.pdf,UNCT,0.2677,Positive
Serbia,"However, the absence of formal mechanisms can hinder consistent engagement across all UN agencies, reducing the group’s overall effectiveness. Despite these limitations, the group has successfully coordinated joint UNCT responses on critical human rights matters and has contributed significantly to reporting obligations under international human rights mechanisms. The Gender Theme Group (GTG) is central to ensuring that gender equality and women’s empowerment are prioritized across all UN activities in Serbia.",Serbia.pdf,UNCT,0.7269,Positive
Serbia,"The group is active in advocacy during critical campaigns,48 aiming to influence national policies and legislation to be more gender inclusive. The GTG provides capacity building of RGs and MEG on gender mainstreaming of the CF through the entire result chain, including UNCT Gender Equality Markers (UNCT-GEMs) training. These training sessions help broaden organizational understanding and foster inclusive and gender-responsive programming.",Serbia.pdf,UNCT,0.4767,Positive
Serbia,"Although the GTG faces challenges such as uneven workload distribution and initial difficulties in adopting gender equality coding systems, it has made substantial progress. The group has developed practical tools, including frameworks for gender mainstreaming in joint programming and a comprehensive Gender Equality and Women’s Empowerment (GEWE) induction package, drawing inspiration from international best practices, as well as the gender equality UNCT-GEM coding system, Moreover, GTG publishes a Gender Brief twice a year as a visibility and advocacy tool informing the relevant stakeholders on UN gender-related undertakings. Throughout the past four years the group produced over ten One Pagers containing main statistics, data and recommendations regarding GEWE as well as a joint Gender and Human Rights Update in collaboration with OHCHR, which all served for advocacy efforts.",Serbia.pdf,UNCT,0.9382,Positive
Serbia,"Non-resident agencies (NRAs) play a crucial role, particularly in providing specialised technical expertise, often through a regional approach tailored to local contexts. All interviewed NRAs provided very positive feedback on the collaboration with RC, RCO, and UNCT, they appreciated the flexibility, proactiveness, and customised approach. Looking ahead, several NRAs emphasised the importance of in-person participation in the design of the new CF and early engagement in joint programming initiatives.",Serbia.pdf,UNCT,0.9476,Positive
Serbia,"The coordination is anchored in the Joint Steering Committee, co-chaired by the RC, the Deputy Prime Minister, the Minister of Foreign Affairs and the Minister of EU Integration. This mechanism functions adequately, facilitating strategic alignment and operating as an essential mechanism for maintaining coordination among UN agencies and the Government. The interlocutors appreciate that the JSC regularises dialogue and consultations with the key stakeholders to ensure that the CF addresses evolving national priorities and simultaneously ensures that UN-identified priorities and needs, such as human rights or social protection, remain a focus even when they do not align perfectly with the Government's immediate agenda.",Serbia.pdf,UNCT,0.234,Positive
Serbia,"However, the interlocutors from both sides highlighted that these partnerships can be further deepened by overcoming some of the barriers. UN agencies often approach IFIs individually, without sufficient coordination within UNCT. The UN also usually needs a deeper understanding of IFIs programming frameworks and modus operandi, not viewing these financial institutions as a traditional donor.",Serbia.pdf,UNCT,0.0,Neutral
Serbia,"CQ 3.3 How were risks and assumptions addressed during the implementation of CF outputs and activities? How well did the UNCT and CF stakeholders respond to unplanned situations (specifically Covid19) and what were the effects on CF implementation? Key findings: ▪ Measurement of results by outcome indicators is challenging due to the overcomplexity of the indicators framework, the lack of precision of indicators regarding UN contribution, the lack of data, outdated baseline values, and sometimes, unset targets.",Serbia.pdf,UNCT,-0.168,Neutral
Serbia,"5 is defined in the following way: ‘Enhanced trust and reconciliation among WB region, inclusive of gender approach. Number of initiatives initiated and led by UNCT Serbia’. However, the ‘enhanced trust’ cannot be measured by number of initiatives.",Serbia.pdf,UNCT,0.5994,Positive
Serbia,"Figure 12: Progress in the achievement of results under outcome 3.1 
  OUTCOME 3.2: ALL PEOPLE BENEFIT FROM EFFECTIVE GOVERNANCE AND MEANINGFUL CIVIC ENGAGEMENT  Data are available for four of the six outcome-level indicators, indicating full achievement against one indicator (the proportion of the population satisfied with the efficiency of administrative procedures passed the target of 60%, as in 2021, 64% of the population was satisfied); significant improvement of statistical capacities to monitor SDGs (from 30% to 58%, with a target of 75%); stagnation regarding one indicator (government effectiveness estimate); and one regression related to ranking on the Corruption Perception Index (from 51st  position in 2018 to 64th in 2021). This outcome entails initiatives to improve effective governance and civic engagement, focusing on enhancing the functionality of institutional frameworks and encouraging public participation in governance. During this period, Serbia undertook measures to improve the transparency and accountability of its governance structures.",Serbia.pdf,UNCT,0.9909,Positive
Serbia,"Migrants, refugees, asylum seekers and people facing statelessness remained high, both on the UN agenda and in policy coordinated with the EU. Support was provided for the further development of policy and strategic frameworks to ensure the protection of the rights of refugees and internally displaced persons through a draft strategy, the expansion of the learning offer of the Migration Training Centre in Plandiste and the strengthening of the analytical function of migration management authorities. The fight against trafficking in human beings included technical assistance provided by IOM and UNDP for enhanced implementation of the Schengen Action Plan and support to border police in the fight against border crime.",Serbia.pdf,UNCT,0.3612,Positive
Serbia,"Figure 13: Progress in the achievement of results under outcome 3.2 
  6.3.3 UNSDCF’ contribution to SDGs  UN’s contribution to the achievement of SDGs is traceable along paths of critical transitions, such as green transition, digital transition, and educational transition, and it is present in areas of all SDGs. As per the UNSDG Output Indicator Framework Implementation Guide, UNCTs should integrate at least 15 UNSDG output indicators and as many relevant to their national context into JWPs. According to the 2023 data analysis generated from UNINFO, 11 SDG outcomes and 31 output indicators are integrated into JWPs.",Serbia.pdf,UNCT,0.128,Neutral
Serbia,"A recurring concern has been the insufficiently effective enforcement and implementation of existing legal frameworks, particularly those providing funding and support for women's rights. ""We have laws, but they function like paper tigers—visible but not effective,"" one respondent remarked, highlighting the disparity between legislation and its practical application. Considering these challenges, interviewees again emphasized the importance for the UN to expand its partnerships, advocating for more stable connections with civil society, academia, and media organizations.",Serbia.pdf,UNCT,0.9459,Positive
Serbia,"Another example shows that the number of daycare centres for the older persons increased by 30%, serving over 8,000 older persons individuals annually with health services and daily activities. For those with disabilities, the distribution of over 2,000 assistive devices improved daily functionalities. Additionally, ethnic minority programs, particularly for the Roma community, initiated over 100 projects that improved access to public services and living conditions for around 20,000 Roma individuals with UN support.",Serbia.pdf,UNCT,0.8834,Positive
Serbia,"Additionally, ethnic minority programs, particularly for the Roma community, initiated over 100 projects that improved access to public services and living conditions for around 20,000 Roma individuals with UN support. Some UN stakeholders raised concerns regarding internal coordination within the UNCT, human rights, and LNOB. The HR and LNOB thematic group operate informally, allowing flexibility, but needs more formal mechanisms to ensure consistent engagement across all agencies.",Serbia.pdf,UNCT,0.9001,Positive
Serbia,"JWPs generally operated efficiently in terms of reporting and monitoring, with regular oversight by RGs and MEL Group. and inputs by GTG on UNCT-GEMs tracking gender financing. These groups tracked resource mobilisation and ensured that priority areas were addressed.",Serbia.pdf,UNCT,0.4019,Positive
Serbia,"Until the end of 2023, total expenditures stand at $218.83 million, 60% compared to the $364.69 required in the Original Resource Framework for UNSDCF  2021-2025. 68 UN Serbia (2021 UNSDCF Serbia Multi-year Funding Framework  69 Ibid 

Final Evaluation, UN Sustainable Development Cooperation Framework for Serbia (2021-2025)   _________________________________________________________________________________________________________  
 ____________________________________________________________________________________        56  Figure 17: UN Country Team contribution to SDGs and delivery by donor and UN Agencies in 202370  
   In 2021, a budget of USD 78.6 million was allocated across the three strategic priorities of the UNSDCF. The delivery rate for the year stood at 84%, with USD 66.2 million utilised by 18 UN agencies.",Serbia.pdf,UNCT,0.3182,Positive
Serbia,"Of the total delivery, Priority 1 accounted for 34.8%, Priority 2 for 29.3%, and Priority 3 for 35.9%. In 2022, the UN Country Team (UNCT) in Serbia allocated USD 90.7 million across the same three strategic priorities. By the year’s end, the delivery rate was 80.4%, with USD 73.1 million utilised.",Serbia.pdf,UNCT,0.0,Neutral
Serbia,"Eighteen UN agencies once again utilised these resources, continuing to implement a wide range of initiatives in Serbia. In 2023, the UNCT allocated USD 95.56 million, achieving a delivery rate of 84.5%, or USD 80.76 million utilised by year-end. The largest share of resources was directed towards Strategic Priority 1, which accounted for 46.5% of the total delivery, followed by Priority 2 at 29.7% and Priority 3 at 23.7%.",Serbia.pdf,UNCT,0.296,Positive
Serbia,"The Operations Management Team (OMT) in Serbia plays a crucial role in ensuring the effective coordination and operational efficiency of UN agencies. Regular meetings ensure operational alignment across agencies, including the management of shared services like banking, travel, and security, development of methodology for the Back Office function, UNDP taking the lead on common premises management. In terms of operational efficiency, the OMT has already contributed to significant cost savings through the promotion of joint services in areas like travel, human resources, and procurement.",Serbia.pdf,UNCT,0.9698,Positive
Serbia,"These shared services have enabled agencies to reduce administrative costs and focus more on achieving their programmatic objectives. This collective effort resulted in an estimated cost reduction for the UNCT’s shared services. Furthermore, the OMT's efforts to standardise financial management processes across agencies have led to more efficient financial reporting and better management of joint programs, ensuring that resources are allocated and utilised effectively.",Serbia.pdf,UNCT,0.9299,Positive
Serbia,"Faced with evolving donor strategies, the UN has sought partnerships with international financial institutions and innovative funding sources, particularly in education and healthcare, and demographic resilience, enabling agile responses to Serbia’s funding needs. COHERENCE & COORDINATION   CC1: Strengthened internal coordination, but room for further improvement: The CF has improved internal coordination within the UNCT in Serbia. Establishing a unified strategic vision has enhanced coherence across UN agencies, ensuring their efforts are aligned with Serbia's national priorities.",Serbia.pdf,UNCT,0.9615,Positive
Serbia,"However, some agency competition, as well as the actual or perceived complexity of joint initiatives, present challenges to these collaborative efforts. CC 2: Crucial role of the RC with challenges in agency collaboration: The RC has been pivotal in fostering coherence and enhancing the UNCT’s convening power, ensuring that UN activities align with Serbia’s national development priorities, EU accession goals, and the SDGs. However, challenges remain due to varying levels of engagement by agencies, with some agencies, particularly those with greater financial resources, operating more individually.",Serbia.pdf,UNCT,0.8709,Positive
Serbia,"Gender-related indicators have seen improvements, with 52% of the current indicators measuring gender-related changes, though further integration is required to reflect gender mainstreaming across all monitoring activities fully. There is also room to strengthen the culture of learning and adaptation within the Monitoring & Evaluation (UNCT, capitalizing on the existence of the M&EG). Although some attempts have also been made through the RG2, through policy documents 
Final Evaluation, UN Sustainable Development Cooperation Framework for Serbia (2021-2025)   _________________________________________________________________________________________________________  
 ____________________________________________________________________________________        69  on inclusive education and ageing – that also served to facilitate cross-agency learning activities better knowledge sharing, learning, and focusing on results-based management capacity building could further improve monitoring effectiveness across UN agencies.",Serbia.pdf,UNCT,0.9042,Positive
Serbia,"UN may consider informing next CF formulation by a simple UN perception/ value-added survey to co-create its vision with Serbian stakeholders as well as by studying examples of UN operation in other countries with HIC status. Origin  Conclusion RA 2 Priority Level: Critical  Responsibility: UNCT Serbia, Government of Serbia Proposed implementation time-frame: As much as possible already during the remaining implementation of current UNSDCF and as priority during new UNSDCF design and implementation   Recommendation #RA2:  Recommendation: Continue strategic shift towards capacity development & technical assistance, avoid overextension: The UN should continue systematically shifting towards technical assistance and capacity development, carefully assessing the existing capacities and capacity gaps and introducing tools such as a capacity building checklist and roadmaps to enhance these processes.83 The UN should consider applying these tools to major UN interventions and joint programmes to ensure a systematic and structured approach to building local capacities. They should outline how each intervention is designed to enhance domestic capabilities and identify key milestones and conditions for the capacity transfer and eventual exit of external support, ensuring sustainability.",Serbia.pdf,UNCT,0.7579,Positive
Serbia,"Moreover, greater involvement from key and influential ministries, such as the Ministry of Foreign Affairs, Ministry of Finance and Ministry of Economy in the JCF and UN work in general would help foster stronger co-ownership of the UNSDCF. Origin  Conclusion RA 2, CC 1 Priority Level: Critical  Responsibility: UNCT Serbia, Government of Serbia, other development partners  Proposed implementation time-frame: As much as possible already during the remaining implementation of current UNSDCF and as priority during new UNSDCF design and implementation   Recommendation #RA3:  Recommendation: Foster Inclusive Development and Focus on Vulnerable Populations: The UN must continue to prioritize inclusive development and advocate for Serbia's vulnerable populations, particularly as economic growth and infrastructure projects gain prominence. The UN's role remains crucial in ensuring that the reforms and investments promote social inclusion and equally benefit all segments of society, including the vulnerable groups.",Serbia.pdf,UNCT,0.949,Positive
Serbia,"The UN and Serbia should work together to design all policies and programs with an inclusive lens, ensuring that no one is left behind in the country’s development journey, e.g. by rigorously applying already well functioning LNOB Test as an internal ‘Inclusive Development Checklist’. Prioritise continued emphasis on social equity and targeted support for marginalized communities., be focus on human and child rights (including the SG’s guidance on child rights mainstreaming) and issues related to discrimination and stigma.",Serbia.pdf,UNCT,0.5106,Positive
Serbia,"Prioritise continued emphasis on social equity and targeted support for marginalized communities., be focus on human and child rights (including the SG’s guidance on child rights mainstreaming) and issues related to discrimination and stigma. Origin  Conclusion RA 2 Priority Level: Critical  Responsibility: UNCT Serbia, Government of Serbia, other development partners  Proposed implementation  time-frame: As much as possible already during the remaining implementation of current UNSDCF and as priority during new UNSDCF design and implementation   COHERENCE & COORDINATION   Recommendation #CC1:  Recommendation: Further enhance collaboration and minimize fragmentation within UNCT: Although the CF and RC/UNCT leadership have facilitated significant level of coordination and collaboration, challenges related to fragmentation of the effort and competition for resources and prioritization of individual mandates persist. To overcome these barriers, the UN Country Team (UNCT) should promote deeper integration by further strengthening collaborative leadership at the agency level and fostering a collaborative culture.",Serbia.pdf,UNCT,0.8074,Positive
Serbia,"Origin  Conclusion RA 2 Priority Level: Critical  Responsibility: UNCT Serbia, Government of Serbia, other development partners  Proposed implementation  time-frame: As much as possible already during the remaining implementation of current UNSDCF and as priority during new UNSDCF design and implementation   COHERENCE & COORDINATION   Recommendation #CC1:  Recommendation: Further enhance collaboration and minimize fragmentation within UNCT: Although the CF and RC/UNCT leadership have facilitated significant level of coordination and collaboration, challenges related to fragmentation of the effort and competition for resources and prioritization of individual mandates persist. To overcome these barriers, the UN Country Team (UNCT) should promote deeper integration by further strengthening collaborative leadership at the agency level and fostering a collaborative culture. UNCT should commit to be a recognised example of promoting MAF, Funding Compact and broader objectives of UN development system reform, joint programming (including through UN2UN agreements) and collective communication and advocacy.",Serbia.pdf,UNCT,0.8519,Positive
Serbia,"To overcome these barriers, the UN Country Team (UNCT) should promote deeper integration by further strengthening collaborative leadership at the agency level and fostering a collaborative culture. UNCT should commit to be a recognised example of promoting MAF, Funding Compact and broader objectives of UN development system reform, joint programming (including through UN2UN agreements) and collective communication and advocacy. Origin  Conclusion CC 2 Priority Level: Critical  Responsibility: UNCT Serbia Proposed implementation time-frame: As much as possible already during the remaining implementation of current UNSDCF and as priority during new UNSDCF design and implementation   EFFECTIVENESS   Recommendation #ES1:  Recommendation: Accelerate the achievement of CFs Outcomes and Outputs hindered due to the slow normative and policy reforms, strengthen cross-cutting issues/ programming principles implementation:  Despite a good accomplishment rate, UNCT should swiftly act on the findings of the CF Indicators Framework assessment to accelerate the progress especially in those areas, which show more modest progress.",Serbia.pdf,UNCT,0.9312,Positive
Serbia,"UNCT should commit to be a recognised example of promoting MAF, Funding Compact and broader objectives of UN development system reform, joint programming (including through UN2UN agreements) and collective communication and advocacy. Origin  Conclusion CC 2 Priority Level: Critical  Responsibility: UNCT Serbia Proposed implementation time-frame: As much as possible already during the remaining implementation of current UNSDCF and as priority during new UNSDCF design and implementation   EFFECTIVENESS   Recommendation #ES1:  Recommendation: Accelerate the achievement of CFs Outcomes and Outputs hindered due to the slow normative and policy reforms, strengthen cross-cutting issues/ programming principles implementation:  Despite a good accomplishment rate, UNCT should swiftly act on the findings of the CF Indicators Framework assessment to accelerate the progress especially in those areas, which show more modest progress. It should concentrate especially on equitable economic and employment opportunities, universal and inclusive access to quality health, social protection services, as well as on the promotion of human rights, gender equality and rule of law.",Serbia.pdf,UNCT,0.9152,Positive
Serbia,"Un should systematically align crosscutting issues with key SDG transitions, such as green/just transition, digitalization or transformative education, and ensuring that human rights, gender equality, disability youth migration and other issues are properly addressed. Origin  Conclusion ES 1, ES 3 Priority Level: Critical  Responsibility: UNCT Serbia , Government of Serbia , other development partners  Proposed implementation time-frame: During remaining implementation of current UNSDCF and as priority during new UNSDCF design and implementation  EFFICIENCY   Recommendation #EY1:  Recommendation: Further improve monitoring and indicator framework, further strengthen agency engagement and accountability in Joint Work Plans (JWPs):  Despite the good effort under current CF, further streamline the next Indicators Framework by having fewer, but more focused indicators aligned with i) the National Development Plan indicators, ii) UN agencies monitoring frameworks, iii) use wherever possible nationalized SDG indicators. Fine-tune the indicators to directly link with national statistics and Agency indicators to increase data availability, establish clear baselines, harmonize with agency-level reporting for consistency.",Serbia.pdf,UNCT,0.9562,Positive
Serbia,"Organize regular meetings to share planned activities to ensure better coordination and joint pipeline management, at least for join programmes areas. Origin  Conclusion EY 1 and 2 Priority Level: Critical   Responsibility: UNCT Serbia, Government of Serbia especially Statistical Office  Proposed implementation time-frame: As much as possible already during the remaining implementation of current UNSDCF and as priority during new UNSDCF design and implementation   Recommendation #EY2:  Recommendation: Strengthen and systematize resource mobilization, diversify funding: Given Serbia's Upper Middle-Income Country status and its trajectory toward European Union accession, the UN should evaluate and diversify its current and potential funding opportunities to ensure sustainable resource mobilization and strategic alignment with national and regional development priorities.85 Further systematizing collaboration with IFIs, the EU and private sector is crucial in this respect. The UN should position as key partner for specialised technical expertise and shaping the large investments and projects to maximize impact in sectors such as health, education, and green transition simultaneously aligning them with SDGs, especially those not fully covered by EU accession processes.",Serbia.pdf,UNCT,0.9495,Positive
Serbia,"Closely monitor available funding and resource mobilization efforts, concentrating on increasing resource mobilization and delivery for the Outcomes, which by mid-year of 2024 have been underperforming as indicated in the Effectiveness section. Systematize the gap analysis and pipeline management at least for Joint Programmes.86  Origin  Conclusion EY 3, CC 3 Priority Level: Important  Responsibility: UNCT Serbia, Government of Serbia   85 Recommendation supported by UNDP Independent Country Programme Evaluation, Recommendation 4, Paragraph 109 86This could be for instance achieved with a simple table capturing key envisaged initiatives by the UN system and assigning each initiative a likelihood of materialization, whether it is a project idea or part of the soft or hard pipeline. Final Evaluation, UN Sustainable Development Cooperation Framework for Serbia (2021-2025)   _________________________________________________________________________________________________________  
 ____________________________________________________________________________________        73  Proposed implementation time-frame: As much as possible already during the remaining implementation of current UNSDCF and as priority during new UNSDCF design and implementation    ORIENTATION TOWARDS IMPACT & SUSTAINABILITY    Recommendation #SI1:  Recommendation: Advocate for policy integration and institutional ownership: To enhance impact and long-term sustainability of successful UN-supported initiatives in Serbia, a multi-pronged approach is needed that focuses on policy integration, capacity building, and sustainable financing mechanisms.",Serbia.pdf,UNCT,0.7579,Positive
Serbia,"It is essential to bridge the gap between formal compliance, where legal and regulatory frameworks are in place, and their actual implementation and real impact. Origin  All IS conclusions  Priority Level: Critical   Responsibility: UNCT Serbia, Government of Serbia  Proposed implementation time-frame: As much as possible already during the remaining implementation of current UNSDCF and as priority during new UNSDCF design and implementation   Recommendation #IS2:  Recommendation: Focus on sustainability87 and digital transformation, paying particular attention to just transition and elimination of digital divide: Build on transformational results of the UN involvement in digital transformation and further support these areas critical for a high economic growth, efficiency of public administration and provision of wide range of services. Continue paying attention to digital literacy and narrowing digital divide to make this transformation inclusive.",Serbia.pdf,UNCT,0.5719,Positive
Serbia,"Developing adaptive strategies will enhance environmental resilience and contribute to long-term sustainable development goals. Under the leadership of RC and UNDP RR, the UN should proactively strengthen its role in climate finance, and in close collaboration with the Government access resources from GCF, GEF, Adaptation Fund and other emerging instruments such Loss & Damage and Just Transition schemes. Origin  Conclusion IS 1 Priority Level: Important  Responsibility: UNCT Serbia, Government of Serbia  Proposed implementation time-frame: As priority during new UNSDCF design and implementation   Recommendation #IS3:  Recommendation: Drive innovation and knowledge acquisition: The UN should continue driving systemic change by embedding innovation at the heart of its initiatives to achieve transformative progress across sectors.",Serbia.pdf,RC,0.6808,Positive
Serbia,"Under the leadership of RC and UNDP RR, the UN should proactively strengthen its role in climate finance, and in close collaboration with the Government access resources from GCF, GEF, Adaptation Fund and other emerging instruments such Loss & Damage and Just Transition schemes. Origin  Conclusion IS 1 Priority Level: Important  Responsibility: UNCT Serbia, Government of Serbia  Proposed implementation time-frame: As priority during new UNSDCF design and implementation   Recommendation #IS3:  Recommendation: Drive innovation and knowledge acquisition: The UN should continue driving systemic change by embedding innovation at the heart of its initiatives to achieve transformative progress across sectors. supporting Serbia’s transition toward a knowledge-based economy.",Serbia.pdf,UNCT,0.8176,Positive
Serbia,"These efforts should be further leveraged to facilitate the adoption of e-government solutions critical for modernizing public administration. The UN should build on its innovative approaches, such as the SDGs Accelerator, Investor Map and other innovations across UN agencies and CF pillars and aspire to be a a key enabler of long-term  87 Recommendation supported by UNDP Independent Country Programme Evaluation, Recommendation 3, Paragraph 108 and UNFPA Country Programme Evaluation, Conclusion 5  
Final Evaluation, UN Sustainable Development Cooperation Framework for Serbia (2021-2025)   _________________________________________________________________________________________________________  
 ____________________________________________________________________________________        74  innovation and connector of Serbia to best in class knowledge to promote systemic transformation in Upper Middle-Income countries like Serbia.88 Origin  Conclusion IS 3,4 Priority Level: Important Responsibility: UNCT Serbia, Government of Serbia , other development partners Proposed implementation time-frame: As much as possible already during the remaining implementation of current UNSDCF and as priority during new UNSDCF design and implementation  OPERATIONAL RECOMMENDATIONS   Besides the Key Recommendations included in section 7.2, this Annex contains further, more operational recommendations formulated based on the findings and conclusions of the Final Evaluation. 1.",Serbia.pdf,UNCT,0.946,Positive
Serbia,"Continue good practice of regular CCA updates. Consider regular UNCT scenario panning/ risk management exercises led by RC/ RCO focusing on geopolitical scenarios, economic trends, donor funding challenges, environmental sustainability and inclusive development. 2.",Serbia.pdf,UNCT,0.2732,Positive
Serbia,"Accelerator Labs have proven to be pivotal in driving development through a focus on innovation, particularly in addressing the unique challenges faced by countries looking to modernise their economies and infrastructure. These labs function as hubs for identifying, testing, and scaling innovative solutions that align with national development goals, especially in areas like digital transformation and sustainability. The role of such labs is crucial in integrating innovative practices into broader developmental strategies.",Serbia.pdf,UNCT,0.9035,Positive
Serbia,"CF position, credibility and reliability 5 Very credible, perceived as impartial, but by civil society stakeholders often perceived as with insufficient authority to advocate for HR and GEWE, and insufficiently taking care of LNOB in infrastructural projects and green transition B2. CF complementarity, harmonisation and coordination 4 Aligned with national priorities and policies, significant presence of JPs, but coordination facing challenges due to the institutionally weak foundation for RC coordination role, competitive relations between agencies due to the limited resources and differences in leadership approaches. B3.",Serbia.pdf,RC,0.5023,Positive
Serbia,"G3. Quality of implementation by UNCT 5 Despite structural limitations, good quality and genuine effort to support the CF implementation. G4.",Serbia.pdf,UNCT,0.0757,Neutral
Serbia,"G4. Quality of UNCT coordination and integration 4 Good collaboration within broadly committed UNCT, room for further improvement G5. National ownership of the CF 4 CF largely used as internal coordination and alignment tool, lower awareness and ownership of the framework outside of UN, room for further improvement.",Serbia.pdf,UNCT,0.8316,Positive
Serbia,"Communication, knowledge management and M&E 5 Well organized communication and M&E. However, communication could be placed more into the function of higher-level advocacy. More emphases on knowledge management required.",Serbia.pdf,UNCT,0.2732,Positive
Serbia,"G8. Quality of UNCT collective and joint efforts 4 Sufficient, significant increase of JPs, however room for improvement in strategic and impactful join programming/ coalition building. OVERALL RATING 5    
Final Evaluation, UN Sustainable Development Cooperation Framework for Serbia (2021-2025)   _________________________________________________________________________________________________________  
 ____________________________________________________________________________________        79   SUSTAINABILITY 
   

Final Evaluation, UN Sustainable Development Cooperation Framework for Serbia (2021-2025)   _________________________________________________________________________________________________________  
 ____________________________________________________________________________________        80  Annex II: List of Documents Consulted   UN Documents and reports 1.",Serbia.pdf,UNCT,0.8074,Positive
Serbia,"OVERALL RATING 5    
Final Evaluation, UN Sustainable Development Cooperation Framework for Serbia (2021-2025)   _________________________________________________________________________________________________________  
 ____________________________________________________________________________________        79   SUSTAINABILITY 
   

Final Evaluation, UN Sustainable Development Cooperation Framework for Serbia (2021-2025)   _________________________________________________________________________________________________________  
 ____________________________________________________________________________________        80  Annex II: List of Documents Consulted   UN Documents and reports 1. UNEG-DCO UNSDCF Evaluation Guidelines 2022 2. OECD Quality Standards for Development Evaluation 3.",Serbia.pdf,DCO,0.0,Neutral
Serbia,OECD Quality Standards for Development Evaluation 3. UNCT Serbia Common Country Analysis 2020 4. UNCT Serbia Common Country Analysis 2021 5.,Serbia.pdf,UNCT,0.0,Neutral
Serbia,UNCT Serbia Common Country Analysis 2020 4. UNCT Serbia Common Country Analysis 2021 5. UNCT Serbia Common Country Analysis 2022 6.,Serbia.pdf,UNCT,0.0,Neutral
Serbia,UNCT Serbia Common Country Analysis 2021 5. UNCT Serbia Common Country Analysis 2022 6. UNCT Serbia Common Country Analysis 2023  7.,Serbia.pdf,UNCT,0.0,Neutral
Serbia,UNCT Serbia Common Country Analysis 2022 6. UNCT Serbia Common Country Analysis 2023  7. Cooperation Framework 2021-2025 Governance Arrangements 8.,Serbia.pdf,UNCT,0.0,Neutral
Serbia,ECA Region Peer Support Group UNSDCF Review 16. UNCT Cooperation Framework 2021-2025 Theory of Change 17. UN Serbia Introduction to UNCT Configuration 18.,Serbia.pdf,UNCT,0.4019,Positive
Serbia,"UNCT Cooperation Framework 2021-2025 Theory of Change 17. UN Serbia Introduction to UNCT Configuration 18. UNCT Serbia Joint Work plans 2021, 2022, 2023 19.",Serbia.pdf,UNCT,0.0,Neutral
Serbia,"UN Serbia Introduction to UNCT Configuration 18. UNCT Serbia Joint Work plans 2021, 2022, 2023 19. UN Programme Portfolio expenditures 20.",Serbia.pdf,UNCT,0.0,Neutral
Serbia,"Serbia SDG Commitments https://serbia.un.org/en/247531-serbia-reaffirms-its-commitment-agenda-2030-sdg-summit-new-york 
Final Evaluation, UN Sustainable Development Cooperation Framework for Serbia (2021-2025)   _________________________________________________________________________________________________________  
81 ____________________________________________________________________________________________________________________ Annex III. UNSDCF evaluation matrix   The UNSDCF Final Evaluation Design Matrix is based on the United Nations Development Coordination Office/ United Nations Evaluations Group Guidelines for the Evaluation of the UN Sustainable Development Cooperation Frameworks,89 which was broadly designed in line with the evaluation criteria defined by OECD DAC90 and adheres to the United Nations Evaluation Group (UNEG) Norms and Standards for evaluations. The Final Evaluation will be organised around the following key evaluation criteria – relevance & adaptability, coherence & coordination, effectiveness, efficiency, sustainability and orientation towards impact.",Serbia.pdf,DCO,0.886,Positive
Serbia,"The core questions and specific questions defined in the boxes below are based on the examples of potential evaluation questions in the above-mentioned Guidelines as well as the questions proposed in the FE Terms of Reference and similar FE Reports reviewed during the Inception Phase. The Evaluation Design Matrix is also based on an in-depth discussion with UN RCO staff, comments from UNICEF and UN Women and guidance from UN DCO. For each of the core evaluation questions, the FE team proposed a set of specific questions, corresponding indicators, data sources/ source of verification and data collection method.",Serbia.pdf,DCO,0.2732,Positive
Serbia,"Is the original Theory of Change/ chain of results (contributions from outputs to outcomes) still relevant? ▪ Alignment of UNSDCF activities with national development priorities (concerning human capital development, governance and institutional capacity strengthening, climate change mitigation and adaptation, economic diversification, trade facilitation and connectivity, health and social protection services ▪ Examples of reported and identified UNSDCF contribution to the country’s international commitments, including on SDGs, leaving no one behind, human rights, sustainable development, environment, and gender equity  ▪ Opinions of the stakeholders about the consistence of UNSDCF outcomes and UN Agencies activities with the pressing needs of of women and men in Serbia (especially vulnerable groups) ▪ National Programmes and Strategies ▪ Voluntary National Reviews   ▪ UNSDCF 2021-2025 ▪ Common Country Analyses and its updates, Result Group Fact Sheets  ▪ UNCT Results/ Country Reports  ▪ UNCT Scorecards   ▪ Rapid Integrated Assessments  ▪ RC, RCO, UNCT, UN Agencies staff  ▪ Government and other national/development partners and stakeholders  ▪ Minutes from UNSDCF governance mechanism meetings ▪ Mid-term reviews/evaluations of UN agencies  ▪ Desk review and the analysis of secondary data  ▪ Interviews with the UNCT, Results Groups, UN Thematic Groups, UN Agencies staff  ▪ Interviews with the Government and other national/development partners and stakeholders ▪ Field visits ▪ Final Evaluation Survey  
 CRITERION 2: COHERENCE & COORDINATION - To what extent has the CF strengthened the coherence and coordination of support by UNCT members CORE QUESTIONS  SPECIFIC QUESTIONS INDICATOR:S DATA SOURCES DATA COLLECTION METHOD  89 http://www.unevaluation.org/document/detail/2972 90 http://www.oecd.org/dac/evaluation/daccriteriaforevaluatingdevelopmentassistance.htm 
Final Evaluation, UN Sustainable Development Cooperation Framework for Serbia (2021-2025)   _________________________________________________________________________________________________________  
82 ____________________________________________________________________________________________________________________ CQ 2.1: To what extent has the CF fostered internal coordination? To what extent have the different UN agencies contributed to the functioning and consolidation of UNCT coordination mechanisms keeping in mind the spirit of the UN reform and adhering to it?",Serbia.pdf,UNCT,0.8638,Positive
Serbia,"▪ Alignment of UNSDCF activities with national development priorities (concerning human capital development, governance and institutional capacity strengthening, climate change mitigation and adaptation, economic diversification, trade facilitation and connectivity, health and social protection services ▪ Examples of reported and identified UNSDCF contribution to the country’s international commitments, including on SDGs, leaving no one behind, human rights, sustainable development, environment, and gender equity  ▪ Opinions of the stakeholders about the consistence of UNSDCF outcomes and UN Agencies activities with the pressing needs of of women and men in Serbia (especially vulnerable groups) ▪ National Programmes and Strategies ▪ Voluntary National Reviews   ▪ UNSDCF 2021-2025 ▪ Common Country Analyses and its updates, Result Group Fact Sheets  ▪ UNCT Results/ Country Reports  ▪ UNCT Scorecards   ▪ Rapid Integrated Assessments  ▪ RC, RCO, UNCT, UN Agencies staff  ▪ Government and other national/development partners and stakeholders  ▪ Minutes from UNSDCF governance mechanism meetings ▪ Mid-term reviews/evaluations of UN agencies  ▪ Desk review and the analysis of secondary data  ▪ Interviews with the UNCT, Results Groups, UN Thematic Groups, UN Agencies staff  ▪ Interviews with the Government and other national/development partners and stakeholders ▪ Field visits ▪ Final Evaluation Survey  
 CRITERION 2: COHERENCE & COORDINATION - To what extent has the CF strengthened the coherence and coordination of support by UNCT members CORE QUESTIONS  SPECIFIC QUESTIONS INDICATOR:S DATA SOURCES DATA COLLECTION METHOD  89 http://www.unevaluation.org/document/detail/2972 90 http://www.oecd.org/dac/evaluation/daccriteriaforevaluatingdevelopmentassistance.htm 
Final Evaluation, UN Sustainable Development Cooperation Framework for Serbia (2021-2025)   _________________________________________________________________________________________________________  
82 ____________________________________________________________________________________________________________________ CQ 2.1: To what extent has the CF fostered internal coordination? To what extent have the different UN agencies contributed to the functioning and consolidation of UNCT coordination mechanisms keeping in mind the spirit of the UN reform and adhering to it? CQ 2.2: Post UN reform, to what extent have UN agency programs and work plans been effectively and meaningfully derived from the CF both in design and implementation?",Serbia.pdf,UNCT,0.8818,Positive
Serbia,"CQ 2.2: Post UN reform, to what extent have UN agency programs and work plans been effectively and meaningfully derived from the CF both in design and implementation? CQ 2.3: To what extent did the post reform Resident Coordinator office’s roles and responsibilities enable positive UNCT’s joint convening power and better coherence of the country team? ▪ SQ 2.1; To what extent has the CF strengthened the coherence of support by UNCT members and sought partnerships (with civil society/private sector/local government/parliament/national human rights institutions/ gender equality stakeholders/ international development partners) to enhance achievement of results?",Serbia.pdf,UNCT,0.9376,Positive
Serbia,"CQ 2.3: To what extent did the post reform Resident Coordinator office’s roles and responsibilities enable positive UNCT’s joint convening power and better coherence of the country team? ▪ SQ 2.1; To what extent has the CF strengthened the coherence of support by UNCT members and sought partnerships (with civil society/private sector/local government/parliament/national human rights institutions/ gender equality stakeholders/ international development partners) to enhance achievement of results? ▪ SQ 2.2: Post UN reform, to what extent have UN agency programs and work plans been effectively and meaningfully derived from the CF both in design and implementation?",Serbia.pdf,UNCT,0.9376,Positive
Serbia,▪ SQ 2.4: To what extent have the national Government and the UN system successfully coordinated the implementation of joint activities? ▪ SQ 2.5 To what extent have the different UN agencies contributed to the functioning and consolidation of UNCT coordination mechanisms keeping in mind the spirit of the UN reform and adhering to it? ▪ SQ 2.6: To what extent the planning and coordination of the CF contributed to a coherent implementation and to the achievement of indicators’ targets (outputs and outcomes)?,Serbia.pdf,UNCT,0.6641,Positive
Serbia,"▪ SQ 2.6: To what extent the planning and coordination of the CF contributed to a coherent implementation and to the achievement of indicators’ targets (outputs and outcomes)? ▪ SQ 2.7:  How well  did RC/ RCO enable positive UNCT’s joint convening power and coherence of the country team? ▪ Opinions and examples that UN interventions were coherent/ compatible with other interventions across sectors and development partners ▪ Opinions and examples that UN agencies programs and work plans reflected UNSDCF priorities at the design stage and during the implementation ▪ Number of UNJPs implemented in by UN in Serbia ▪ Examples and opinions if the post reform RCO’s roles and responsibilities contributed/ or not contributed to UN Agencies coherence in implementing priorities under the UNSDCF ▪ Evidence and examples- opinions on the functioning of the UNSDCF joint coordination structures (from representation to decision making processes) ▪ Evidence of decision making, response and advocacy that addressed implementation bottlenecks and contributed to more effective UNSDCF implementation ▪ Final Evaluation Survey answers related to selected SQs   ▪ National Programmes and Strategies ▪ Voluntary National Reviews   ▪ UNSDCF 2021-2025 ▪ Common Country Analyses and its updates, Result Group Fact Sheets  ▪ UNCT Results/ Country Reports  ▪ UNCT Scorecards   ▪ RC, RCO, UNCT, UN Agencies staff  ▪ Government and other national/development partners and stakeholders  ▪ Development Partners mapping/calendar of activities ▪ Development Partners Group Meetings’ minutes ▪ Desk review and the analysis of secondary data  ▪ Interviews with the UNCT, Results Groups, UN Thematic Groups, UN Agencies staff  ▪ Interviews with the Government and other national/development partners and stakeholders ▪ Field visits ▪ Final Evaluation Survey  
  CRITERION 3: EFFECTIVENESS - Assessment of the performance of CF support to Serbia’s development in terms of achieved of results.",Serbia.pdf,UNCT,0.9091,Positive
Serbia,"▪ SQ 2.7:  How well  did RC/ RCO enable positive UNCT’s joint convening power and coherence of the country team? ▪ Opinions and examples that UN interventions were coherent/ compatible with other interventions across sectors and development partners ▪ Opinions and examples that UN agencies programs and work plans reflected UNSDCF priorities at the design stage and during the implementation ▪ Number of UNJPs implemented in by UN in Serbia ▪ Examples and opinions if the post reform RCO’s roles and responsibilities contributed/ or not contributed to UN Agencies coherence in implementing priorities under the UNSDCF ▪ Evidence and examples- opinions on the functioning of the UNSDCF joint coordination structures (from representation to decision making processes) ▪ Evidence of decision making, response and advocacy that addressed implementation bottlenecks and contributed to more effective UNSDCF implementation ▪ Final Evaluation Survey answers related to selected SQs   ▪ National Programmes and Strategies ▪ Voluntary National Reviews   ▪ UNSDCF 2021-2025 ▪ Common Country Analyses and its updates, Result Group Fact Sheets  ▪ UNCT Results/ Country Reports  ▪ UNCT Scorecards   ▪ RC, RCO, UNCT, UN Agencies staff  ▪ Government and other national/development partners and stakeholders  ▪ Development Partners mapping/calendar of activities ▪ Development Partners Group Meetings’ minutes ▪ Desk review and the analysis of secondary data  ▪ Interviews with the UNCT, Results Groups, UN Thematic Groups, UN Agencies staff  ▪ Interviews with the Government and other national/development partners and stakeholders ▪ Field visits ▪ Final Evaluation Survey  
  CRITERION 3: EFFECTIVENESS - Assessment of the performance of CF support to Serbia’s development in terms of achieved of results. CORE QUESTIONS  SPECIFIC QUESTIONS INDICATORS DATA SOURCES DATA COLLECTION METHOD CQ 3.1; Is the CF likely progressing towards the attainment of the established outcomes, goals and targets as set in the CF results matrix?",Serbia.pdf,UNCT,0.9091,Positive
Serbia,5. SQ 3.4: How functional was the cooperation among UN Agencies for the achievement of outcomes? Are joint programmes/ programming and joint advocacy effective tools for achievement of UNSDCF results?,Serbia.pdf,UNCT,0.5362,Positive
Serbia,"Common Country Analyses and its updates, Result Group Fact Sheets  19. UNCT Results/ Country Reports  20. UNCT Scorecards   21.",Serbia.pdf,UNCT,0.0,Neutral
Serbia,"UNCT Results/ Country Reports  20. UNCT Scorecards   21. RC, RCO, UNCT, UN Agencies staff  22.",Serbia.pdf,UNCT,0.0,Neutral
Serbia,"UNCT Scorecards   21. RC, RCO, UNCT, UN Agencies staff  22. Government and other national/development partners and stakeholders  ▪ Desk review and the analysis of secondary data  ▪ Interviews with the UNCT, Results Groups, UN Thematic Groups, UN Agencies staff  ▪ Interviews with the Government and other national/development partners and stakeholders ▪ Field visits a ▪ Final Evaluation Survey  
Final Evaluation, UN Sustainable Development Cooperation Framework for Serbia (2021-2025)   _________________________________________________________________________________________________________  
83 ____________________________________________________________________________________________________________________ vulnerable groups – (women, children, persons with disabilities, Roma communities, youth, older persons, low income families, LGBTI community, refugees, asylum seekers, persons at risk of statelessness)?",Serbia.pdf,UNCT,-0.6249,Negative
Serbia,"RC, RCO, UNCT, UN Agencies staff  22. Government and other national/development partners and stakeholders  ▪ Desk review and the analysis of secondary data  ▪ Interviews with the UNCT, Results Groups, UN Thematic Groups, UN Agencies staff  ▪ Interviews with the Government and other national/development partners and stakeholders ▪ Field visits a ▪ Final Evaluation Survey  
Final Evaluation, UN Sustainable Development Cooperation Framework for Serbia (2021-2025)   _________________________________________________________________________________________________________  
83 ____________________________________________________________________________________________________________________ vulnerable groups – (women, children, persons with disabilities, Roma communities, youth, older persons, low income families, LGBTI community, refugees, asylum seekers, persons at risk of statelessness)? To what extent have human rights principles and gender equality been effectively streamlined in the implementation of the CF?",Serbia.pdf,UNCT,-0.3736,Negative
Serbia,CQ 3.3; How were risks and assumptions addressed during the implementation of CF outputs and activities? How well did the UNCT and CF stakeholders respond to unplanned situations (specifically Covid19) and what were the effects on CF implementation? 11.,Serbia.pdf,UNCT,0.0,Neutral
Serbia,"Common Country Analyses and its updates, Result Group Fact Sheets  33. UNCT Results/ Country Reports  34. UNCT Scorecards   35.",Serbia.pdf,UNCT,0.0,Neutral
Serbia,UNCT Results/ Country Reports  34. UNCT Scorecards   35. UNSDCF Joint Work Plan 36.,Serbia.pdf,UNCT,0.0,Neutral
Serbia,"Budget monitoring documents   38. RC, RCO, UNCT, UN Agencies staff  39. Government and other national/development partners and stakeholders 40.",Serbia.pdf,UNCT,0.0,Neutral
Serbia,"Government and other national/development partners and stakeholders 40. Minutes and materials from UNSDCF governance mechanism meetings   ▪ Desk review and the analysis of secondary data  ▪ Interviews with the UNCT, Results Groups, UN Thematic Groups, UN Agencies staff  ▪ Interviews with the Government and other national/development partners and stakeholders ▪ Field visits  ▪ Final Evaluation Survey   
Final Evaluation, UN Sustainable Development Cooperation Framework for Serbia (2021-2025)   _________________________________________________________________________________________________________  
84 ____________________________________________________________________________________________________________________  CQ 4.3; To what extent to has resource allocation took into account or prioritised most marginalised groups including women and girls? To what extent were adequate resources provided for integrating Human Rights and Gender Equality in the CF?",Serbia.pdf,UNCT,0.3094,Positive
Serbia,"What is the influence of UNSDCF and its outcomes on broader development processes? ▪ Examples of existing and anticipated impact level/ sustainable changes including examples of UNCT contribution to the progress in the specific areas under SDGs ▪ Progress in the implementation of SDGs in Serbia/ achievement of SDG targets ▪ National Programmes and Strategies ▪ Voluntary National Reviews   ▪ UNSDCF 2021-2025 ▪ Annual Progress Reports on the implementation of SDGs by 2030 in the Republic of Serbia ▪ Common Country Analyses and its updates, Result Group Fact Sheets  ▪ UNCT Results/ Country Reports  ▪ UNCT Scorecards   ▪ Rapid Integrated Assessments  ▪ RC, RCO, UNCT, UN Agencies staff  ▪ Government and other national/development partners and stakeholders ▪ Minutes and materials from UNSDCF governance meetings  ▪ Desk review and the analysis of secondary data  ▪ Interviews with the UNCT, Results Groups, UN Thematic Groups, UN Agencies staff  ▪ Interviews with the Government and other national/development partners and stakeholders ▪ Field visits ▪ Final Evaluation Survey  
Final Evaluation, UN Sustainable Development Cooperation Framework for Serbia (2021-2025)   _________________________________________________________________________________________________________  
 ___________________________________________________________________________ 85 Annex IV: Theory of Change Chart (Original UNSDCF Serbia 2021-2025)  The below chart includes the preliminary analysis of the soundness of UNSDCF’s result chain – the contributive links of the joint workplans outputs to the UNSDCF outcomes and that of UNSDCF outcomes to the pillars of the Economic Reform Programmes of Serbia (2021-23 and 2022-24)91 – and is based on desk review as well as interviews conducted during the Final Evaluation. The Evaluation Team concluded that original (theoretical) UNSDCF Theory of Change is comprehensive and its outcomes and outputs are sufficiently aligned with the national strategic documents of Serbia.",Serbia.pdf,UNCT,0.9153,Positive
Serbia,"Outcome 3.1 All people, especially the more vulnerable, benefit from the realization of human rights, gender equality, social cohesion and enhanced rule of law in line with international commitments Output 3.1.1 National and local authorities, including the judicial system, are supported in policymaking and implementation that guarantees rights for all   
Final Evaluation, UN Sustainable Development Cooperation Framework for Serbia (2021-2025)   _________________________________________________________________________________________________________  
 ___________________________________________________________________________ 89 Overall Original Theory of Change  
  

Final Evaluation, UN Sustainable Development Cooperation Framework for Serbia (2021-2025)   _________________________________________________________________________________________________________  
 ___________________________________________________________________________ 90 Annex V. Updated comprehensive stakeholder map   The updated comprehensive stakeholders map can be found here. Annex VI: The Stakeholders’ Sampling Table   STAKEHOLDERS DATA COLLECTION METHOD Stakeholder Type Realized sample Semi-structured Interviews (F2F) Group interviews/ Discussions/FGDs (F2F) Semi-structured Interviews (remote) Group interviews/ Discussions/FGDs (remote) Online Survey United Nations  RC 1 (1f) 1     Former RC 1(1f) 1  1   RCO 1 (1f) 1     UNDP 1 (0f) 1    
12 FAO 2 (0f)  2   ILO 1 (0f) 1    IOM 1 (1f) 1  1  UNFPA 1 (1f) 1    UNESCO 1 (0f) 1  1  UNHCR 1 (1f) 1    UNOPS 1 (1f)   1  WHO 1 (0f) 1    Result Group 1 15 (6 f)  13  2 Result Group 2 13 (11f)  11  2 Result Group 3 12 (6 f)     Monitoring and Evaluation Group 10 (5f)  10   Operations and Management Group 10 (5f)  7  3 Gender Theme Group 10 (9f)  7  3 Communication Group 8 (7f)  4  4 Total 91 (56f) 10 54 4 14 12 International organizations  EU 1 (0f)   1   EBRD 2(2f)  2    GIZ 5 (3f)  3  2  SDC 1 (0f) 1     SIDA 1 (1f) 1     USAID 1 (0f) 1     Total 11 (6f) 3 5 1 2 0 Government of Serbia  Prime Minister’s Cabinet 1 (0f) 1     Ministry of agriculture 4 (4f)  4    Ministry of Education 6 (6f)  6    Ministry of European Integration 2(2f)  2    Ministry of Health 2(2f)  2    Ministry of Human and Minority Rights and Social Dialogue 2(2f)  2    Ministry of Labour, Employment, Veterans and Social Affairs 8 (6f)  8    
Final Evaluation, UN Sustainable Development Cooperation Framework for Serbia (2021-2025)   _________________________________________________________________________________________________________  
 ___________________________________________________________________________ 91 Ministry of Tourism and Youth 6 (6f)  6    Commissariat for refugees and migration 2 (1f)  2    Commissioner for the protection of equality 2 (2f)  2    Public Health Institute 7 (5f)  7    Statistical Office of the Republic of Serbia 2 (2f)  2    Total 44 (38f) 1 43    Local communities   Zrenjanin 8 (6f)  8    Kragujevac 16 (13f) 2 14    Sabac 3 (1f) 1 2    Svilajnac 1 (6f) 1     Total 28 (23f) 4 24    Non-governmental  Center for Social Policies 1 (0f) 1     Environmental CSOs and experts 10 (6f)  10    Human rights CSOs  7 (6f)  7    Total 18 (12f) 1 17    Private sector  Global Compact 1 (1f)    1  Businesses 3 (0 f)  3    Final beneficiaries – vulnerable groups  Roma social housing in Svilajnac 10 (6f)  10 (observation)    Women from rural areas Orasac 5 (5 f)  5     15 (11f)  15    TOTAL 196 (144 f) 17 160 5 16 12      
Final Evaluation, UN Sustainable Development Cooperation Framework for Serbia (2021-2025)   _________________________________________________________________________________________________________  
 ___________________________________________________________________________ 92 Annex VII: Interview Protocols/ Guides  During the field phase, the Final Evaluation Team will utilize semi-structured interviews, guided by the main questions outlined in this interview guide. These interviews will empower the Evaluation Team to delve deeper into specific areas of inquiry, aligning with the Evaluation Matrix and the Terms of Reference.",Serbia.pdf,RC,0.9014,Positive
Serbia,What are the UN comparative advantages vis-à-vis other international and bilateral partners of Serbia? CRITERION 3: EFFECTIVENESS  CORE QUESTIONS  Are the UNCT/ UN Agencies effective in contributing to the achievement of UNSDCF Outcomes? What is the likelihood that the activities implemented by UN Agencies will contribute to the full achievement of UNSDCF outcomes?,Serbia.pdf,UNCT,0.7303,Positive
Serbia,"● Were there negative and unplanned external developments that have affected achievement of the UNSDCF outcomes? If yes, what was the response from the UNCT/ UN Agencies and what measures were implemented? ● What were the external positive effects that were supporting achievement/ contribution to the UNSDCF outcomes?",Serbia.pdf,UNCT,0.6641,Positive
Serbia,● What were the external positive effects that were supporting achievement/ contribution to the UNSDCF outcomes? ● How functional was the cooperation among UN Agencies for the achievement of outcomes? ● Are joint programmes/ programming effective tools for the achievement of UNSDCF results?,Serbia.pdf,UNCT,0.879,Positive
Serbia,"● To what extent has the CF collectively prioritized activities based on the needs (demand side) rather than on the availability of resources (supply side), and reallocated resources according to the collective priorities and changing needs if/where necessary? ● Have the recommendations/action plan of the UNCT SWAP, Gender Scorecard, Disability Inclusion Scorecard and Youth Scorecard assessments been integrated in the UNSDCF strategies and results frameworks including disaggregated data and ability to track allocation of budget under UNSDCF for mainstreaming these issues? How do we better integrate these issues in the UNSDCF?",Serbia.pdf,UNCT,0.6946,Positive
Serbia,"CRITERION 5: COORDINATION  CORE QUESTIONS  How well has implementation of the UNSDCF been coordinated with the Government and other key players and related processes  DETAILED QUESTIONS ● To what extent are the existing coordination and collaboration mechanisms (withing UN and more broadly) adequate to ensure alignment of results, coherence, effectiveness and efficiency in delivering results, their monitoring, planning and reporting? ● To what extent has the different UN agencies contributed to the functioning and consolidation of UNCT coordination mechanisms keeping in mind the spirit of the UN reform and adhering to it? ● To what extent has the RC’s office ensured equitable coordination with other UN agencies, particularly in the event of potential overlaps, while maintaining coherence in agencies’ mandates?",Serbia.pdf,UNCT,0.8631,Positive
Serbia,"● To what extent does the UNSDCF fully reflect the interests, priorities and mandate of UN agencies in the country? ● How well was UNCT and RCO able to successfully coordinate responses to national and global/ regional emerging issues during the implementation of UNSDCF? CRITERION 6: SUSTAINABILITY   CORE QUESTIONS  What is the level of sustainability of current achievements of UNSDCF?",Serbia.pdf,UNCT,0.7966,Positive
Serbia,"● Do you believe that adopting a ""One UN voice"" principle could enhance UN coherence and the effectiveness of results in Serbia? Final Evaluation, UN Sustainable Development Cooperation Framework for Serbia (2021-2025)   _________________________________________________________________________________________________________  
 ___________________________________________________________________________ 96 ● How effective has the UN Country Team (UNCT) in Serbia been in communicating results under the UNSDCF? Can you provide examples of significant communication activities implemented within the context of the UNSDCF?",Serbia.pdf,UNCT,0.6641,Positive
Serbia,"Besides the capital city of Belgrade, the geographical representativeness was ensured by additional visits to Zrenjanin, Sabac, Kragujevac and Svilajnac. DAY  MEETINGS VENUE  16 Sept, Monday 10:00 – 16:00 10:00-11:00 Zarko Sunderic - Kralja Milana 7, interfon CSP, u liftu MAN (poslednji sprat) 11:30-12:30 GIZ - GIZ Office Serbia, Zorza Klemensoa 19 14:00-15:00 Public Health “Batut” – dr Verica Jovanovic, Dr Subotica 5  15:30-16:30 Global compact - Kalemegdan Business Centar, Bulevar Vojvode Bojovića 8, Marija to call Tijana prior to the meeting at 069 222 4073 – to be rescheduled by Marija  
17 Sept, Tuesday 9:30 – 16:15  12:35-13:10 lunch  09:30-10:30 Briefing with RC Matilde Mordt 11:00-12:30 Management and Evaluation Group (MEG) 13:15-14:15 Gender Thematic Group (GTG) 14:30-15:15 Communications Thematic Group (CG) 15:30-16:15 Operations Management Team Group (OMT) All in UN House 18 Sept, Wednesday 9:00 – 17:00    09:00-09:45 Yakup Beris, UNDP Res. Representative 10:00-11:30 Results Group 1 (RG1) 12:00-12:45 Aleksandar Mentov, FAO Head of office 13:00-13:45 lunch with Jelena Milovanovic and Ozren Runic, RCO 14:00-15:30 Results Group 2 (RG2) 16:00-16:45 SIDA – Snezana Vojcic, Embassy of Sweden, Lejdi Pedzet 2 All in UN House  but SIDA 19 Sept, Thursday 9:00 – 16:30  13:15-13:45 lunch  09:00-09:45 Soufiane Adjali, UNHCR Representative 10:00-11:30 Results Group 3 (RG3) 12:00-13:00 Private sector companies (invitation sent by UNHCR) 14:00-15:00 EU – Nicola Bertolini, ONLINE, UN House, 2nd floor, samll conference room 15:30-16:30 USAID – Djordje Boljanovic, US Embassy, kneza Aleksandra Karadjordjevica 92 (no mobile phones) First four meetings at UN House 20 Sept, Friday 9:00 – 16:15  13:15-14:00 lunch 09:00-10:00 Education (Marija) Nemanjina 24-26, bocni ulaz blizi Slaviji, VI sprat, kancelarija 27, krilo C, Snezana Vukovic, sefica odseka za ljudski I manjinska prava 09:00-10:00 Tanja Miscevic, Minister of EU Integration (Rastislav) 12:00-13:00 Labor, Employment Nemanjina 22-26, bocni ulaz blizi Slaviji, pozvati Jelenu na  065-808-10-10 kada ste na lokaciji koji minut pre 12h 14:00-15:00 KIRS – Narodnih heroja 4; Svetlana Velimirovic & Uros Zivkovic Meeting with Milana Rikanovic, UN Women   
Final Evaluation, UN Sustainable Development Cooperation Framework for Serbia (2021-2025)   _________________________________________________________________________________________________________  
 ___________________________________________________________________________ 98 23 Sept, Monday 9:00 – 16:30  13:15-14:00 Working lunch    09:00-10:00 Human and Minority Rights – Palace Serbia, east entrance 10:30-11:30 European Integration Maja Majic Lalic, Nemanjina 34 12:00-13:00 Agriculture – Ljiljana Simic,Dragana Drobnjak, Marina Vujovic, Odeljenja za upravljanje IPARD programom, Bulevar kralja Aleksandra 84, visoko prizemlje, kancelarija broj 7 14:15-15:15 Health , Nemanjina 22-24, centralni ulaz, V sprat, soba 37; Stefan 064/337-3508 15:30-16:30 SDC – Richard Kohli,  Francuska 6/II 16:30h-17:30h Jovan Protic, ILO  
24 Sept, Tuesday 9:00 – 17:00 Field Mission Day - UNOPS driver Igor Milošević +38163307874  pick up at 07:30h at Rajiceva 3, corner Uzun Mirkove/Kralja Petra   Zrenjanin (UNICEF projects) 09:00h Olivera Lisica, director, Centar za socijalni rad, Dr Slavka Zupanskog 2  10:30h Mayor’s deputy Marija Damjanovic , Trg slobode 10, Marija 0648116367  Sabac (UNOPS, UNDP projects) 13:30h Meeting with Ana Marinković Head of Local Economic Development department, 064/8771788; Science Centre, (Nikole Tesle 1, Letnjikovac) followed by project visit:  EU PRO Plus local infrastructure project Science Centre  14:40h Project visit: EU SHAI social housing, Bože Milanovića 61-105  15:30h Aleksandar Prica, Asocijacija Duga, 7 oktobar br.",Serbia.pdf,RC,0.0,Neutral
Serbia,"Small-scale infrastructure project “Improving living conditions for Roma in Svilajnac” - street and water supply network construction along with  a landscape arrangement with an outdoor gym in the substandard Roma settlement - Burduš Mala  (Kamenička 19)   
26 Sept, Thursday 9:00 – 17:00  12:35-13:30 working lunch 09:00-10:30 Civil Society Focus Group - Human Rights 11:00-12:30 Civil Society Focus Group - Environment 12:35-13:30 Borka Jeremic, UNFPA Head of Office (working lunch near UN House; location tbc) 13:45-14:30 Environmental Protection – 3 reminders; WhatsApp Dusan Carkic on 19 Sep promised to try to organize in this slot; will confirm later UN House first 2 meetings 
Final Evaluation, UN Sustainable Development Cooperation Framework for Serbia (2021-2025)   _________________________________________________________________________________________________________  
 ___________________________________________________________________________ 99 14:45-15:45 Commissioner Equality – Bul Kralja Aleksandra 84 16:00-16:45 Dr Fabio Scano, WHO Representative, Resavska 31 27 Sept, Friday 9:00 – 17:00   09:00-10:00 Tourism – Palata Serbia, east entrance, office 342 10:30-11:30 Office of the Prime Minister – Predrag Rajic, Nemanjina 11 12:00-13:00 Statistical Office, SORS Milana Rakica 5 13:15-14:00 World bank, Lazar Sestovic&Jasna Vukoje, Bul. kralja Aleksandra 86 14:15-15:15 EBRD Blue centar, Spanskih boraca 1-3, Ivana Petrovic, Associate, ASB &Dragana Marjanovic, Inclusion Specialist 15:30-16:30 Debriefing with UNCT RC Matilde Mordt UN House  
Annex IX: Detail Final Evaluation Survey Results   The link includes the detailed Final Evaluation Survey results beyond that detailed in the main body of the report. 12 UN staff members accross 8 UN agencies and Results Groups in Serbia have taken part in the Survey.",Serbia.pdf,UNCT,-0.0258,Neutral
Serbia,"Previously, he worked as United Nations Development Programme (UNDP) Deputy Regional Director for Europe and Central Asia and Manager of UNDP Istanbul Regional Hub. He also served as UN Resident Coordinator and UNDP Resident Representative in Montenegro, UNDP Country Director in Tajikistan and UNDP Deputy Resident Representative in Serbia. He started his career in the Government of Slovakia.",Serbia.pdf,RC,0.4215,Positive
Uganda,"EVALUATION  
REPORT  
UGANDA  
UNITED NATIONS 
SUSTAINABLE 
DEVELOPMENT 
COOPERATION 
FRAMEWORK  
2021-2025
2 3Acknowledgments
The summative evaluation of the Uganda 2021-2025 United Nations Sustainable 
Development Cooperation Framework (UNSDCF) was carried out by Serge Eric Yakeu Djiam 
(Team Leader), Julian K. Bagyendera and Martha Olwenyi (National Consultants). The evaluation team would like to acknowledge and express their thankfulness to the 
Uganda United Nations Country Team (UNCT) and particularly the Resident Coordinator’s 
Office (RCO) team for their contribution to the evaluation process. We wish to thank Mr. Issa 
Conteh (Head of the RCO and Strategic Planning); Ms. Sophie Giovana Akera (National Field 
Coordination Officer); and Mr. Nasiib Kaleebu, Monitoring and Evaluation Officer; who gave a 
great deal of time and effort to ensure the success of this evaluation.",Uganda.pdf,UNCT,0.9823,Positive
Uganda,"Finally, the evaluation team would also like to express their gratitude to the International 
Organization for Migration (IOM), the United Nations Children’s Funds (UNICEF), the United 
Nations High Commissioner for Refugees (UNHCR), the Food and Agriculture Organization 
(FAO), and the United Nations Entity for Gender Equality and the Empowerment of Women 
(UN Women), United Nations Population Fund (UNFPA), UNCDF (United Nations Capital 
Development Fund), WFP (World Food Programme), and UNDP (United Nations Development 
Programme) field staff who facilitated and coordinated our field missions in the Southwest, 
West Nile, Acholi, and Karamoja. The Evaluation Team
Serge Eric Yakeu Djiam, Team Leader, International Consultant
Julian K. Bagyendera, National Consultant
Martha Olwenyi, National Consultant 
Disclaimer
The opinions expressed in this report are those of the Evaluation Team, and do not necessarily reflect 
those of the UNRCO and/or UNCT in Uganda. The responsibility for the opinions expressed as well as 
the errors of fact or judgement remains that of the Consultants.",Uganda.pdf,UNCT,0.9403,Positive
Uganda,"................................ 111
Appendix 13: Some Photos of the Field Mission  ............................................................................. 112
Appendix 14: Short bio of the Evaluation team members  .............................................................. 113A youth displays a beautifully 
crafted bead necklace during 
the Skills for the Future 
Conference at Nsambya 
Sharing Hall, Kampala. ©UNICEF Uganda
4 5
UN UGANDA  UNSDCF 2021-2025 EVALUATION REPORT UN UGANDA  UNSDCF 2021-2025 EVALUATION REPORT
List of Acronyms
BOS Business Operation Strategy 
CCA UN Common Country Analysis 
CF Cooperation Framework
CSOs Civil Society Organizations
DRC Democratic Republic of Congo
GBV Gender-Based Violence
GDP Gross Domestic Product 
GoU Government of Uganda 
HDI Human Development Index 
HRGAG Human Rights and Gender Advisory Group
IDPs Internally Displaced Persons
IRInception Report 
MAAIF Ministry of Agriculture Animal Industry and Fisheries 
MDAs Ministries, Departments, and agencies 
MDVA Ministry of Defence and Veteran Affairs 
MoES Ministry of Education and Sports 
MEMD Ministry of Energy and Mineral Development 
MERP Monitoring, Reporting and Evaluation Plan
MGLSD Ministry of Gender, Labour and Social Development
M&E WG Monitoring and Evaluation Working Group 
MoLG Ministry of Local Government 
MJCA Ministry of Justice and Constitutional Affairs 
MoFPED Ministry of Finance, Planning and Economic Development
MoH Ministry of Heath 
MoLG Ministry of Local Government 
MoICT Ministry of Information, Communication and Technology 
MWE Ministry of Water and Environment
MoWT Ministry of Works and Transport 
NAM Non-Aligned Movement 
NCCP National Climate Change Policy
NDP III Third National Development Plan
NEMA National Environment Management Authority 
NFA National Forestry Authority 
NGOs Non-Governmental OrganizationsOMT Operations Management Team
OPM Office of the Prime Minister
PDM Parish Development Model 
PIAPs Programme Implementation Action Plans 
PLD People Living with Disabilities 
PMT Programme Management Team  
RBMG Results-Based Management Group
SDGs Sustainable Development Goals 
SME Small and Medium Enterprises 
SGBV Sexual and Gender-Based Violence 
ToRs Terms of Reference
TWGs Technical Working Groups
UBOS Uganda Bureau of Statistics
UHRC Uganda Human Rights Commission 
UN United Nations 
UNCDF UN Capital Development Fund
UNCG UN Communications Group
UNCT UN Country Team
UNDS UN Development System
UNDP United Nations Development Programme
UNDRMT UN Disaster Risk Management Team
UNHCR United Nations High Commissioner for Refugees 
UNHS Universal Newborn Hearing Screening 
UNIAG UN Inter-Agency Groups
UNPRG UN Programme Reference Group
UNRCO UN Resident Coordinator’s Office 
UNSDCF UN Sustainable Development Cooperation Framework 
UNSDG UN Sustainable Development Group 
UN-SWAP UN System-Wide Action Plan 
UPE Universal Primary Education  
URA Uganda Revenue Authority
USE Universal Secondary Education 
UWA Uganda Wildlife Authority 
VNR National Voluntary Review 
VSLA Village Savings and Loans Associations
6 7
UN UGANDA  UNSDCF 2021-2025 EVALUATION REPORT UN UGANDA  UNSDCF 2021-2025 EVALUATION REPORT
EXECUTIVE
SUMMARYThis document presents the evaluation report commis -
sioned by the Uganda United Nations Country Team (UNCT) 
and represented by the Resident Coordinator’s Office (RCO) 
in Kampala. The evaluation was conducted between Sep -
tember and December 2024.",Uganda.pdf,UNCT,0.743,Positive
Uganda,"Purpose and Objectives of the Evaluation
The  evaluation aims  to promote greater learning and op -
erational improvement by providing important information 
for strengthening programming and results at the country 
level. The UNCT, government and other CF stakeholders will 
learn from the process of documenting good practices and 
lessons learned. Secondly, the evaluation supports greater 
accountability of the UNCT to CF stakeholders by objectively 
providing evidence of results achieved within the CF and as -
sessing the effectiveness of the strategies and interventions 
used.",Uganda.pdf,UNCT,0.9584,Positive
Uganda,"The UNCT, government and other CF stakeholders will 
learn from the process of documenting good practices and 
lessons learned. Secondly, the evaluation supports greater 
accountability of the UNCT to CF stakeholders by objectively 
providing evidence of results achieved within the CF and as -
sessing the effectiveness of the strategies and interventions 
used. The specific objectives were the following: a) Assess 
the contribution of the CF at the national development re -
sults as stipulated in the UNCF result framework and make 
evidence-based judgements using evaluation criteria as ar -
ticulated in the NDP III; b) Analyse for each year of imple -
mentation, the factors that have affected the CF contribu -
tion, responding to the question of why the performance is 
as it is and explaining the enabling factors and bottlenecks 
(learning); c) Draw conclusions regarding the UN’s contri -
bution within the evaluated scope; ; d) Provide actionable 
recommendations for improving the CF’s contribution, espe -
cially for incorporation into the new CF.",Uganda.pdf,UNCT,0.8442,Positive
Uganda,"Its design was well aligned with the NDP 
III and selected SDGs. The UNCT adopts a conflict-sen -
sitive programming as responses to the needs of the 
most vulnerable groups with regard to its commitment 
to “Leaving no one behind” principles. Its implementation 
was supported by the CCA programming to better ad -
dress vulnerability around conflict sensitivity and address 
emerging issues such as epidemics and other natural dis -
asters.",Uganda.pdf,UNCT,0.6712,Positive
Uganda,"The perception, however, is that the CF seems to 
be more responsive than preventive and therefore, the CF 
interventions may not be what the community needs to 
take them to the desired level of improved living trans -
formation through access to adequate livelihoods and 
quality of life. Coherence and connectedness were ensured in the CF, 
through complementary, harmonisation, and coordina -
tion of the UNCT efforts to maximise the achieved results 
even though ‘Delivering as One’ was challenging. Coordi -
nation and synergies on the three pillars were led by the 
RCO by providing tremendous support in operationalising 
the New Ways of Working (NWOW), and some dynamics 
on continuity.",Uganda.pdf,UNCT,0.9348,Positive
Uganda,"8 9
UN UGANDA  UNSDCF 2021-2025 EVALUATION REPORT UN UGANDA  UNSDCF 2021-2025 EVALUATION REPORT
 
Nonetheless, the CF effectiveness was hindered by the lim -
ited leadership of the government, the challenges on the 
“Delivering as One”, and the absence of disaggregated data, 
especially at the output level on key Indicators due to the 
absence of a robust M&E system for systematic monitoring 
and reporting process, and UN bureaucracy hurdles which 
led to various delays. The CF was efficiently managed by UNCT, with about 60 per 
cent of transaction costs reduced through joint programmes 
and common services, multi-stakeholder partnerships and 
advocacy across agencies. Nevertheless, there are more 
agency-specific interventions and not many efficiency gains 
have been registered.",Uganda.pdf,UNCT,0.308,Positive
Uganda,"Technical and institution-building capacity was 
promoted in national CSOs and NGOs even though their 
absorptive capacity remains limited. Finally, the UN-support -
ed activities are not covered by central government funds, 
which undermines the government leadership and therefore, 
minimise the sustainability of achieved results.Recommendations 
The proposed recommendations are addressed to the 
UNCT as it has the primary responsibility of formulating, 
managing, and implementing the CF in Uganda. A.",Uganda.pdf,UNCT,-0.128,Neutral
Uganda,"The CF 
evaluation is a mandatory independent system-wide 
exercise that systematically assesses the contributions 
of the CF to national aspirations by focusing on achieved 
development results, as well as internal and external 
gaps and overlaps in the implementation of the SDGs. The rationale for this evaluation is rooted in the need to 
provide evidence-based assessments of the strategies 
and interventions implemented, enabling stakeholders 
to hold the UNCT accountable for fulfilling their roles and 
commitments. 1.1.",Uganda.pdf,UNCT,0.4404,Positive
Uganda,"The evaluation 
provides important information for strengthening 
programming and results at the country level, specifically 
informing the planning and decision-making for the next 
CF programme cycle and for improving UN coordination 
at the country level. The UNCT, Government and other CF 
stakeholders will learn from the process of documenting 
good practices and lessons learned, which  will be used 
for the benefit of other countries. Secondly, it supports 
the accountability of the UNCT to CF stakeholders.",Uganda.pdf,UNCT,0.9349,Positive
Uganda,"The UNCT, Government and other CF 
stakeholders will learn from the process of documenting 
good practices and lessons learned, which  will be used 
for the benefit of other countries. Secondly, it supports 
the accountability of the UNCT to CF stakeholders. By objectively providing evidence of results achieved 
within the CF and assessing the effectiveness of the 
strategies and interventions used, the evaluation enables 
the various stakeholders in the CF process, including 
national counterparts and donors, to hold the UNCT and 
other parties accountable for fulfilling their roles and 
commitments.",Uganda.pdf,UNCT,0.891,Positive
Uganda,"Secondly, it supports 
the accountability of the UNCT to CF stakeholders. By objectively providing evidence of results achieved 
within the CF and assessing the effectiveness of the 
strategies and interventions used, the evaluation enables 
the various stakeholders in the CF process, including 
national counterparts and donors, to hold the UNCT and 
other parties accountable for fulfilling their roles and 
commitments. 3.",Uganda.pdf,UNCT,0.6908,Positive
Uganda,"4. The primary users of this evaluation are the UNCT, key 
government counterparts in Ministries, Departments, 
agencies (MDAs), and district local governments, 
respective executive boards of the UN entities involved, 
international financial institutions and other bilateral and 
multilateral development partners, academia, private 
sector, the general public and civil society organizations 
including those led by youth, women, people with 
disability, forcibly displaced and stateless people and 
their advocates. Bilateral and multilateral donors and the 
broader development partners are also seen as important 
audiences of the evaluation.",Uganda.pdf,UNCT,0.5574,Positive
Uganda,"Data were obtained from UN 
programme sites in the Central Region mainly Kampala, 
South-West, West Nile, Gulu, and Karamoja regions 
of Uganda. The cross-cutting issues, operational 
considerations, and normative efforts of the UNCT 
(i.e., gender equality and empowerment of women, 
human rights, disability inclusion and environmental 
sustainability). It also covers the humanitarian and 
cross-border initiatives supported by UNCT.",Uganda.pdf,UNCT,0.3182,Positive
Uganda,"The cross-cutting issues, operational 
considerations, and normative efforts of the UNCT 
(i.e., gender equality and empowerment of women, 
human rights, disability inclusion and environmental 
sustainability). It also covers the humanitarian and 
cross-border initiatives supported by UNCT. A key 
focus was given to collective contributions at the 
outcome level and ascertaining the plausibility of 
causal relationships between sub-outputs, outputs, and  
outcomes.",Uganda.pdf,UNCT,0.3182,Positive
Uganda,"2.2. To what extent has UNCT been able to apply a self-reliance and resilience approach by linking 
prevention/preparedness, response, and early recovery with national capacity building? 2.3.",Uganda.pdf,UNCT,0.0,Neutral
Uganda,"2.3. To what extent did the roles and responsibilities of the post-reform Resident Coordinator's 
office enhance the UNCT’s joint convening power and improve the overall coherence of the 
country team? 3.",Uganda.pdf,UNCT,0.4404,Positive
Uganda,"One of the key assumptions for this theory of change 
is that GoU will continue to demonstrate its political will 
and commitment towards sustained good governance. To 
translate the three strategic priorities into actions, UNCT 
agreed on five outcome areas: i) Inclusive and accountable 
governance systems; ii) Increased productivity, decent 
employment, and equal rights to resources; iii) Natural 
resources, environment, and climate change; iv) Basic 
quality social and protection services; gender equality and 
human rights. The UN programmatic focus is on capacity 
building at the national and sub-national levels.",Uganda.pdf,UNCT,0.8807,Positive
Uganda,"In 
addition, the CF governance structure was been established 
to facilitate implementation and coordination. This structure 
includes a Joint Government – United Nations Steering 
Committee (highest governing body) co-chaired by the 
Prime Minister and the UN Resident Coordinator, along with 
thematic groups such as the UN Country Team, UN Deputies’ 
Team, SDG Technical Working Group,  UN Disaster Risk 
Management Team (UNDRMT), Human Rights and Gender 
Advisory Group (HRGAG), Results-Based Management 
Group (RBMG), Operations Management Team (OMT), and 
the UN Communications and Partnership Group . Through 
collaborative efforts involving the government, UN agencies, 
civil society, and other partners, the CF endeavours to 
catalyse sustainable development in Uganda
A worker conducts 
quality control and 
verification on grey 
limestone at the 
Stone Kraft factory in 
Wakiso District.",Uganda.pdf,UNCT,-0.4939,Negative
Uganda,"Using a results-based management framework with 
specific, measurable, attainable, results-based and time-
bound indicators, joint work plans were developed to ensure 
a coordinated and consistent response while aligning 
programming with global and regional frameworks. The 
UNCT is responsible for the programme management and 
accountability, along the three strategic priority groups, 
chaired by heads of agencies and co-led with the lead line 
ministries to guide CF’s annual joint planning, monitoring 
and reporting. 21.",Uganda.pdf,UNCT,0.5994,Positive
Uganda,"Development Group (UNSDG) indicators were added to the 
CF results framework. The UNCT developed a multi-year 
joint work plan (JWP) to streamline CF implementation. These plans operationalise the framework, reflect the 
programmatic and financial contributions of all agencies 
involved, maximise synergies, and provide a basis for 
collective planning, monitoring, and reporting.",Uganda.pdf,UNCT,0.0,Neutral
Uganda,"The  overall budget estimates of the CF for the five 
years (2021-2025) were US$1,063 million, but US$1,590 
million was approved (see Annex 11 for details of the 
2021-2025 budget and expenditures by priority areas). This was facilitated by a joint UNCT strategy for financial 
mobilisation for the CF. 2.3.3 Stakeholder Mapping and Analysis
23.",Uganda.pdf,UNCT,0.5719,Positive
Uganda,"2.3.3 Stakeholder Mapping and Analysis
23. The evaluation stakeholder mapping and analysis 
caters for the UNCT, the GoU, development partners, and 
other key stakeholders, thereby ensuring a broad-based 
understanding and utilisation of the evaluation results. The UNCT has established partnerships and collaborations 
within the UN family and with external stakeholders.",Uganda.pdf,UNCT,0.2732,Positive
Uganda,"The evaluation stakeholder mapping and analysis 
caters for the UNCT, the GoU, development partners, and 
other key stakeholders, thereby ensuring a broad-based 
understanding and utilisation of the evaluation results. The UNCT has established partnerships and collaborations 
within the UN family and with external stakeholders. The 
UNCT also has built good partnership with donors and 
international partners in the country.",Uganda.pdf,UNCT,0.6124,Positive
Uganda,"The UNCT has established partnerships and collaborations 
within the UN family and with external stakeholders. The 
UNCT also has built good partnership with donors and 
international partners in the country. 24.",Uganda.pdf,UNCT,0.4404,Positive
Uganda,"24. Further, the UNCT is engaging local and international 
implementing partners (CSOs, NGOs) to deliver on 
programmes, particularly at the local level. The UNCT 
through CF is creating strategic alliances with the private 
sector.",Uganda.pdf,UNCT,0.5574,Positive
Uganda,"Further, the UNCT is engaging local and international 
implementing partners (CSOs, NGOs) to deliver on 
programmes, particularly at the local level. The UNCT 
through CF is creating strategic alliances with the private 
sector. The main CF stakeholders, as organised according 
to the type of organization with specific roles and 
responsibilities, include (Appendix 6): 
(i) United  Nations Mission /UN Agencies: UN Uganda/ 
RCO, FAO, IFAD, IOM, ILO, RSCE, UNAIDS, UNCDF, 
UNEP , UNICEF, UNIDO, UNDP , UNDSS, UNESCO, 
UNFCCC, OHCHR, UNFPA, UN Global Pulse, UNHCR, 
UNODC, UNOPS, UN Women, WFP , WHO, UN-Habitat, 
ITC, UN DESA.",Uganda.pdf,UNCT,0.7506,Positive
Uganda,"The evaluators employed mixed 
methods (mostly qualitative for primary data collection and 
quantitative for analysis of secondary data). They adopted 
a collaborative process with frequent communication 
and consultation with the RCO17 and UNCT, and meetings 
through interviews and FGDs with beneficiaries to achieve a 
learning process and evaluation approach that was context-
specific and culturally sensitive, given the cultural context of 
Uganda and the diversity of the three priority areas. 26.",Uganda.pdf,UNCT,0.4215,Positive
Uganda,"An 
Evaluation Matrix (EM), structured around the six evaluation 
criteria (section 1.3), was developed using the evaluation 
questions (Appendix 7), and detailing the sources, tools 
and approaches that have been used to answer each 
evaluation question. The matrix helps to assure that the 
methodology (from design to data collection to analysis) is 
consistent and rigorous, with triangulation across different 
types of data (qualitative and quantitative) for each 
category and question, and supports robust comparative 
analysis across sites, states, priority areas, outcome areas 
and involving distinctive members of the UNCT, addressing 
the full scope of the CF at the diverse levels at which it 
operates (individual, household, community, county, 
district, and national levels). 28.",Uganda.pdf,UNCT,0.7783,Positive
Uganda,"To this end, data from the annual 
reports (2021, 2022 and 2023) were updated with existing 
figures where necessary, mostly from the recently achieved 
activities along the three pillars by agencies. These figures 
were collected during KIIs with UNCT representatives. A 
Four Likert scale (four points rating scale) was adopted 
to describe the performance level for the outputs and 
outcomes indicators, such as: unsatisfactory (less than 25 
per cent), less satisfactory (25- 49 per cent), satisfactory 
(50 –75 per cent), and very satisfactory (more than 75 
per cent).",Uganda.pdf,UNCT,0.6829,Positive
Uganda,"and why? On the 
management side, the analysis assesses  whether the 
UNCT has made a difference, what the preponderance 
of evidence says about how well the UNCT is making a 
difference, and what conditions are needed to make this 
type of collaboration successful. Furthermore, gender 
equality analysis entails an analysis of any gender-based 
barriers to participation in the CF.",Uganda.pdf,UNCT,0.7096,Positive
Uganda,"Furthermore, gender 
equality analysis entails an analysis of any gender-based 
barriers to participation in the CF. The following steps were carried out during the reporting 
phase: i) Prepared a preliminary summary of findings 
after the field mission in Uganda; ii) Had a debrief meeting 
with RC, RCO, M&E,WG co-chairs, and government 
representatives during the CF workshop to review the 
preliminary findings19; iii) Drafted evaluation report using 
data from desk review, fieldwork data,  and inputs from the 
debriefing meeting; iv) Review of the findings, conclusions 
and, most importantly, recommendations by the UNCT, the 
RCO and Government representatives; and v) validation 
workshop with stakeholders . Has the CF influenced or has 
made an important contribution to the observed results?",Uganda.pdf,UNCT,0.6478,Positive
Uganda,"United Nations staff pose for a 
photo after an uplifting workout 
and games held as part of 
the United Nations Day 2024 
commemorations at MTN Omondi 
Stadium, Kampala. ©UN Uganda
26 27
UN UGANDA  UNSDCF 2021-2025 EVALUATION REPORT UN UGANDA  UNSDCF 2021-2025 EVALUATION REPORT
Key Challenges Mitigating Measures 
Security issueThe evaluators relied on security briefs from UNCT members such as UNDSS for each 
target location. Fieldwork was guided by available UNDSS security information.",Uganda.pdf,UNCT,0.9022,Positive
Uganda,"Technical support and back-stopping were provided by 
the UN RCO, the Evaluation Steering Committee, and the 
UN M&E WG. Quality assurance and technical advice were 
provided by UN DCO evaluation experts. Quality assurance 
in line with UNEG evaluation quality assurance norms and 
standards was ensured through reviews by the relevant 
UNCT structures (Evaluation Steering Committee, UN M&E 
WG, OMT/PMT) and stakeholder validation workshops 
before UNCT approval and publishing of the evaluation 
report.",Uganda.pdf,DCO,0.9001,Positive
Uganda,"Quality assurance and technical advice were 
provided by UN DCO evaluation experts. Quality assurance 
in line with UNEG evaluation quality assurance norms and 
standards was ensured through reviews by the relevant 
UNCT structures (Evaluation Steering Committee, UN M&E 
WG, OMT/PMT) and stakeholder validation workshops 
before UNCT approval and publishing of the evaluation 
report. The quality assurance did not interfere with the 
views or independence of the evaluation team but ensured 
that the report provided credible evidence and analysis in 
a clear and convincing way and drew its conclusions on 
that basis.",Uganda.pdf,UNCT,0.9153,Positive
Uganda,"Other national-level strategic plans include the  National 
Planning Authority Strategic Plan, the  National Health 
Sector Strategic Plan, the  Ministry of Health Strategic 
Plan, the National HIV and AIDS Strategic Plan, Ministry of 
Education and Sports Policy, the Uganda Digital Policy and 
the Ministry of Gender, Labour and Social Development 
policy on women empowerment, the Parish Development 
Model, Operation Wealth Creation, and the Agriculture 
Sector Strategic Plan (ASSP). For example, the UNCT is 
building national capacities of State actors to conduct 
national census with the collaboration of the Uganda 
Bureau of Statistics (UBOS). Further analysis of the CF 
and NDP shows that its outcomes are aligned to specific 
regional commitments such as the Africa Union Agenda 
2063, the East African Vision 2050, objectives of the 
Common Market for East and Southern Africa (COMESA), 
and the Africa Continental Free Trade Area (AfCFTA).",Uganda.pdf,UNCT,0.886,Positive
Uganda,"The CF focus 
areas (activities 
under annual 
plans) were 
adjusted in 
2022 to adapt 
to the ongoing 
development  
context marked by 
increased refugees, 
peace and pandemics. For example, the spotlight 
initiative led by the RCO was helpful in providing adequate 
response from the UNCT to better align with the NDP III. The CF’s alignment extends, therefore beyond refugee-
related projects to infrastructure and asset management.",Uganda.pdf,UNCT,0.9349,Positive
Uganda,"Relevance of the CF regarding gender analysis and 
other UN programming principles (Gender equality, 
women’s empowerment and ‘Leaving No One Behind’) 
50. Consistent with its core normative principle of 
“Leaving no one behind” and commitment to human 
rights, the UNCT has adopted conflict and gender-
sensitive programming in its interventions to provide 
for the needs of the most vulnerable groups in 
Uganda. Activities under outcomes 1; 2.1 and 3.1 were 
strategically positioned in a coherent and complementary 
way and specifically defined who does what, where and 
when within agencies’ mandates and in line with their 
comparative advantages.",Uganda.pdf,UNCT,-0.4201,Negative
Uganda,"Programming for outcome 3.2, where 
RG5 lies, is focused on gender equality, human rights, 
positive masculinity, and SRHR. For example, the UNCT 
developed a Country Gender Equality Profile (CGEP) that 
ensured the CCA addressed gender equality issues. This 
included  a vital focus on  cultural barriers in the West 
Nile region, particularly regarding child marriage and 
teen-age pregnancy, issues that are socially accepted in 
some neighbouring communities.",Uganda.pdf,UNCT,0.7717,Positive
Uganda,"Additionally, the UN 
Disability and Inclusion Technical Working Group (TWG) 
has a scorecard to assess performance. The UNCT sets 
those inclusion priorities annually and includes them 
when advertising for jobs. During community-focused and 
livelihood projects, gender action plans are developed for 
gender mainstreaming.",Uganda.pdf,UNCT,0.2023,Positive
Uganda,"Under CF, the 
agencies combined both humanitarian and development 
work to provide most of the essential services on health, 
education and skilling programmes, protection, and WASH 
inaccessible areas to massive vulnerable populations, 
addressing vulnerability under joint programmes, 
partnership and recovery and resilience agenda such 
as in Karamoja, Arua, Mbarara and Gulu. In Isingiro, for 
example, the UNCT paid special attention to People Living ““The foundations 
are on the SDGs, 
but unfortunately, UNCT 
interventions are focused more 
on soft skills and concentrate on 
the OPM office. They are providing 
less support to the development 
of hardware-like infrastructure.",Uganda.pdf,UNCT,0.5204,Positive
Uganda,"Training me to drive without a car 
is as good as not being trained”, 
noted a national-level KI 
respondent.TABLE 3  ALIGNMENT OF THE 2021-2025 UNSDCF TO THE NDP AND UGANDA VISION 2040
32 33
UN UGANDA  UNSDCF 2021-2025 EVALUATION REPORT UN UGANDA  UNSDCF 2021-2025 EVALUATION REPORT
with Disabilities (PWDs) by providing health security under 
a disease surveillance system for outbreak diseases, 
reproductive health and maternal services to  ensure 
safe motherhoods, capacity building for health services 
and technical assistance at the hospital in collaboration 
with the Ministry of Health. Furthermore, the UNCT has 
provided significant support to fight GBV (prevention and 
response) with the collaboration of district authorities, 
by targeting adolescents and youth, vulnerable women. This includes legal services, psychosocial, medical and 
protection, access services in collaboration with state 
ministries of health, and police services under the mobile 
court.",Uganda.pdf,UNCT,0.9191,Positive
Uganda,"The 
design mentions 
the special groups 
in passing, but the 
interventions often 
do not intentionally 
target these groups. But during the  
 CF implementation,  
 UNCT tracks the per 
centage of men and women 
beneficiaries, although data is often 
not analysed by other categories of vulnerable groups. Therefore, the challenge is  at the  operationalisation 
level.",Uganda.pdf,UNCT,0.5647,Positive
Uganda,"Its design used the 2019-2020 context, 
which lacks migration issues and other development 
challenges such as the COVID-19 pandemic that broke out 
early in 2020. The UNCT revised the CF for the period of 2022-
2024 to incorporate ongoing development and humanitarian 
challenges to better inform the implementation of the CF 
activities as identified by the CCA22. The CF worked through 
the MDAs such as the Ministry of Local Government (MoLG), 
the Ministry of Information, Communication and Technology 
(MoICT), the MEMD, as well as the private sector to address 
development challenges, as well as emerging issues such 
as the COVID-19, Ebola, Marburg and Mpox outbreaks which 
occurred, as well as floods in Kasese District and landslides 
in Mbale and Bududa.",Uganda.pdf,UNCT,0.743,Positive
Uganda,"The UN 
developed early warning systems to support farmers in 
planning their farm activities, such as timely planting and 
seed selection. The UNCT strengthened the institutional 
and technical capacity of the Uganda National Metrology 
Authority (UNMA) and LGs to monitor early warning 
systems. The IOM worked with IDPs, while FAO and UNDP 
worked with farmers to implement CF adaptation and 
mitigation measures.",Uganda.pdf,UNCT,0.25,Positive
Uganda,"57. Additionally, the UNCT further worked closely 
with the OPM to support refugees and host 
communities and promoted a humanitarian-
development nexus through livelihood support 
interventions such as grants to communities, market 
construction, tree growing and woodlot establishment. 22  As demonstrated in the 2020 Country Common Analysis Report 
updated version of December 2022.",Uganda.pdf,UNCT,0.891,Positive
Uganda,"The Humanitarian Development and Peace 
nexus interventions catered for all the CCA and other 
community-based issues through the complementary 
role of agencies. Also, the UNCT worked with the UBOS, 
to integrate gender dimensions for refugee-responsive 
data, thus putting up deliberate efforts to address the 
humanitarian crisis. The CF supported the generation of 
data through national surveys, the national census, SDG 
Voluntary National Review (VNR), LNOB and reports 
such as the Refugee Response Plan, the Rapid Gender 
Assessment in Refugee Communities conducted by 
UNHCR, UNFPA, WFP , UNW, and UNFPA, and  the 2nd 
National Governance Peace and Security Survey.",Uganda.pdf,UNCT,0.765,Positive
Uganda,"4.2 Coherence and Connectedness 
Overview
58. The UNCT has effectively leveraged joint 
programmes—focusing on areas such as gender-
based violence (GBV), youth empowerment, data 
management, and child marriage prevention—to 
strengthen coherence, foster multi-stakeholder 
collaboration, and ensure alignment with Uganda’s Complementarity, harmonisation, and coordination 
with other key development partners, including 
government to maximise the achievement of CF 
results
(i) Complementarity and harmonisation
61. The UNCT implemented eight (8)  joint programmes 
and initiatives to mitigate challenges and foster the 
implementations of specific activities under the three pillars.",Uganda.pdf,UNCT,0.4588,Positive
Uganda,"The UNCT has effectively leveraged joint 
programmes—focusing on areas such as gender-
based violence (GBV), youth empowerment, data 
management, and child marriage prevention—to 
strengthen coherence, foster multi-stakeholder 
collaboration, and ensure alignment with Uganda’s Complementarity, harmonisation, and coordination 
with other key development partners, including 
government to maximise the achievement of CF 
results
(i) Complementarity and harmonisation
61. The UNCT implemented eight (8)  joint programmes 
and initiatives to mitigate challenges and foster the 
implementations of specific activities under the three pillars. In fact, joint programming initiatives have emerged as a 
critical component of CF’s strategy to enhance coherence 
and connectedness through a multi-actor and cross-sector 
collaboration, which changed the way actors work and was 
very helpful in supporting the NDP around governance, 
service deliveries, infrastructure, macro and microeconomic 
assistances23.",Uganda.pdf,UNCT,0.788,Positive
Uganda,"60. The UNCT however lacks a dedicated joint funding 
mechanism and a coherent resource mobilization strategy. This gap has led to a perception that the UNCT’s work is 
overly focused on humanitarian interventions, sometimes 
misaligned with the government’s development 
priorities and the urgent needs of disaster-affected  
regions.For example, joint programmes around GBV maximise 
results between UN Women, UNDP , UNFPA, WHO, and 
UNICEF in collaboration with line ministries.",Uganda.pdf,UNCT,0.7506,Positive
Uganda,"The UNCT however lacks a dedicated joint funding 
mechanism and a coherent resource mobilization strategy. This gap has led to a perception that the UNCT’s work is 
overly focused on humanitarian interventions, sometimes 
misaligned with the government’s development 
priorities and the urgent needs of disaster-affected  
regions.For example, joint programmes around GBV maximise 
results between UN Women, UNDP , UNFPA, WHO, and 
UNICEF in collaboration with line ministries. These 
interventions are strongly connected to the selected SDGs 
and have made significant progress in the governance as 
reported by the NDP review report.",Uganda.pdf,UNCT,0.9022,Positive
Uganda,"The support does not always respond to priorities in terms 
of timing or targeted regions for specific needs, especially 
in locations affected by floods and mudslides such as 
Karamoja, Kasese, and the Eastern Region, particularly 
Mbale and Bulambuli districts among others, which most 
often caused thousands of families to be displaced. Additionally, government and beneficiaries’ groups 
deplore that most of the UNCT work was less 
development-oriented but largely humanitarian-oriented. Although it is recognized that the country cannot develop 
with humanitarian interventions, the actual working 
context and funding options seem to impose the ongoing 
implementation status with more budget devoted to 
humanitarian compared to the development sector.",Uganda.pdf,UNCT,0.3789,Positive
Uganda,"(ii) Coordination 
64. A coordination mechanism was set up by the UNCT to 
accelerate the implementation process of the CF activities 
under joint programmes and operationalised TWGs. In 
fact, the RCO’s office took a lead role in coordinating 
key activities, such as the UN Joint Programme on Data 
and Statistics, where 12 UN agencies came together  
25 The Uganda Country Refugee Response Plan (UCRRP) provides a 
framework covering the period 2022-2025, with an updated detailed 
planning for 2024-2025. to synergise and reduce duplication.",Uganda.pdf,UNCT,0.0,Neutral
Uganda,"The RG work 
is more predominantly a desk work and limited in the 
field. Moreover, the evaluators found that each agency 
maintains a functional relationship with specific line sector ministries based on its own country programme 
and action plans. This joint steering committee should 
have provided a mutual platform for decision-making 
process and enhanced the coordination efforts 
between the UNCT and the government to provide 
direction, oversight, and accountability to the CF’s 
implementation process.",Uganda.pdf,UNCT,-0.2263,Negative
Uganda,"Moreover, the evaluators found that each agency 
maintains a functional relationship with specific line sector ministries based on its own country programme 
and action plans. This joint steering committee should 
have provided a mutual platform for decision-making 
process and enhanced the coordination efforts 
between the UNCT and the government to provide 
direction, oversight, and accountability to the CF’s 
implementation process. In addition, strengthening the 
SWGs would have served as key entry points to support 
coordination.",Uganda.pdf,UNCT,0.7096,Positive
Uganda,"69. Finally, a disconnect was reported between 
the GoU MDAs and the UNCT regarding planning 
and implementation mechanisms. For instance, 
GoU implements a programme-based approach 
instead of a sector-based mechanism.",Uganda.pdf,UNCT,0.0,Neutral
Uganda,"The evaluation reveals that the CF has a robust 
coordination architecture with clearly defined 
terms of reference for various groups. However, the 
functionality of some groups requires strengthening, 
and coordination with national partners should be 
further enhanced.Application of a self-reliance and resilience 
approach by linking prevention/preparedness, 
response, and early recovery with national capacity 
building
71. The evaluation found that the UNCT has been at the 
forefront of promoting resilience approaches, self-reliance 
prevention, preparedness, response, and early recovery of 
businesses from the shocks, including COVID-19 even 
though the development and humanitarian context of 
Uganda is fluctuating over time.",Uganda.pdf,UNCT,0.802,Positive
Uganda,"However, the 
functionality of some groups requires strengthening, 
and coordination with national partners should be 
further enhanced.Application of a self-reliance and resilience 
approach by linking prevention/preparedness, 
response, and early recovery with national capacity 
building
71. The evaluation found that the UNCT has been at the 
forefront of promoting resilience approaches, self-reliance 
prevention, preparedness, response, and early recovery of 
businesses from the shocks, including COVID-19 even 
though the development and humanitarian context of 
Uganda is fluctuating over time. Various collaborative 
efforts to this aim were found.",Uganda.pdf,UNCT,0.4767,Positive
Uganda,"These include, for example, 
partnerships with Safe Boda to make home deliveries 
and ensure that food and other essentials are delivered 
to homes; tremendous support to the  MoH to ensure 
that drugs are delivered by drones; deployment of early 
warning systems to prepare farmers for different seasons; 
promotion of wetland restoration activities especially 
in Southwestern, Eastern and  Northern Uganda and the 
Karamoja region. The UNCT worked through partners 
and GoU grassroots programmes such as the Parish 
Development Model (PDM) and “Village Savings and 
Loans “(VSLA) approach to enhance people’s resilience 
through capacity building; mobilised additional resources 
from the Government of Norway to have a dedicated 
recovery fund for MSMEs to help businesses recover. The 
UNCT enhanced the preparedness of businesses to have 
a clear and well-defined business case and supported 
them in developing financial models that are bankable 
and financeable.72.",Uganda.pdf,UNCT,0.9517,Positive
Uganda,"The UNCT worked through partners 
and GoU grassroots programmes such as the Parish 
Development Model (PDM) and “Village Savings and 
Loans “(VSLA) approach to enhance people’s resilience 
through capacity building; mobilised additional resources 
from the Government of Norway to have a dedicated 
recovery fund for MSMEs to help businesses recover. The 
UNCT enhanced the preparedness of businesses to have 
a clear and well-defined business case and supported 
them in developing financial models that are bankable 
and financeable.72. Furthermore, the UNCT developed in collaboration 
with UBOS, self-reliance indicators to enhance self-
reliance and support nationwide coherence.",Uganda.pdf,UNCT,0.9062,Positive
Uganda,"The 
UNCT enhanced the preparedness of businesses to have 
a clear and well-defined business case and supported 
them in developing financial models that are bankable 
and financeable.72. Furthermore, the UNCT developed in collaboration 
with UBOS, self-reliance indicators to enhance self-
reliance and support nationwide coherence. It also 
worked with UNMA to strengthen the  capacity of  GoU 
institutions in early warning systems, capturing data and 
making it available to farmers to strengthen resilience, 
and providing real-time weather information.",Uganda.pdf,UNCT,0.8316,Positive
Uganda,"It also 
worked with UNMA to strengthen the  capacity of  GoU 
institutions in early warning systems, capturing data and 
making it available to farmers to strengthen resilience, 
and providing real-time weather information. Additionally, 
the UNCT supported the development of a natural 
resource information system to support institutions 
mandated to monitor natural resources, 
and helped  the GoU to develop 
relevant monitoring tools. For 
example, IOM has developed 
a tool to monitor climate-
induced migration.",Uganda.pdf,UNCT,0.8807,Positive
Uganda,"©UNFPA Uganda
40 41
UN UGANDA  UNSDCF 2021-2025 EVALUATION REPORT UN UGANDA  UNSDCF 2021-2025 EVALUATION REPORT
73. The government and IPs acknowledged that the 
UNCT led the research to inform resilience strengthening, 
preparedness, response, and early recovery to enable 
better prediction and planning. They supported  the 
signing  of  a  Memorandum of Understanding (MoU) 
between GoU and Kenya to address the conflicts between 
Karamoja and North Pokot.",Uganda.pdf,UNCT,0.7003,Positive
Uganda,"This has enabled the 
demarcation of borders to ensure peaceful co-existence, 
as well as,cross-border monitoring, ensuring security and 
preventing conflict. The UNCT put in place the UN regional 
resilience hub and community recovery. For example, 
in the Karamoja region, the UN plans to conduct a study 
on early resilience indicators to prioritise interventions to 
maximise impact.",Uganda.pdf,UNCT,0.8402,Positive
Uganda,"However, some respondents expressed concerns 
that there are challenges related to timely data sharing, 
especially from the district to the national level and 
monitoring early warning. Respondents also raised 
issues about prevention/preparedness response and 
early recovery not being  entrenched in programming, 
and humanitarian interventions cover the majority of the 
UNCT activities. 4.3 Effectiveness 
Assessment of the achieved results outlined  
in the results framework
4.3.1 Analysis of outcomes and outputs indicator  
and reporting process
75.",Uganda.pdf,UNCT,0.1779,Neutral
Uganda,"However, it might be not easy to measure and report on 
two of these sub-indicators especially the annual score 
on integration of gender and human rights perspectives 
in basic social and protection services without baseline 
and defined target. In total, there were 45 indicators 
set to be measured and reported on by UNCT. However, 
12 per cent of the indicators lacked targets and 9 per 
cent did not have a baseline.",Uganda.pdf,UNCT,-0.3412,Negative
Uganda,"The achievements are presented according to the 
strategic priorities with planned outcomes and outputs. Undeniably, the UNCT nationally made significant progress 
toward the achievement of its outputs and outcomes. 26  Indicators 3.1b (Primary to secondary school transition rate) and 3.1c 
(Percentage of Social protection coverage)
Outcome/ Output No.",Uganda.pdf,UNCT,0.34,Positive
Uganda,"of Indicators Defined Baselines Defined Targets Notes 
Outcome level
Outcome 1 3/3 3/3 Yes All indicators are smart
Outcome 2.1 3/3 3/3 Yes All indicators are smart
Outcome 2.2 4/4 4/4 Yes All indicators are smart
Outcome 3.1 3/3 3/3 1/3 All indicators are smart
Outcome 3.2 3/3 3/3 Yes All indicators are smart
Total 16/16 (100%) 16/16 (100%) 14/16 (87.5%)
Output level
Output 1.1 3/3 3/3 No Indicator 1.1.3 is not smart
Output 1.2 3/3 3/3 Yes All indicators are smart
Output 1.3 3/3 3/3 Yes All indicators are smart
Output 2.1.1 2/4 2/4 NoTwo indicators are smart (2.1.1a and 
2.1.1c)
Output 2.1.2 4/4 4/4 Yes All indicators are smart 
Output 2.1.3 3/3 3/3 Yes All indicators are smart 
Output 2.2.1 2/3 2/3 YesAll indicators are smart but no baseline 
and target for 2.2.1b
Output 2.2.2 4/4 3/4 YesAll indicators are smart but no target for 
2.2.2a
Output 2.2.3 3/3 3/3 Yes All indicators are smart
Output 3.1.1 3/3 1/3 YesAll indicators are smart but no targets 
for 3.1.1a and 3.1.1c
Output 3.1.2 3/3 3/3 Yes All indicators are smart
Output 3.1.3 2/3 1/3 YesAll indicators are smart but no targets 
for 3.1.1a and 3.1.1c; and no baseline 
Output 3.2.1 3/3 3/3 Yes All indicators are smart
Output 3.2.2 3/3 3/3 Yes All indicators are smart
Total 41/45 (91%) 37/45 (82%) 44/45 (97%)TABLE 4  ANALYSIS OF OUTCOME AND OUTPUT INDICATORS OF THE UGANDA 2021-2025 UNSDCF
42 43
UN UGANDA  UNSDCF 2021-2025 EVALUATION REPORT UN UGANDA  UNSDCF 2021-2025 EVALUATION REPORT
79. At outcome level, the results compiled in table 6 show 
that the UNCT was very effective in achieving all out -
comes’ indicators on transformative and inclusive gov -
ernance (95.6 per cent). At the output level, the UNCT per -
formance is very satisfying notably with 99 per cent  for 
Output 1.2 and 131 per centfor Output 1.3; but satisfacto -
ry (74per cent) for Output 1.1.",Uganda.pdf,UNCT,0.9959,Positive
Uganda,"At outcome level, the results compiled in table 6 show 
that the UNCT was very effective in achieving all out -
comes’ indicators on transformative and inclusive gov -
ernance (95.6 per cent). At the output level, the UNCT per -
formance is very satisfying notably with 99 per cent  for 
Output 1.2 and 131 per centfor Output 1.3; but satisfacto -
ry (74per cent) for Output 1.1. Additional efforts are need -
ed to improve the achievement of output 1.1 particularly 
by increasing the number of policy and legal frameworks 
developed and implemented for promotion of democracy, 
accountability, equal opportunities and pro-poor growth 
in line with international human rights standards, obliga -
tions and commitments.",Uganda.pdf,UNCT,0.9512,Positive
Uganda,"Cit -
izens were also provided with information on the elector -
al processes and supported the youth to vie for elective 
positions. The UNCT supported GoU in strengthening the 
Uganda Human Rights Commission (UHRC) regional of -
ficers to improve access to human rights services. Addi -
tionally, a TWG was established to monitor transnational 
crimes such as human trafficking, drugs and firearm traf -
ficking.",Uganda.pdf,UNCT,0.8658,Positive
Uganda,"Addi -
tionally, a TWG was established to monitor transnational 
crimes such as human trafficking, drugs and firearm traf -
ficking. The UNCT supported GoU in promoting effective 
primary drug prevention in the community and the work -
place, as well as in the education and prison systems
82. The UN Women supported the EC in developing a 
gender strategy to disaggregate election data and pub -
lish them for public access.",Uganda.pdf,UNCT,0.7906,Positive
Uganda,"The UN  en -
hanced collaboration with religious and cultural leaders 
to address the gender norms in communities. In fact, the 
UNCT  enhanced a coordinated approach towards gener -
ating gender-aggregated data and statistics, as well as in -
creased awareness and recognition of gender data to in -
form inclusive government systems and reports on SDGs 
to hold the government accountable. The UN  supported 
the participation of women and youth in elective positions 
at various levels, including the most vulnerable women 
such as survivals from GBV.",Uganda.pdf,UNCT,0.2975,Positive
Uganda,"Women: 1) 33.8%, 
2) LC1-LC5- 46%
b. Youth:1): 3.38%,
2) LC1- LC5: No data120.829 Very 
satisfactory
Number Governance Index (Proxy
Indicator)55 60 47.5 79.2Very 
satisfactory
Average 95.6Very 
satisfactory
Output Indicators Baseline 2021-2025 
targetsAverage 
achievements% Observations 
Output 1.1: Institutions and systems at national and sub-national levels are effective and accountable in line with national, 
regional and international obligations and commitments
1.1.1: Number of policy and 
legal frameworks developed and 
implemented for promotion of 
democracy, accountability, equal 
opportunities and pro-poor growth 
in line with international human 
rights standards, obligations and 
commitments0 13 9 69 Satisfactory
1.1.2: Per centage of Local 
Governments showing improvement 
on the annual Local Government 
Performance Assessment (LGPA)58% (2020) 80% 63% 78.7Very 
satisfactory
1.1.3: Existence of strategic 
functional management information 
system informing policy directionPartial (2020) Largely Largely - Satisfactory
Average 74 Satisfactory
27 There is no evidence on the disaggregation of these data by locations. 28 Achieved results by sector here are summarized as follow (from 2021 to 2023): Accountability (132%): Agric (53%); Education (61.6%); Energy and Mineral 
Dev (25%); Health (80%); ICT (71.8); JLOS (72%); Lands, Housing and Urban Development (74%); Legislature (68.5%); Public Administration (94.8%); PSM (53.8%); 
Science, Technology and Innovation (32.2%); Security (91.3%); Social Development (71.3%); Tourism, Trade & Industry (67.4%); Water and Environment (50.6%); 
Works and Transport (61.55%).",Uganda.pdf,UNCT,0.9859,Positive
Uganda,"youth, constituency 
representatives, workers unions, 
PWDS, elderly …]
disaggregated by sexNational
elections:
67.61% (2016);
Local councils:
46% (2016):National:72%;
Local: 75%;
Interest groups 
[youth, PWDs, 
Elderly]: 70%-
68% females, 72% 
malesNational: 59.35%
Local councils: 
52%3082
69
(76)Very 
satisfactory
1.2.2: Proportion of the population 
satisfied with their last experience 
of public services [by sex, age, 
disability]50 90 46.33151.4 Satisfactory
1.2.3: No. of target non-state 
institutions with strengthened 
capacities for advocacy and 
engagement in the review and 
reform of legislation and policies for 
national and subnational governance 
and development3(2019) 10 17 170Very 
satisfactory
Average 99Very 
satisfactory
Output 1.3 Capacity of state and non-state actors at local, national, and regional levels strengthened to sustain peace and security
1.3.1: Crime Rate per 100,000 
persons by sex, age, type and region551 306 509 166Very 
satisfactory
1.3.2: Existence of a functional 
infrastructure for peaceNo (2019) Yes (2025) Partially achieved - Satisfactory
1.3.3: Proportion of public with 
confidence in the security system72% (2017) 80% 77.3% 96.6Very 
satisfactory
Average 131.3Very 
satisfactory
Overall performance (Average of Outputs’ indicators) 101.4Very 
satisfactory
 
Legend:    Unsatisfactory < 25%     Less satisfactory = 25-49%    Satisfactory = 50 - 75%    Very satisfactory > 75%
30 Data not disaggregated. 31 Client satisfaction surveys not completed for all agencies and along the three strategic priorities.",Uganda.pdf,UNCT,0.9939,Positive
Uganda,"46 47
UN UGANDA  UNSDCF 2021-2025 EVALUATION REPORT UN UGANDA  UNSDCF 2021-2025 EVALUATION REPORT
84. At the outcome level, the UNCT was less effective in 
achieving the expected results (34 per cent). Significant 
efforts are required to improve the attendance of the 
outcome 2.1 which is found unsatisfactory (15 per cent) 
and outcome 2.2 even though it appears to be satisfactory 
(52 per cent).",Uganda.pdf,UNCT,0.8405,Positive
Uganda,"85. At the output level, the UNCT was very effective in 
the achievement of the CF outputs for the ST2 (76 per 
cent) even though more efforts are needed to improve 
the achieved targets for outputs 2.1.1 (41 per cent) and 
2.2.1 (51 per cent). In fact, data are missing to assess 
the achieved targets for output 2.1.1 for which most of 
its indicators lacked data (baseline, targets and achieved 
results).",Uganda.pdf,UNCT,0.624,Positive
Uganda,"Although still less than desired, there was 
enhanced alternative financing, with the Public Private 
Partnership (PPP) being one of the financing options be -
ing implemented. Also, the UNCT  enhanced the capac -
ity of the youth, including refugees, to increase produc -
tion. Interventions such as the Grow programme by the 
World Bank  enhanced the engagement of the youth in 
business through acquiring business loans for agro-busi -
ness MSMEs, targeting over 200 MSMEs and about 300 
MSMEs by 2024.",Uganda.pdf,UNCT,0.7287,Positive
Uganda,"Interventions such as the Grow programme by the 
World Bank  enhanced the engagement of the youth in 
business through acquiring business loans for agro-busi -
ness MSMEs, targeting over 200 MSMEs and about 300 
MSMEs by 2024. UNCT demonstrated notable support 
for economic empowerment on farmer livelihoods em -
powered 1,080 SMEs, 80 per cent of which were owned 
and operated by women and youth with skills and tools 
to strengthen their competitiveness and export trade 
readiness. As a result, the SMEs accessed markets in  
 
32  Attributing the UN's contribution to the increase in the number of 
decent jobs created, as well as the number of people benefiting from 
sustainable, nature-based, and resource-based solutions, remains a 
significant challenge.Democratic Republic of Congo (DRC), South Sudan, Rwan -
da, United Kingdom and United States of America.",Uganda.pdf,UNCT,0.9719,Positive
Uganda,"87. Further example includes the support provided by the 
UNCT to the GoU in enhancing the use of digital platforms to 
boost the production and marketing of produce by the youth, 
such as the digital facility in Nakivale Refugee Settlement in 
Western Uganda and funding the innovation facility under 
the MoICT. The UNCT also supported the Tondeka project, 
working with Pride Micro Finance to offer financial support 
to low-income earners to access low interest loans.",Uganda.pdf,UNCT,0.936,Positive
Uganda,"Further example includes the support provided by the 
UNCT to the GoU in enhancing the use of digital platforms to 
boost the production and marketing of produce by the youth, 
such as the digital facility in Nakivale Refugee Settlement in 
Western Uganda and funding the innovation facility under 
the MoICT. The UNCT also supported the Tondeka project, 
working with Pride Micro Finance to offer financial support 
to low-income earners to access low interest loans. It con -
tributed to the  development of infrastructure, including a 
road network in the border areas such as the Uganda- South 
Sudan border and Uganda- Kenya borders in the Karamo -
ja sub-region.",Uganda.pdf,UNCT,0.936,Positive
Uganda,"These efforts have been pivotal in boosting 
trade across the countries. Additionaly, the UNCT supported 
the construction of water systems and 17 economic infra -
structure projects, of which 13 were markets, while others 
included piped water systems and agro-processing facilities 
for farmers’ markets (Infrastructure improvements such as 
market construction boosted local revenue even though the 
increase in revenue has to be defined). 88.",Uganda.pdf,UNCT,0.8689,Positive
Uganda,"88. Additionally, the UNCT empowered young people, 
especially the young people living with HIV AIDS (PL -
HIV), by advocating for their needs, equipping them with the knowledge to make the right decisions, and employ -
ing them in different spaces and health facilities as ex -
pert clients. The refugee youth were also supported in 
working as peace mentors and peacemakers in Bidi Bidi, 
Rhino Camp, and Imvepi refugee settlements.",Uganda.pdf,UNCT,0.8481,Positive
Uganda,"However, both FDI 
and DDI have been increasing in Uganda pointing to an improvement in the business environment. Output Indicators Baseline 2021-2025 
targetsAverage 
achievements% Observations 
Output 2.1.1: Strengthened capacity of institutions and people, especially the vulnerable and marginalized, to promote the 
delivery and adoption of integrated, innovative, equitable and inclusive strategies for improved productivity, value chain 
enhancement and market access
2.1.1a Volume of production 
per labour unit (in USD) by 
classes of farming/pastoral/ 
forestry enterprise size including 
smallholders TBD TBD 10.435-Undetermined due 
to lack of baseline
2.1.1b Per centage of processed 
exports to total exports 
disaggregated by category 
(agriculture, mining)12.3 (2018)
Mining-5
Agriculture: 7.319.81
Mining: 7.1
Agriculture: TBD32% (no 
disaggregated)165 Very satisfactory
2.1.1c Distribution of agricultural 
land area owned disaggregated by 
sex, age, locationTBD TBD No data - No data 
2.1.1d Number of institutions 
assessed and assisted in making 
improvement in their functioning 
and reporting0 12 No data - No data
Average 41.2 Less satisfactory
Output 2.1.2 People, especially women and youth, have improved access to and utilize innovative practices, technologies, 
finances, natural and productive resources for decent employment and livelihoods People, especially women and youth, have 
improved access to and utilize innovative practices, technologies, finances, natural and productive resources for decent 
employment and livelihoods
2.1.2a Number of new decent jobs 
(formal and informal) generated 
disaggregated by sex, age, 
disability0200,000 (120,000F, 
80,000 M)82,209 (No 
disaggregated)41 Less satisfactory 
2.1.2b Number of people 
benefiting from sustainable nature 
based and productive resource-
based solutions for improved 
livelihoods030,000
Males: 14000
Females: 160009,075 30.3 Less satisfactory 
2.1.2c Per centage of eligible 
population with access to formal 
financial services disaggregated 
by sex, age, disability and location 
(rural/urban)58% (2018) 75% 43% 57 Satisfactory
2.1.2d Number of women and 
men owned enterprises having 
incorporated good practices into 
their commercial activities and 
having transacted business with 
greater awareness of the African 
Continental Free Trade Agreement01,500
(1000F/500M)2,396 (Not 
disaggregated by 
gender)182 Very satisfactory
Average 77.5 Very satisfactory
35 There is no agricultural survey for this assessment. The last survey was conducted in 2013.",Uganda.pdf,UNCT,0.9951,Positive
Uganda,"Per centage share of clean 
energy used for cooking15 30 17% 56.7 Satisfactory
Average 109.6 Very satisfactory
Overall performance (Average of Outputs’ indicators) 76 Very satisfactory
Legend:    Unsatisfactory < 25%     Less satisfactory = 25-49%    Satisfactory = 50 - 75%    Very satisfactory > 75%52 53
UN UGANDA  UNSDCF 2021-2025 EVALUATION REPORT UN UGANDA  UNSDCF 2021-2025 EVALUATION REPORT
89. The UNCT was very effective in achieving outcomes 
(93 per cent) and outputs ((109 per cent) for the SP3 (table 
8). However, efforts are needed at the outcome level to 
improve the coverage of essential health services (3.1a) 
and the National Budget compliance to Gender and Equity 
(3.2c), especially with disaggregated data by  districts on 
the budget compliance to gender and equity (Table 8).",Uganda.pdf,UNCT,0.9787,Positive
Uganda,"Nonetheless, significant progress was made in 
achieving key expected results in various sectors such as 
resilience building, health and WASH services, education 
services, gender equality and human rights. Regarding re -
silience building, the UNCT, in partnership with non-state 
organizations, partner institutions, and local govern -
ments, enhanced the capacity of people and communities 
to access and utilise quality social and protection servic -
es through social protection interventions. These efforts  
resulted in a more self-reliant community.",Uganda.pdf,UNCT,0.5574,Positive
Uganda,"Less efforts were paid to pro -
vide substantial support for preventing and managing 
non-communicable diseases (NCDs), such as diabetes, 
hypertension, cardiovascular diseases, cancers, sickle 
cell disease. Regarding education services, the UNCT 
strengthened the capacity of the Ministry of Education 
and Sports (MoES) to supervise education institutions in 
the Karamoja region as well as refugee hosting communi -
ties (provision of scholastic material, school feeding and 
advocacy campaigns towards ending teenage pregnancy 
to vulnerable learners to enhance school retention). How -
ever, respondents in the Arua region pointed out that the 
root causes vulnerabilities, such as refugees, were not 
tackled as the interventions were mainly responsive as 
opposed to preventive.",Uganda.pdf,UNCT,0.8074,Positive
Uganda,"Table 9 resumes the assessment of the overall 
performance of the CF regarding its effectiveness by 
strategic priority areas. Globally, the UNCT has been very 
effective in achieving the greatest results at the output 
level (96 per cent) but was satisfactory at outcome levels 
(74 per cent). The overall performance is very satisfying, 
particularly for pillars 1 (101 and 96 per cent) and 3 (109 
and 93 per cent).",Uganda.pdf,UNCT,0.9097,Positive
Uganda,"There has been reported improvement in the coordi -
nation among UN agencies, leading to the effective im -
plementation of Joint UN interventions. The reform has 
brought the UNCT and the government closer than ever, 
and therefore maintain the momentum of the UN support 
to the Government of Uganda. 96.",Uganda.pdf,UNCT,0.8316,Positive
Uganda,"This initiative fostered a shared understanding and joint 
action among interested donors, enhancing the UN’s 
strategic coherence and connectedness. Other UN Re -
form milestones include the establishment of the new  
generation UN Country Team, which included\ repre -sentatives from development partners, civil society and 
the private sector; support to the SDG secretariat led by 
the government ; more funding opportunities such as the 
Danish and German government (GIZ). Agencies engaged 
national actors such as civil society, national and interna -
tional NGOs, media, and private sector organizations in 
training and provided guidance  to meet the commitment 
of both the NDP and CF framework.",Uganda.pdf,UNCT,0.9322,Positive
Uganda,"For example, the GEF 
8 had one area on circular plastic programming, which 
was not particularly in the CF. Furthermore, the changes 
in the UN development system were expected to pro -
mote joint resource mobilisation, and clear and more 
robust lines of accountability from the UNCT to host 
governments. However, the resource mobilisation pro -
cess was more agency-oriented than UNCT-oriented, 
though localised needs assessments have strength -
ened resource allocation as illustrated in Karamoja and 
refugee-hosting districts like Adjumani.",Uganda.pdf,UNCT,0.8748,Positive
Uganda,"Furthermore, the changes 
in the UN development system were expected to pro -
mote joint resource mobilisation, and clear and more 
robust lines of accountability from the UNCT to host 
governments. However, the resource mobilisation pro -
cess was more agency-oriented than UNCT-oriented, 
though localised needs assessments have strength -
ened resource allocation as illustrated in Karamoja and 
refugee-hosting districts like Adjumani. Government KIs 
argue that there was no compliance with the Paris Dec -
laration on Aid Effectiveness for mutual accountability 
and country leadership as the UNCT was accountable 
to themselves and didn’t follow the government Aid  
platform.",Uganda.pdf,UNCT,0.7501,Positive
Uganda,"However, the resource mobilisation pro -
cess was more agency-oriented than UNCT-oriented, 
though localised needs assessments have strength -
ened resource allocation as illustrated in Karamoja and 
refugee-hosting districts like Adjumani. Government KIs 
argue that there was no compliance with the Paris Dec -
laration on Aid Effectiveness for mutual accountability 
and country leadership as the UNCT was accountable 
to themselves and didn’t follow the government Aid  
platform. “Coordination 
is much better 
now than before, no 
more duplication of 
responses”, reported 
a national-level KII 
respondent.TABLE 8  OVERALL PERFORMANCE OF THE CF BY STRATEGIC PRIORITY
58 59
UN UGANDA  UNSDCF 2021-2025 EVALUATION REPORT UN UGANDA  UNSDCF 2021-2025 EVALUATION REPORT
Main facilitating and hindering factors  
of the CF implementation
A.",Uganda.pdf,UNCT,0.4215,Positive
Uganda,"Effective 
communication with the GoU to derive the development 
agenda. The UNCT coordination team spearheaded the 
coordination and alignment of activities, which facilitated the achievement of outcomes. Furthermore, having work -
ing groups for each result as well as M&E representatives 
from both development and humanitarian agencies miti -
gated challenges in service deliveries ( for example struc -
turation of the CF management, quarterly meetings of the 
coordination committee and other joint meetings provide 
opportunities to ensure alignment and allow stakeholders 
to address identified challenges).",Uganda.pdf,UNCT,0.891,Positive
Uganda,"102. Although the UNCT  established a strong collabora -
tion among agencies towards joint work plans and joint 
programmes, Delivering  as One was harder to implement. There was no joint monitoring, but there was some joint 
implementation where each agency involved followed its 
internal policies.",Uganda.pdf,UNCT,0.1406,Neutral
Uganda,"Joint resources mobilisation was chal -
lenging for some agencies when it came to the  actual im -
plementation of joint programming. Many agencies tend -
ed to operate individually in various locations ( for example 
communication and exchange/sharing of information re -
main challenging for the UNCT). Even though the Deliver -
ing  as One was progressing, the agencies were still work -
ing largely on their own to push their individual visibility.",Uganda.pdf,UNCT,0.1531,Neutral
Uganda,"(about 50 per cent increased budget) even though the 
disbursement rate is low to date. These were facilitated 
by various funding mechanisms and tools such as the 
UN Capital Development Fund (UNCDF), which allows 
the UNCT work with governments and other partners 
to create models for fiscal decentralisation, project fi -
nance, and municipal finance. The UN Funding Frame -
work was also used to provide  an overview of the type, 
amount, source of funding, and to assess specific needs 
and priorities for climate finance.fIn addition, baseline 
data and financial mapping tools shared by UN Devel -
opment  Coordination Office (DCO) and the Multi-Part -
ner Trust Fund (MPTF) Office to identify new sources of 
finance.",Uganda.pdf,UNCT,0.7783,Positive
Uganda,"These were facilitated 
by various funding mechanisms and tools such as the 
UN Capital Development Fund (UNCDF), which allows 
the UNCT work with governments and other partners 
to create models for fiscal decentralisation, project fi -
nance, and municipal finance. The UN Funding Frame -
work was also used to provide  an overview of the type, 
amount, source of funding, and to assess specific needs 
and priorities for climate finance.fIn addition, baseline 
data and financial mapping tools shared by UN Devel -
opment  Coordination Office (DCO) and the Multi-Part -
ner Trust Fund (MPTF) Office to identify new sources of 
finance. In so doing, the CF was instrumental in mobi -
lising resources and increasing partnerships to address 
development and humanitarian challenges faced by the 
country and its peoples, facilitating the identification 
and development of financing products, digitising fund -
ing and supporting the Uganda Development Bank Guar -
antee facilities.",Uganda.pdf,DCO,0.875,Positive
Uganda,"Additionally, the CF supported 
GoU in launching an integrated financing mechanism 
for national development and provided data to enhance 
climate financing activities. The UNCT enhanced govern -
ment financing through the Compact Agreement, where 
the GoU provided matching funding for the procurement 
of health materials. The UN supported a public financ -
ing strategy study that identified financing options, such 
as PPPs, and will support NDP IV.",Uganda.pdf,UNCT,0.8591,Positive
Uganda,"109. Furthermore, the UN Country Team (UNCT) worked 
closely with the Government of Uganda (GoU) Min -
istries, Departments and Agencies (MDAs) including 
Ministry of Finance, Planning and Economic Develop -
ment (MoFPED); Ministry of Water and Environment 
(MWE); National Forestry Authority (NFA); National 
Environment Management Authority (NEMA) to ac -
quire more finances for nature and biodiversity. Other 
initiatives include the Disaster ecosystem service pay -
ment and the development of a Climate Finance strat -
egy.",Uganda.pdf,UNCT,-0.5994,Negative
Uganda,"Other 
initiatives include the Disaster ecosystem service pay -
ment and the development of a Climate Finance strat -
egy. The Green Growth Strategy supported by UNCT 
through Biodiversity Financing will also increase financ -
ing. The UN also strengthened the capacity of DLGs 
in budgeting, fundraising, mobilisation and planning.",Uganda.pdf,UNCT,0.5423,Positive
Uganda,"112. Globally, the transaction costs can be reduced by 
UNCT by up to US$1,133 million over the CF period (Fig -
ure 1). This amount represents about 60 per cent of the 
expected cost avoidance for the CF timeline and there -
fore, can be seen as satisfactory.",Uganda.pdf,UNCT,-0.0516,Neutral
Uganda,"Looking at the cost 
avoidance by service lines (Figure 2), most costs were re -
duced from the administration, procurement, ICT, logistics 
and finance, respectively. The UNCT developed joint pro -
grammes and advocacy to enhance the achieved results. UN KIs met affirm that collaboration among agencies, 
effective advocacy, promoting resource pooling, harmo -
nisation of procedures through the implementation of the 
Business Operation Strategy (BOS) and use of common 
administration and logistics under UNOPS, context-spe -
cific assistance with the balance between humanitarian 
and development interventions, helped reduce transac -
tion costs of doing business in Uganda.",Uganda.pdf,UNCT,0.6486,Positive
Uganda,"117. Through capacity development, the UNCT supported 
the development of policies and guidelines, capacity 
strengthening in various technical areas such as 
public finance management, governance, early warning 
systems, disease surveillance, digital and finance 
literacy, gender mainstreaming and data analysis. Additionally, the UNCT supported the  digitalisation of 
VHT activities; they worked with MDAs to implement 
digital transformation interventions and launched the 
digital transformation agenda for the country.",Uganda.pdf,UNCT,0.7096,Positive
Uganda,"Through capacity development, the UNCT supported 
the development of policies and guidelines, capacity 
strengthening in various technical areas such as 
public finance management, governance, early warning 
systems, disease surveillance, digital and finance 
literacy, gender mainstreaming and data analysis. Additionally, the UNCT supported the  digitalisation of 
VHT activities; they worked with MDAs to implement 
digital transformation interventions and launched the 
digital transformation agenda for the country. The UNCT 
enhanced the capacity of the local community individuals 
and households to participate in climate-smart 
initiatives such as agroforestry and apiary in addition to 
cash disbursements.",Uganda.pdf,UNCT,0.7096,Positive
Uganda,"Additionally, the UNCT supported the  digitalisation of 
VHT activities; they worked with MDAs to implement 
digital transformation interventions and launched the 
digital transformation agenda for the country. The UNCT 
enhanced the capacity of the local community individuals 
and households to participate in climate-smart 
initiatives such as agroforestry and apiary in addition to 
cash disbursements. Under RG5, the UN strengthened 
systems and capacity of institutions such as the 
Council of Traditional Leaders and designated cultural 
institutions in positive social norms.",Uganda.pdf,UNCT,0.8481,Positive
Uganda,"122. The UNCT informed strategic interventions to 
transition the country to a green and sustainable 
economy through partnerships and collaborations, 
working and planning together to strengthen 
environmental sustainability. The UN promoted 
alternative livelihood options for rural farmers to 
boost the sustainable use of natural resources through 
establishing  Income-Generating Activities (IGAs), such 
as livestock projects, horticulture in Nwoya District, 
Apiary in Karamoja region, and fish cage farming in Bugiri 
District.",Uganda.pdf,UNCT,0.8779,Positive
Uganda,"127. The UNCT has 
deployed several 
officers at OPM, MGLSD 
and CRRF who support 
gender aspects. The 4 UN 
Area Coordination regions 
have Gender Mainstreaming 
coordinators who are 
responsible for supporting LGs and 
IPs to streamline gender aspects.",Uganda.pdf,UNCT,0.7845,Positive
Uganda,"128. In addition, the UNCT rolled out a gender seal for 
entities to assess how sensitive the gender policies were; 
for instance, institutions such as Makerere University 
were supported to assess the gender composition in 
leadership positions using this gender seal. Standard 
gender markers were used in all UN programming.",Uganda.pdf,UNCT,0.3182,Positive
Uganda,"129. Moreover, the UNCT  also ensured the reporting of 
gender-disaggregated data at all reporting levels, even 
though some gaps in disaggregating data were observed. Additionally, the UN operations such as procurement, 
selection of candidates, and recruitment of human 
resources ensured both men and women are  equally 
allowed to apply, and the recruitment panels are gender 
balanced (e.g.",Uganda.pdf,UNCT,0.0,Neutral
Uganda,"Evidence from FGDs and interviews affirm that 
the CF adopts the New Way of Working (NWOW) 
to consistently apply the “Leaving no One Behind” 
and human rights principles. The UNCT was able to 
mainstream gender equality and advance women 
and youth empowerment across the three pillars by 
promoting equal participation to both women and girls 
affected by GBV-related challenges to legal services. For example, dignity kits and mobility support were 
specifically provided to girls.",Uganda.pdf,UNCT,0.765,Positive
Uganda,"A structuration of youth network by 
providing them institutional capacity building could 
have better support their engagement and collaboration 
all over activities implemented. Aside of UNCT adoption 
multi-sector approaches by involving  partnerships with 
IPs and collaboration with line ministries, respondents 
recommended that specific attention should be paid to 
area-based programming with the selection of sector 
wide groups. Furthermore, using support from the JPDS 
especially by enhancing the integration of gender data 
and earned a gender equality marker rating, more efforts 
can help in regularly monitoring the operational context 
with the support of the M&E working group using the 
indicators defined in the planning stages and adjust the 
activities considering new information gathered through 
monitoring.",Uganda.pdf,UNCT,0.9498,Positive
Uganda,"To some extent, the CF promoted resilience and 
durable solutions in development, humanitarian and peace 
interventions using a nexus approach. Discussions with UN 
and government key informants affirm that  the UNCT was 
committed for a nexus approach in their programming as 
part of the new way of working in Uganda. Using agencies’ 
comparative advantage, they focused their efforts on 
working to reduce the vulnerability of communities in 
non-conflict areas to food insecurity by building assets 
for resilience, improve the access to GBV protection and 
prevention services with a focus on strengthening national 
partners working outside the settlement sites in areas 
not affected by conflict.",Uganda.pdf,UNCT,0.9532,Positive
Uganda,"134. Nevertheless, UNCT promoted under the UN reform 
a number of interventions on wetland restoration, 
climate, poverty alleviation, resilience-based support for 
livelihoods incorporating agencies contributions using a 
nexus approach as integrated approaches. Other example 
comprises resilience and durable solutions promoted by 
the CF in Northern Uganda encompassing empowerment, 
infrastructure, environmental sustainability, vocational 
training, and knowledge transfer.",Uganda.pdf,UNCT,0.7845,Positive
Uganda,"Challenges are also seen on 
communication on what was being done or achieved, 
where, when, how and by who, knowing that integrating 
programming challenge collaboration and coordination 
at the subnational and district levels. Even though the 
UNCT, existing platforms and government commitment 
provide an enabling environment to deliver on a nexus 
approach, there is a need to look at localisation/joint 
interventions to respond to the specific needs of 
marginalised target groups. To apply a resilience and 
Nexus approach, there is need of coordination and 
cooperation among various actors including working 
closely with the Government.",Uganda.pdf,UNCT,0.4939,Positive
Uganda,"Furthermore, 
CF had established collaboration and strengthening 
institution-capacities by collaborating closely with 
specific undersecretaries of line ministries on each of 
the flagship initiatives. These complementarities and 
synergies built by the UN were helpful in governance and 
access to justice matters especially by strengthening 
functional infrastructure for peace. Partnerships with 
agencies and training artisans ensured continuity of 
services.",Uganda.pdf,UNCT,0.9485,Positive
Uganda,"Regarding the socio-political sustainability, various 
reforms on GBV and SGBV under the joint programmes 
on GBV, the NUERP project, and the UNJAYP  will 
continue to enhance women’s profile and leadership, as 
well as empowering youths and vulnerable women in 
the targeted communities including the refugees, IDPs 
and host populations. Number of facilities such as the 
infrastructure built will remain functional even after the 
CF period, including roads, weather stations, schools, 
and health facilities. The UN also advocated for LGs 
to allocate funds for road maintenance to ensure 
continuity.",Uganda.pdf,UNCT,0.4767,Positive
Uganda,"The regulatory environment with laws, policies and 
amendments to policies are instruments that  will stay 
and be implemented. Therefore, UNCT implemented 
the environmental sustainability procedures and 
integrated the procedures into implementation 
processes, which enhanced environmental  
sustainability. 141.",Uganda.pdf,UNCT,0.0,Neutral
Uganda,"141. Financial sustainability was ensured through the 
integration of the National Financial Strategy championed 
by UNCT. Other mechanisms include the promotion of 
VSLAs for internal funding, property tax collection, and 
co-funding models.",Uganda.pdf,UNCT,0.296,Positive
Uganda,"Response to challenges of national capacity 
development, and institution-building and 
institution-strengthening in civil society and NGOs
144. Under a synergy and complementarity of actions, 
the UNCT responded to national capacity development, 
institution-building, and institution-strengthening in civil 
society and NGOs, and  all UN-supported interventions 
included capacity development. 145.",Uganda.pdf,UNCT,0.0772,Neutral
Uganda,"It is well aligned with 
government priorities in the NDP III, sector and DDP , and 
selected SDGs. Consistent with its commitment on “Leaving 
no one behind”, the UNCT adopts a conflict-sensitive 
programming, as responses to the needs of most vulnerable 
groups such as women and girl, victims of the GBV, children 
and adolescents, returnees and IDPs. The CCA supports 
programming to better address vulnerability and conflict 
sensitivity (RA1).",Uganda.pdf,UNCT,0.228,Positive
Uganda,"Furthermore, the CF interventions may not be what the 
community needs to take them to the desired level of 
improved livelihoods (RA2). Coherence  
and connectedness (CC)
The UNCT significantly promoted complementary, 
harmonisation, and coordination to maximise the 
achieved results. The UNCT     has been enhanced by the 
joint work plans for accountability and reporting, joint 
RG TWGs, joint programmes and joint programming.",Uganda.pdf,UNCT,0.836,Positive
Uganda,"Coherence  
and connectedness (CC)
The UNCT significantly promoted complementary, 
harmonisation, and coordination to maximise the 
achieved results. The UNCT     has been enhanced by the 
joint work plans for accountability and reporting, joint 
RG TWGs, joint programmes and joint programming. Coordination and synergies on the three pillars were 
led by the RCO by providing tremendous support in 
operationalising the NWOW, and some dynamic on 
continuity even though high staff turnover is challenging 
the process.",Uganda.pdf,UNCT,0.8271,Positive
Uganda,"The 
coordination and connectedness of actions could have 
been enhanced at the field offices (CC2). Effectiveness (Eff)
The UNCT made significant progress toward the 
achievement of the CF outputs (very effective, 96 per cent) 
and outcomes (satisfactory, 74 per cent) indicators. More 
efforts are needed to enhance the achieved results on pillar 
2 at the outcomes’ level (less satisfactory, 44 per cent).",Uganda.pdf,UNCT,0.8481,Positive
Uganda,"Efficiency (EC)
The CF     was efficiently implemented. The UNCT 
was able to reduce transaction costs by 60 per cent 
through joint programmes and common services, 
multi-stakeholder partnerships and advocacy across 
agencies. However, there are more agency-specific 
interventions and not many efficiency gains have been 
registered.",Uganda.pdf,UNCT,0.2626,Positive
Uganda,"The CF promoted access to new 
financing flows through various mechanisms such as 
the launch and pilot of the PPP guidelines for districts, 
the pooled financing mechanism, an integrated financing 
mechanism for national development and data to 
enhance climate financing activities through compact 
agreements, and by strengthening the capacity of DLGs 
in budgeting, fundraising, and planning. It is expected 
that the resumption of the National Partnership Forum 
and the development of the financing agenda will further 
enhance access to new financing (EC2).Sustainability (S)
The UNCT is committed to the nexus approach in their 
programming as part of NWOW in Uganda, but coordination 
on the nexus approach is very challenging. The enabling 
environment required to effectively implement the nexus 
approach is lacking, such as coordination and cooperation 
among actors, including working closely with the Government 
through MDAs and DLGs, LLGs, an M&E mechanism informed 
by reliable data and indicators, a joint resource mobilisation 
to fund the collective outcomes, an inclusive Joint Steering 
Committee and a government political leadership (S1).",Uganda.pdf,UNCT,0.8831,Positive
Uganda,"• Focus on more rooted interventions to promote the resilience and financial 
independence of refugees, host communities and IDPs
• Support private sectors and national NGOs to improve their absorptive capacity 
(Improving their absorptive capacity);
• Adopt L TA (Long-Term Agreement) with common premises and enhance OMT 
collaboration
• Stimulate local economic development by facilitating access to financial 
resources especially for vulnerable groups (Youths, women and girls).High 
Legend: Short-term = Less thaan a year Mid-term (medium) = 1-2 years5.2 Recommendations 
The following recommendations derived from the findings 
and conclusions of the evaluation as well as on the active 
consultation with key stakeholders. Each interview verified 
the perceptions of various stakeholders concerning the 
main recommendations in assisting the UNCT to discourse 
their needs. These recommendations are addressed to 
UNCT as it has the primary responsibility of formulating, 
managing, and implementing the CF.",Uganda.pdf,UNCT,0.9085,Positive
Uganda,"Each interview verified 
the perceptions of various stakeholders concerning the 
main recommendations in assisting the UNCT to discourse 
their needs. These recommendations are addressed to 
UNCT as it has the primary responsibility of formulating, 
managing, and implementing the CF. A validation workshop 
(to be organised virtually or on-site in Kampala) to review 
these recommendations is highly required to ensure 
consensus among government agencies, the RCO and the 
ET.",Uganda.pdf,UNCT,0.4336,Positive
Uganda,"• Conduct regular quarterly meeting involving the results 
groups and implementing partners. • Conduct bi-annual strategic pillar level meeting including 
UNCT members and counter parts from government.Medium 5.2.2. Operational recommendations (Short-term)
In the course of the ongoing CF, which will end on 31 
December 2025, the CF could consider the operational 
recommendations compiled in table 11 to improve its 
effectiveness and efficiency as well as the sustainability 
of achieved results.",Uganda.pdf,UNCT,0.7579,Positive
Uganda,"4 UNDP Human Development Report 2023/2024 
• https://www.mwe.go.ug/library/laws-and-policiesAppendix 3
List of Key Documents Reviewed
85
UN UGANDA  UNSDCF 2021-2025 EVALUATION REPORT UN UGANDA  UNSDCF 2021-2025 EVALUATION REPORT 85UN UGANDA  UNSDCF 2021-2025 EVALUATION REPORT
Groups Stakeholders Roles / Responsibilities
United Nations 
Mission /UN 
Agencies1DSRG/RCO- Strategic planning 
- Development economics 
- Partnerships and development finance 
- Data and results management and reporting 
- Communications and advocacy. UNCT 
(FAO, IFAD, IOM, ILO, RSCE, 
UNAIDS, UNCDF, UNEP , 
UNICEF, UNIDO, UNDP , 
UNDSS, UNESCO, UNFCCC, 
OHCHR, UNFPA, UN Global 
Pulse, UNHCR, UNODC, 
UNOPS, UN Women, WFP , 
WHO, UN Habitat)- Ensure consistent approach and commitment to the General Assembly 
resolution on the repositioning of the United Nations development system
- Provide support to national development priorities through the Cooperation 
Framework
- Work with a range of government and non-government partners and 
emphasize people- and community-focused engagement at the local level. - Ensure synergy and complementarity across the humanitarian- development 
nexus and operationalize the New Way of Working
- Leverage existing partnership mechanisms and build new ones with 
humanitarian partners both within and outside the UN system
Programme Management 
Team (PMT), UNICEF, WFP , 
IOM, ILO, UNAIDS, UNCDF, 
UNFPA, UNDP , UNFPA, 
UNHCR, UN Habitat, 
UNODC, WHO, UN Women, 
UN GP- Facilitate and provide overall policy and technical guidance on UNSDCF and 
key policy issues
- Provide the platform for inclusive and participatory national planning, 
budgeting processes and development coordination
- Ensure strong accountability and regular reporting on progress from the 
PMT; and ensure Monitoring and Evaluation
Operations Management 
Team (OMT), UNESCO, 
UNFPA- Champions operational coherence, harmonization and optimization to 
increase the UN’ overall service efficiency, effectiveness and quality while 
enhancing programme delivery.",Uganda.pdf,UNCT,0.9906,Positive
Uganda,"- Ensure synergy and complementarity across the humanitarian- development 
nexus and operationalize the New Way of Working
- Leverage existing partnership mechanisms and build new ones with 
humanitarian partners both within and outside the UN system
Programme Management 
Team (PMT), UNICEF, WFP , 
IOM, ILO, UNAIDS, UNCDF, 
UNFPA, UNDP , UNFPA, 
UNHCR, UN Habitat, 
UNODC, WHO, UN Women, 
UN GP- Facilitate and provide overall policy and technical guidance on UNSDCF and 
key policy issues
- Provide the platform for inclusive and participatory national planning, 
budgeting processes and development coordination
- Ensure strong accountability and regular reporting on progress from the 
PMT; and ensure Monitoring and Evaluation
Operations Management 
Team (OMT), UNESCO, 
UNFPA- Champions operational coherence, harmonization and optimization to 
increase the UN’ overall service efficiency, effectiveness and quality while 
enhancing programme delivery. - Provides technical support to UNCT, Government and other stakeholders on 
all undertakings relating to implementation of SDGs 
- Supports UNCT efforts and the Government in mobilizing resources and 
partnerships to facilitate implementation of the 2030 Agenda, 
- Report progress to the UNCT and its high-level advisory group on SDGs, 
share lessons and best practices for implementation of the agenda through 
south-south and triangular cooperation
UN Results-Based 
Management Team (FAO, 
UNICEF, UNAIDS, UNDP , 
UNEP , WFP , UNFPA, WHO, 
UNHCR, ILO, UNESCO, 
UNDCF, UNIDO, UNOPS, 
IOM, UN WOMEN, UN 
Habitat- Provide coherent support in strengthening national data systems to 
track UNSDCF, joint work plans and SDG achievement, monitor alignment 
of national policies and frameworks with international norms and 
commitments. - Monitor the situation of vulnerable groups; and enable the meaningful 
engagement of citizens in development processes that leave no one behind.",Uganda.pdf,UNCT,0.9929,Positive
Uganda,"- Monitor the situation of vulnerable groups; and enable the meaningful 
engagement of citizens in development processes that leave no one behind. Human Rights and Gender 
Advisory Group (UNESCO, 
UNFPA- Provides technical support to the UNCT and Programme Reference Group 
on issues related to human rights and gender; 
- Supports coherence in mainstreaming of human rights and gender in United 
Nations programmes and operations, interagency coordination and capacity 
building; and monitors fulfilment of UN’ institutional commitments on 
human rights and gender in programming and operations
Disability Inclusion Working 
Group (UNFPA, UNESCO)- Supports coherence in mainstreaming of human rights and gender in United 
Nations programmes and operations, interagency coordination and capacity 
building; and monitors fulfilment of UN’ institutional commitments on 
human rights and gender in programming and operations
UN Communication and 
Partnership , UNICEF & 
UNFPA- Responsible for joint UN communications including strategic advocacy, 
outreach and joint programme communication, support to partnership 
building, media relations, digital communications, publications, branding 
management and visibility. - Enhances knowledge management building on lessons learned from both 
joint and agency-specific programmes and activities, ensuring innovative 
ways to interact with beneficiaries.",Uganda.pdf,UNCT,0.9803,Positive
Uganda,"- Supporters of the budget or providers of the core contribution for recovery 
and resilience. Bilateral and multilateral 
partners- Help to obtain buy in and support for UNCT activities and mobilize resource 
for in specific thematic areas. - Help address challenges pertaining to funding for government activities, 
and concerns about potential misuse or allocating of funds to the security 
sector.",Uganda.pdf,UNCT,0.9136,Positive
Uganda,"To what extent are the 
CF results aligned and 
been consistent with the 
needs, priorities, and 
policies of the government 
(including alignment to 
national development 
goals and targets, national 
plans, strategies, and 
frameworks)?- Alignment to national plans, 
strategies and priorities 
- Degree of alignment to national 
development goals and targets 
(eg. NDP III goals & targets)
- Aligned to country priorities 
including targets for national 
frameworks- CF reports
- UNCT/UN 
agencies 
- Government 
staffs
- Implementing 
partners- Desk review
- KIIs
- Field 
observations - Content analysis
- Analysis of 
adaptability 
- Contribution analysis
- Triangulation 
2. To what extent did the 
CF build on a sound gender 
analysis, and other UN 
programming principles in 
such a way to promote not 
only gender equality and 
women’s empowerment but 
also other UN programming 
principles including “Left No 
One Behind?”- Degree of alignment of the CF to 
gender policy
- Degree of relevance of CF 
interventions to the needs and 
priorities of various  
- Relevance of the CF to the needs 
and priorities of most vulnerable 
groups (largely for people with 
disabilities, women and youth)- CF reports
- UNCT/UN 
agencies 
- Government 
staffs
- Implementing 
partners 
(CSO & NGO)
- Beneficiaries- Desk review
- KIIs
- FGs
- Field 
observations- Content analysis
- Strategic comparative 
advantage analysis
- Contribution analysis
- Triangulation
3.",Uganda.pdf,UNCT,0.4158,Positive
Uganda,"NDP III goals & targets)
- Aligned to country priorities 
including targets for national 
frameworks- CF reports
- UNCT/UN 
agencies 
- Government 
staffs
- Implementing 
partners- Desk review
- KIIs
- Field 
observations - Content analysis
- Analysis of 
adaptability 
- Contribution analysis
- Triangulation 
2. To what extent did the 
CF build on a sound gender 
analysis, and other UN 
programming principles in 
such a way to promote not 
only gender equality and 
women’s empowerment but 
also other UN programming 
principles including “Left No 
One Behind?”- Degree of alignment of the CF to 
gender policy
- Degree of relevance of CF 
interventions to the needs and 
priorities of various  
- Relevance of the CF to the needs 
and priorities of most vulnerable 
groups (largely for people with 
disabilities, women and youth)- CF reports
- UNCT/UN 
agencies 
- Government 
staffs
- Implementing 
partners 
(CSO & NGO)
- Beneficiaries- Desk review
- KIIs
- FGs
- Field 
observations- Content analysis
- Strategic comparative 
advantage analysis
- Contribution analysis
- Triangulation
3. To what extent has 
the CF integrated key 
development challenges 
including humanitarian 
crisis identified by the UN 
Common Country Analysis 
(CCA)?- Adequation between 
humanitarian and development 
counterparts 
- Degree of preparedness 
responses for recovery and 
resilience building
- Alignment of capacity building 
agenda to existing national 
humanitarian requirement- CF reports
- UNCT/UN 
agencies - Desk review
- KIIs- Content analysis
- Analysis of coherence
- Strategic comparative 
advantage analysis
- Contribution analysis
- Triangulation
2.",Uganda.pdf,UNCT,-0.3918,Negative
Uganda,"To what extent did the 
CF build on a sound gender 
analysis, and other UN 
programming principles in 
such a way to promote not 
only gender equality and 
women’s empowerment but 
also other UN programming 
principles including “Left No 
One Behind?”- Degree of alignment of the CF to 
gender policy
- Degree of relevance of CF 
interventions to the needs and 
priorities of various  
- Relevance of the CF to the needs 
and priorities of most vulnerable 
groups (largely for people with 
disabilities, women and youth)- CF reports
- UNCT/UN 
agencies 
- Government 
staffs
- Implementing 
partners 
(CSO & NGO)
- Beneficiaries- Desk review
- KIIs
- FGs
- Field 
observations- Content analysis
- Strategic comparative 
advantage analysis
- Contribution analysis
- Triangulation
3. To what extent has 
the CF integrated key 
development challenges 
including humanitarian 
crisis identified by the UN 
Common Country Analysis 
(CCA)?- Adequation between 
humanitarian and development 
counterparts 
- Degree of preparedness 
responses for recovery and 
resilience building
- Alignment of capacity building 
agenda to existing national 
humanitarian requirement- CF reports
- UNCT/UN 
agencies - Desk review
- KIIs- Content analysis
- Analysis of coherence
- Strategic comparative 
advantage analysis
- Contribution analysis
- Triangulation
2. Coherence and connectedness 
1.",Uganda.pdf,UNCT,-0.3918,Negative
Uganda,"Coherence and connectedness 
1. To what extent has the CF 
promoted complementarity, 
harmonization, and 
coordination with other 
key development partners 
including government to 
maximize the achievement 
of results?- Extent to which existing 
coordination and collaboration 
promoted by CF have been 
developed with key partners to 
maximize the achievement of CF 
results
- Existence and extent to which 
synergies and complementarities 
promoted by CF have been 
developed with key partners to 
maximize the achievement of 
expected results- CF reports
- UNCT/UN 
agencies 
- Government 
staffs
- Donors 
- Implementing 
partners 
(CSO & NGO)- Desk review
- KIIs- Content analysis
- Analysis of coherence 
and connectedness
- Contribution analysis
- Triangulation
2. To what extent has 
UNCT been able to apply a 
self-reliance and resilience 
approach by linking 
prevention/preparedness, 
response, and early recovery 
with national capacity 
building?- Extent to which self-resilience 
and resilience approach 
have been promoted to link 
prevention/preparedness, 
response, and early recovery with 
national capacity building- CF reports
- UNCT/UN 
agencies 
- Government 
staffs
- Implementing 
partners 
(CSO & NGO)- Desk review
- KIIs
- Field 
observations- Content analysis
- Analysis of coherence 
and connectedness 
- Contribution analysis
- TriangulationSub-questions Indicators Data SourcesData Collection 
Methods Data Analysis Methods 
3.",Uganda.pdf,UNCT,0.9254,Positive
Uganda,"To what extent has the CF 
promoted complementarity, 
harmonization, and 
coordination with other 
key development partners 
including government to 
maximize the achievement 
of results?- Extent to which existing 
coordination and collaboration 
promoted by CF have been 
developed with key partners to 
maximize the achievement of CF 
results
- Existence and extent to which 
synergies and complementarities 
promoted by CF have been 
developed with key partners to 
maximize the achievement of 
expected results- CF reports
- UNCT/UN 
agencies 
- Government 
staffs
- Donors 
- Implementing 
partners 
(CSO & NGO)- Desk review
- KIIs- Content analysis
- Analysis of coherence 
and connectedness
- Contribution analysis
- Triangulation
2. To what extent has 
UNCT been able to apply a 
self-reliance and resilience 
approach by linking 
prevention/preparedness, 
response, and early recovery 
with national capacity 
building?- Extent to which self-resilience 
and resilience approach 
have been promoted to link 
prevention/preparedness, 
response, and early recovery with 
national capacity building- CF reports
- UNCT/UN 
agencies 
- Government 
staffs
- Implementing 
partners 
(CSO & NGO)- Desk review
- KIIs
- Field 
observations- Content analysis
- Analysis of coherence 
and connectedness 
- Contribution analysis
- TriangulationSub-questions Indicators Data SourcesData Collection 
Methods Data Analysis Methods 
3. Effectiveness
1.",Uganda.pdf,UNCT,0.9254,Positive
Uganda,"Effectiveness
1. To what extent has the CF 
been in achieving the results 
outlined in the results 
framework?- Degree of progress towards the 
achievement of results’ KPIs
- Degree of progress towards the 
achievement of priority areas 
indicators
- Extent to which the achieved 
outcomes contribute to the 
collective outcomes- CF reports
- UNCT/UN 
agencies 
- Government 
staffs
- Donors - Desk review
- KIIs
- Field 
observations- Content analysis
- Descriptive statistics 
- Contribution analysis
- Triangulation
2. Post UN reform, to what 
extent have UN agency 
programmes and work 
plans been effectively and 
meaningfully derived from 
the CF both in design and 
implementation?- Alignment of the achieved 
outcomes to agency programmes 
and work plan in the design of CF
- Alignment of the achieved 
outcomes to agency programmes 
and work plan during the 
implementation of CF- UNCF reports
- UNCT/UN 
agencies 
- Government 
staffs
- Implementing 
partners 
(CSO & NGO)
- Beneficiaries- Desk review
- KIIs
- FGs
- Field 
observations- Content analysis
- Descriptive statistics 
- Contribution analysis
- Triangulation
3.",Uganda.pdf,UNCT,0.8924,Positive
Uganda,"To what extent has the CF 
been in achieving the results 
outlined in the results 
framework?- Degree of progress towards the 
achievement of results’ KPIs
- Degree of progress towards the 
achievement of priority areas 
indicators
- Extent to which the achieved 
outcomes contribute to the 
collective outcomes- CF reports
- UNCT/UN 
agencies 
- Government 
staffs
- Donors - Desk review
- KIIs
- Field 
observations- Content analysis
- Descriptive statistics 
- Contribution analysis
- Triangulation
2. Post UN reform, to what 
extent have UN agency 
programmes and work 
plans been effectively and 
meaningfully derived from 
the CF both in design and 
implementation?- Alignment of the achieved 
outcomes to agency programmes 
and work plan in the design of CF
- Alignment of the achieved 
outcomes to agency programmes 
and work plan during the 
implementation of CF- UNCF reports
- UNCT/UN 
agencies 
- Government 
staffs
- Implementing 
partners 
(CSO & NGO)
- Beneficiaries- Desk review
- KIIs
- FGs
- Field 
observations- Content analysis
- Descriptive statistics 
- Contribution analysis
- Triangulation
3. What were the main 
facilitating factors of the 
CF implementation and to 
what extent they have been 
helpful to achieved outputs 
and outcomes?- Existence of positive factors and 
their contribution to the achieved 
outputs & outcomes- CF reports
- UNCT/UN 
agencies 
- Government 
staffs
- Implementing 
partners 
(CSO & NGO)
- Beneficiaries- Desk review
- KIIs
- FGD
- Field 
observations- Content analysis
- Descriptive statistics 
- Contribution analysis
- Triangulation
4.",Uganda.pdf,UNCT,0.964,Positive
Uganda,"Post UN reform, to what 
extent have UN agency 
programmes and work 
plans been effectively and 
meaningfully derived from 
the CF both in design and 
implementation?- Alignment of the achieved 
outcomes to agency programmes 
and work plan in the design of CF
- Alignment of the achieved 
outcomes to agency programmes 
and work plan during the 
implementation of CF- UNCF reports
- UNCT/UN 
agencies 
- Government 
staffs
- Implementing 
partners 
(CSO & NGO)
- Beneficiaries- Desk review
- KIIs
- FGs
- Field 
observations- Content analysis
- Descriptive statistics 
- Contribution analysis
- Triangulation
3. What were the main 
facilitating factors of the 
CF implementation and to 
what extent they have been 
helpful to achieved outputs 
and outcomes?- Existence of positive factors and 
their contribution to the achieved 
outputs & outcomes- CF reports
- UNCT/UN 
agencies 
- Government 
staffs
- Implementing 
partners 
(CSO & NGO)
- Beneficiaries- Desk review
- KIIs
- FGD
- Field 
observations- Content analysis
- Descriptive statistics 
- Contribution analysis
- Triangulation
4. What were the main 
hindering factors of the CF 
implementation and to what 
extent they have negatively 
impact the implementation 
process of the CF?",Uganda.pdf,UNCT,0.9376,Positive
Uganda,"What were the main 
hindering factors of the CF 
implementation and to what 
extent they have negatively 
impact the implementation 
process of the CF? - Extend to which identified 
hindering factors have negatively 
impacted the implementation of 
the expected results- CF reports
- UNCT/UN 
agencies 
- Government 
staffs
- Implementing 
partners 
(CSO & NGO)
- Beneficiaries- Desk review
- KIIs
- FGD
- Field 
observations- Content analysis
- Descriptive statistics 
- Triangulation
4. Efficiency
1.",Uganda.pdf,UNCT,0.7184,Positive
Uganda,"Efficiency
1. To what extent has the 
CF reduced transaction 
costs for partners through 
greater UN coherence and 
discipline?- Availability and positive factors 
for a reduction of transaction 
costs 
- Extent to which UNCT revised the 
admins, policies, and procedures 
for least cost delivery of results
- Nature of coordination 
mechanism and functioning 
pathways 
- Existence of synergy of actions 
between UNCT and government 
towards the achievement of 
planned results
- Extent to which UNCF performed 
a comprehensive monitoring of 
coordination and programming 
- Performance of the reporting 
timeline (respect of timing and 
communication)- CF reports
- UNCT/UN 
agencies 
- Government 
staffs
- Donors 
- Implementing 
partners 
(CSO & NGO)- Desk review
- KIIs- Content analysis
- Strategic comparative 
advantage analysis
- Funding Analysis
- Triangulation
2. To what extent has the CF 
facilitated the identification 
of and access to new 
financing flows at scale for 
national partners?- Existence and access to 
identified financing flows at 
national level
- Existence and access to 
identified financing flows at 
regional and international levels- CF reports
- UNCT/UN 
agencies 
- Government 
staffs- Desk review
- KIIs
- FGs- Content analysis
- Contribution analysis
- Funding Analysis
- TriangulationAppendix 5  
Evaluation Design Matrix for the Uganda 2021-2025 CF
88 89
UN UGANDA  UNSDCF 2021-2025 EVALUATION REPORT UN UGANDA  UNSDCF 2021-2025 EVALUATION REPORT
Sub-questions Indicators Data SourcesData Collection 
Methods Data Analysis Methods 
5.",Uganda.pdf,UNCT,0.8992,Positive
Uganda,"To what extent has the 
CF reduced transaction 
costs for partners through 
greater UN coherence and 
discipline?- Availability and positive factors 
for a reduction of transaction 
costs 
- Extent to which UNCT revised the 
admins, policies, and procedures 
for least cost delivery of results
- Nature of coordination 
mechanism and functioning 
pathways 
- Existence of synergy of actions 
between UNCT and government 
towards the achievement of 
planned results
- Extent to which UNCF performed 
a comprehensive monitoring of 
coordination and programming 
- Performance of the reporting 
timeline (respect of timing and 
communication)- CF reports
- UNCT/UN 
agencies 
- Government 
staffs
- Donors 
- Implementing 
partners 
(CSO & NGO)- Desk review
- KIIs- Content analysis
- Strategic comparative 
advantage analysis
- Funding Analysis
- Triangulation
2. To what extent has the CF 
facilitated the identification 
of and access to new 
financing flows at scale for 
national partners?- Existence and access to 
identified financing flows at 
national level
- Existence and access to 
identified financing flows at 
regional and international levels- CF reports
- UNCT/UN 
agencies 
- Government 
staffs- Desk review
- KIIs
- FGs- Content analysis
- Contribution analysis
- Funding Analysis
- TriangulationAppendix 5  
Evaluation Design Matrix for the Uganda 2021-2025 CF
88 89
UN UGANDA  UNSDCF 2021-2025 EVALUATION REPORT UN UGANDA  UNSDCF 2021-2025 EVALUATION REPORT
Sub-questions Indicators Data SourcesData Collection 
Methods Data Analysis Methods 
5. Orientation to impact
1.",Uganda.pdf,UNCT,0.8577,Positive
Uganda,"Orientation to impact
1. To what extent did the 
CF respond to challenges 
of national capacity 
development, and did it 
promote national ownership 
of the development process 
and institution-building and 
institution- strengthening in 
government?-  Availability of identified national 
capacity development challenges 
to national ownership
- Degree of response to existing 
national capacity development 
challenge
- Degree of promotion of national 
ownership towards institutions-
building and institutions 
strengthening in government - CF reports
- UNCT/UN 
agencies 
- Government 
staffs
- Donors 
- Implementing 
partners 
(CSO & NGO)- Desk review
- KIIs
- FGD- Content analysis
- Contribution analysis
- Strategic comparative 
advantage analysis
- Triangulation
2. To what extent has 
the CF promoted a just 
transition to environmental 
sustainability and addressed 
environmental sustainability 
concerns?- Extent to which CF has promoted 
transition to environmental 
sustainability 
- Extent to which CF has 
addressed environmental 
sustainability concerns- CF reports
- UNCT/UN 
agencies 
- Government 
staffs
- Donors 
- Implementing 
partners 
(CSO & NGO)- Desk review
- KIIs
- FGD
- Field 
observations- Content analysis
- Contribution analysis
- Triangulation
3.",Uganda.pdf,UNCT,0.9506,Positive
Uganda,"To what extent did the 
CF respond to challenges 
of national capacity 
development, and did it 
promote national ownership 
of the development process 
and institution-building and 
institution- strengthening in 
government?-  Availability of identified national 
capacity development challenges 
to national ownership
- Degree of response to existing 
national capacity development 
challenge
- Degree of promotion of national 
ownership towards institutions-
building and institutions 
strengthening in government - CF reports
- UNCT/UN 
agencies 
- Government 
staffs
- Donors 
- Implementing 
partners 
(CSO & NGO)- Desk review
- KIIs
- FGD- Content analysis
- Contribution analysis
- Strategic comparative 
advantage analysis
- Triangulation
2. To what extent has 
the CF promoted a just 
transition to environmental 
sustainability and addressed 
environmental sustainability 
concerns?- Extent to which CF has promoted 
transition to environmental 
sustainability 
- Extent to which CF has 
addressed environmental 
sustainability concerns- CF reports
- UNCT/UN 
agencies 
- Government 
staffs
- Donors 
- Implementing 
partners 
(CSO & NGO)- Desk review
- KIIs
- FGD
- Field 
observations- Content analysis
- Contribution analysis
- Triangulation
3. To what extent have UN 
activities stemming from 
the CF impacted gender 
inequality?- Extent to which UN activities 
have impacted gender inequality?",Uganda.pdf,UNCT,0.9549,Positive
Uganda,"To what extent have UN 
activities stemming from 
the CF impacted gender 
inequality?- Extent to which UN activities 
have impacted gender inequality? - Extent to which UN activities 
have impacted gender equity and 
gender mainstreaming - CF reports
- UNCT/UN 
agencies 
- Government 
staffs
- Donors 
- Implementing 
partners 
(CSO & NGO)- Desk review
- KIIs
- FGD
- Field 
observations- Content analysis
- Contribution analysis
- Strategic comparative 
advantage analysis
- TriangulationSub-questions Indicators Data SourcesData Collection 
Methods Data Analysis Methods 
6. Sustainability 
1.",Uganda.pdf,UNCT,0.3313,Positive
Uganda,"Sustainability 
1. What mechanisms has 
the CF established to ensure 
socio-political, institutional, 
financial, and environmental 
sustainability?- Extent to which UNCF develop 
copping mechanisms to 
identified challenges (socio-
political, financial, and 
environmental sustainability)
- Extent to which UNCF promote 
national ownership on the 
development process
- Existence of exit strategy and 
extent to which they can support 
the socio-political, institutional, 
financial and environmental 
sustainability- UNCF reports
- UNCT/UN 
agencies 
- Government 
staffs
- Implementing 
partners 
(CSO & NGO)- Desk review
- KIIs
- FGD
- Field 
observations- Content analysis
- Analysis of coherence
- Funding Analysis
- Triangulation
2. To what extent did the 
CF respond to challenges 
of national capacity 
development, and 
institution-building and 
institution-strengthening in 
civil society and NGOs?- Extent to which UNCF promote 
national ownership on the 
development process
- Existence of exit strategy and 
extent to which they can support 
the achieved results for the CSO 
and NGOs level- UNCF reports
- UNCT/UN 
agencies 
- Government 
staffs
- Donors 
- Implementing 
partners 
(CSO & NGO)- Desk review
- KIIs
- Field 
observations- Content analysis
- Analysis of coherence
- Funding Analysis
- Contribution analysis
- Triangulation
3.",Uganda.pdf,UNCT,0.9211,Positive
Uganda,"What mechanisms has 
the CF established to ensure 
socio-political, institutional, 
financial, and environmental 
sustainability?- Extent to which UNCF develop 
copping mechanisms to 
identified challenges (socio-
political, financial, and 
environmental sustainability)
- Extent to which UNCF promote 
national ownership on the 
development process
- Existence of exit strategy and 
extent to which they can support 
the socio-political, institutional, 
financial and environmental 
sustainability- UNCF reports
- UNCT/UN 
agencies 
- Government 
staffs
- Implementing 
partners 
(CSO & NGO)- Desk review
- KIIs
- FGD
- Field 
observations- Content analysis
- Analysis of coherence
- Funding Analysis
- Triangulation
2. To what extent did the 
CF respond to challenges 
of national capacity 
development, and 
institution-building and 
institution-strengthening in 
civil society and NGOs?- Extent to which UNCF promote 
national ownership on the 
development process
- Existence of exit strategy and 
extent to which they can support 
the achieved results for the CSO 
and NGOs level- UNCF reports
- UNCT/UN 
agencies 
- Government 
staffs
- Donors 
- Implementing 
partners 
(CSO & NGO)- Desk review
- KIIs
- Field 
observations- Content analysis
- Analysis of coherence
- Funding Analysis
- Contribution analysis
- Triangulation
3. To what extend has the 
CF promoted resilience 
and durable solutions in 
development, humanitarian 
and peace interventions 
using a Nexus approach?- Extent to which existing 
synergies and collaboration 
fostered by CF have promoted 
resilience and durable solutions 
in development, humanitarian, 
and peace interventions using 
nexus approach
- Existence and extent to which 
complementarities fostered 
by CF have contributed to the 
sustainability of achieved results 
under the nexus approach?- UNCF reports
- UNCT/UN 
agencies 
- Government 
staffs
- Donors - Desk review
- KIIs- Content analysis
- Analysis of coherence
- Strategic comparative 
advantage analysis
- Contribution analysis
- Triangulation
90 91
UN UGANDA  UNSDCF 2021-2025 EVALUATION REPORT UN UGANDA  UNSDCF 2021-2025 EVALUATION REPORT
Sampling for sites and field work strategy
The sample frame for key informant interviews and Focus-group discussions covers stakeholders and beneficiaries from 
a mix of special interest areas (Moroto and Mbarara) and refugee settlement areas (Aru and Gulu).",Uganda.pdf,UNCT,0.9898,Positive
Uganda,"To what extent did the 
CF respond to challenges 
of national capacity 
development, and 
institution-building and 
institution-strengthening in 
civil society and NGOs?- Extent to which UNCF promote 
national ownership on the 
development process
- Existence of exit strategy and 
extent to which they can support 
the achieved results for the CSO 
and NGOs level- UNCF reports
- UNCT/UN 
agencies 
- Government 
staffs
- Donors 
- Implementing 
partners 
(CSO & NGO)- Desk review
- KIIs
- Field 
observations- Content analysis
- Analysis of coherence
- Funding Analysis
- Contribution analysis
- Triangulation
3. To what extend has the 
CF promoted resilience 
and durable solutions in 
development, humanitarian 
and peace interventions 
using a Nexus approach?- Extent to which existing 
synergies and collaboration 
fostered by CF have promoted 
resilience and durable solutions 
in development, humanitarian, 
and peace interventions using 
nexus approach
- Existence and extent to which 
complementarities fostered 
by CF have contributed to the 
sustainability of achieved results 
under the nexus approach?- UNCF reports
- UNCT/UN 
agencies 
- Government 
staffs
- Donors - Desk review
- KIIs- Content analysis
- Analysis of coherence
- Strategic comparative 
advantage analysis
- Contribution analysis
- Triangulation
90 91
UN UGANDA  UNSDCF 2021-2025 EVALUATION REPORT UN UGANDA  UNSDCF 2021-2025 EVALUATION REPORT
Sampling for sites and field work strategy
The sample frame for key informant interviews and Focus-group discussions covers stakeholders and beneficiaries from 
a mix of special interest areas (Moroto and Mbarara) and refugee settlement areas (Aru and Gulu). The following criteria 
was used by the evaluators to consider the final sample frame for site visits (Table 3): i) Coverage of at least 2 strategic 
priority areas; ii) Joint programme areas; iii) existence of special interest groups (refugee, women, and children); iv) Ac -
cessibility; v) Distance between locations; vi) Timeline for site visits to be covered within 10 days plus days for debriefing 
meeting, excluding international travel days.",Uganda.pdf,UNCT,0.9882,Positive
Uganda,"Efforts will be taken 
to inform group beneficiaries 
at least two days beforehand 
to avoid work delays in their re -
spective fields, and to schedule 
those group interviews at a con -
venient time. Figure 4 provides the 
strategy for fieldwork and site visits 
with evaluation activities, and the evalua -
tion timeline is available in annex 10.Proposed 
SamplePurpose/
ObjectiveSampling 
CriteriaPopulation/
Sampling 
FrameSampling 
UnitSample SizeSampling 
Design/
MethodLimitations
Sampling for desk review
CF documents 
and related 
materials 
(external reports 
relevant to the 
project)To utilize 
secondary data 
as evidence 
streamRelevant to the 
CF in Uganda All project/
programmes 
related 
materials Individual 
materials Number 
of project/ 
programmes 
materials 
available and 
related to CFCensus Quality 
of some 
materials 
and reliability 
of some data 
may be an 
issue
Sampling for Key informant interviews 
Sample of 
stakeholders 
in Uganda and 
abroad (out of 
the country)To capture 
qualitative 
primary data 
related to 
evaluation 
questions
quantitative data 
could be captured 
as wellSpecifically 
named 
stakeholders in 
each group to 
be identified in 
collaboration 
with CF, and 
partnersAll individuals 
and partner 
organizations 
identified 
(but the exact 
sampling 
frame isn’t 
known)Individuals 
in Kampala, 
Moroto, 
Mbarara, 
Arua and 
Gulu with 
credible 
knowledge of 
the CFTotal = to be 
determined and 
disaggregated 
between 
women and 
menPurposive 
and non-
random 
sampling Confidence 
intervals not 
applicable; 
subject to 
bias
Sampling for Focus-group discussions
Sample of group 
beneficiaries 
in Uganda 
(Women, men 
and youth 
groups)To capture 
qualitative and 
quantitative 
primary data 
related to 
evaluation 
questions Specifically 
named 
stakeholders in 
each group to 
be identified in 
collaboration 
with UNCT and 
ESCAll beneficiary 
groups 
identified Beneficiary 
groups in 
Moroto, 
Mbarara, 
Arua and 
Gulu with 
credible 
knowledge 
of the CF 
interventionsTotal: Min32 
FGDs
Mixed or 
gendered 
groups 
including 
Adolescents, 
Youths, adults, 
refugees/ 
migrants  (8 
in Moroto, 8 in 
Mbarara, 8 in 
Arua., and 8 in 
Gulu), Systematic 
sampling  Confidence 
intervals not 
applicable
Sampling for field observation  
Sample of the 
UNCF projects’ 
partners 
locations in 
UgandaTo capture 
additional 
qualitative 
primary data 
related to 
evaluation 
questions which 
have been raised 
or missing and 
serve as physical 
evidence to data 
collectedSpecifically 
list of key 
achievements 
(mostly 
physical 
achievements) 
identified in 
UNCF annual/
final reportsAll physical 
achievements 
identified 
(sampling 
frame can be 
known)Each 
physical 
achievement 
in the UNCF 
projects’ 
partners 
locations in 
Uganda Total = About 
5 districts in 5 
regionsPurposive 
and random 
sampling Can be too 
subjective 
and time 
consumingAppendix 6  
Explanation of Sampling and Proposed SamplesAppendix 7  
Description of the Methodology
Team Regions Districts Conveyance 
Team 1 (TL) Central Kampala UN vehicle 
Team 1 (TL) South-West Mbarara Travel to Mbarara from Kampala over land by road (UN vehicle)
Team 2 (TM 1) Central Kampala UN vehicle 
Team 2 (TM 1) Karamoja Moroto Travel to Moroto from Kampala by return UN/Local flight 
Team 3 (TM 2) West Nile Arua Travel to Arua from Kampala by UN/Local flight 
Team 3 (TM 2) Northern Gulu Travel to Gulu from Arua over land by road (UN vehicle)
Source: The evaluation team 
Legend: TL = Team Leader TM = Team Member
Ottawa/Kampala (Team 1 & 2)
•Briefings & interviews
•Key Informant Interviews
•Data analysis and reporting
•Debriefings 
Moroto (Team 2)
•Briefings & interviews
•Key Informant Interviews
•Focus Group discussions
•Field observations
•Team meeting & recap 
Mbarara (Team 1)
•Key Informant Interviews
•Focus Group discussions
•Field observationsArua (Team 3)
•Reconciliation of field data
•Team meeting & recap
•Debriefings Gulu (Team 3)
•Reconciliation of field data
•Team meeting & recap
•Debriefings 
92 93
UN UGANDA  UNSDCF 2021-2025 EVALUATION REPORT UN UGANDA  UNSDCF 2021-2025 EVALUATION REPORT
Sampling and sources for Document  
review, and analysis
The document review included a range of relevant and 
available documents both internally provided from the 
CF as well as external documents collected from Goog -
le search. Appendix 5 provides the list of relevant docu -
ments consulted for this evaluation.",Uganda.pdf,UNCT,0.9682,Positive
Uganda,"Locations for site visits were therefore 
randomly selected based on the following criteria: i) Secu -
rity context in each State; ii) Staff availability and project 
modalities; iii) Timeline for site visits to be covered within 
14 days plus days for briefing and debriefing meetings; iv) 
Travel times over land by car; v) Gender distribution within 
beneficiary groups to include women, men, and youths.Appendix 8  
Data Collection Tools
A. Informed concern form
Interview protocol (Should precede each interview for informed concern) 
The United Nations Country Team in Uganda through the UN Resident Coordinator’s Office has 
engaged a Team of Consultants to conduct the summative evaluation of its UN engagement 
framework in the country: 2021-2025 Uganda UNSDCF (CF). The primary purpose of this evaluation is to understand and learn lessons from the implementation 
of the framework and to see what worked best and what did not work so well.",Uganda.pdf,RC,0.9555,Positive
Uganda,"Interview guide
Date: ___________________________ 
District: ___________________________  Region: ____________________________
Name: __________________________   Affiliation: __________________________
Position: __________________________  Contact: ____________________________
(The list of all Key Informants will be recorded and inserted as annex of the final evaluation report. The concerned Key Informant category is marked with an “x”)
94 95
UN UGANDA  UNSDCF 2021-2025 EVALUATION REPORT UN UGANDA  UNSDCF 2021-2025 EVALUATION REPORT
Themes for interview 
UNCT/UN agencies
Government
Implementing partners 
(CSOs & NGOs)
Donors
1. Relevance (including adaptability)
1.1.",Uganda.pdf,UNCT,0.0,Neutral
Uganda,"••••
2.2. To what extent has UNCT been able to apply a self-reliance and resilience approach by linking pre -
vention/preparedness, response, and early recovery with national capacity building? ••••
3.",Uganda.pdf,UNCT,0.0,Neutral
Uganda,"Ob15. Any other specific observation (To be completed in-country)
• Contracts  
• Other relevant observations 
Comments on observations: ______________________________________________________________No Names Organizations PositionsGender 
(M/F)
1 Simon Peter Nsereko
RCOEconomist M
2 Nasiib Kaleebu Monitoring & Evaluation Officer M
3 Issa Conteh Head of Office and Strategic Planner M
4 Sophie Giovana Akera National Field Coordination Officer F
5 Susan Ngongi Namondo UN Resident Coordinator F
6 Luta Ashaba
UNDPSpotlight Initiative Coordinator F
7 Palanivel Thangavel Deputy Representative M
8 Nwanne Vwede-Obahor Resident Representative F
9 John Bosco Mbabazi
FAOProgramme Associate M & E M
10 Charles Owach Country Programme Assistant M
11 Querido Antonio Country Representative M
12 John Odaga
UNFPAProgramme Specialist- Monitoring and 
EvaluationM
13 Daniel Alemu Deputy Representative M
14 Jacqueline Makokha UNAIDS Country Director F
15 Mohamed El-Ghazaly
IFADCountry Director M
16 Pontian Muhwezi Country Programme Coordinator M
17 Tejan Sanusi SAVAGE
IOMChief of Mission M
18 John Okori M&E and Programme Manager M
19 Helen Programme Manager M
20 Akam Kwassa Programme Manager M
21 Robert Programme Manager M
22 David Mawejje Muddu ILO National Coordinator M
23 Joel Mundua UNCDF Deputy Head of Office & Co-Chair of CF RG 2 M
24 Sharon Nyambe UNODC Country Director F
25 Diva Mukisa UNODC M
26 Grace BulenziRG1 - UN 
WOMENActing Deputy, Programme, Specialist for Gender 
statisticsF
27 Job LakalRG1 - UN 
WOMENM&E Analyst M
28 Scholastic AdongRG1-UN 
WOMEN/ RBMPlanning, Monitoring, Evaluation and Reporting 
Specialist.F
29 Adekemi Ndieli UN Women Deputy Country Representative F
30 Annet Mpabulungi RG1-UNDP F
31 Florence Mpabulungi RG1-UNFPA F
32 David Mawejje RG1-ILO M
33 Andrew Mukulu RG1- UBOS M
34 John Odaga RBM - UNFPA M
35 Allan  Agaba RBM - UNFPA M
36 Lillian Likicho RBM - WFP F
37 John Okori RBM - IOM M
38 Angella  Namuyombya RBM - UNDP FAppendix 9  
List of People Met for KIIs and FGDs
UN Agencies
98 99
UN UGANDA  UNSDCF 2021-2025 EVALUATION REPORT UN UGANDA  UNSDCF 2021-2025 EVALUATION REPORT
No Names Organizations PositionsGender 
(M/F)
39 Luara LafuenteRG5 - UN 
WomenF
40 Juliet Kwabaho RG5 -UNFPA F
41 Scholastic Molly RG5 -ILO M
42 Molly Namirembe RG5 -ILO F
43 Job LakalRG5 - UN 
WomenM
44 Elvis Mwesigwa RG3 - UNDP M
45 Jascinta Nalwoga RG3 - F
46 Collins AdubangoRG3 - UN 
WomenProgramme Specialist M
47 Quirant SarayRG3 - UN 
WomenM
48 Michael KizaEnergy AND Nile 
Basin WaterPO M
49 Mayemba Abubake RG3 - M
50 Luwandagga Andrew RG3 - M
51 Elvis MwesigwaUNDP Energy 
and EnvironmentM
52 Monique AkulloUNDP Energy 
and EnvironmentF
53 Tom SengalamaUNDP Energy 
and EnvironmentM
54 Rodrigo Serpa UNIDO HQ Project Manager M
55 Paulo Odu UNIDO - UNARA National Refrigeration Expert M
56Canon Goddy Muhanguzi 
MuhumuzaUNIDO - 
EACREEEExecutive Director M
57 Denis ArihoUNIDO - EAC/
EELALead Technical Expert M
58 Yunus AlokoreUNIDO - 
EACREEETechnical Expert M
59 Jason Hepps UNHCR Country Representative M
60 Solomon Kyeyune UNOPS Programme Officer M
61 Job Lakl UN Women M&E Analyst M
62 Madrine Amuge
OMT WGF
63 Rose Plang F
64 Chrsitopher Bagonza M
65 Chikombero Chrsitopher M
66 Christine Adong-Obita F
67 Enid Murungi F
68 Karugaba M
69 Monicah Aturinda Kyeyune F
70 Polly Akankwatsa Mugisha Head Programme Management Support (UNDP) M
71 Robinah Nalunkuma F
72 Saidi Zenah F
73 Tumuhimbise Ritah F
74 William Wasswa M
75 Rachel Zake FNo Names Organizations PositionsGender 
(M/F)
76 Susan Kavuma F
77 Peter Okiring Omedo M
78 Abdourahmane Dia M
79 Ian King UNDP Deputy Resident Representative M
80 Harriet Atuhaire F
81 Ojara Solomon M
82 Maksud Hossain M
83 Gabriel Bako M
84 Edward Kyaligonza M
85 Fiona Nakanyike F
86 Muntasir Siddig M
87 James Mungoma M
88 Benson Olobo M
89 Mr. Cleopas NdolerireMinistry of Trade 
and IndustryCommissioner M
90ED and Technical team filled and 
sent the toolNational 
Forestry 
Authority (NFA )ED and Technical team Mixed
91 Dr. Herbert Nabaasa MoHCommissioner, Health Services (Environmental 
Health)M
92 Hon. Dr. Nicholas Thadeus Kamara ParliamentMember of Parliament for Kabale Municipality 
Constituency, UgandaM
93 Flavia OpioNational ICT 
Innovations Hub
Ministry of ICT 
and National 
GuidanceTeam Lead Innovations F
94 Winnie NabiddoNational 
Planning 
AuthorityHead of M&E F
95 Collins Herbert IshimweMinistry of 
FinanceAssistant Commissioner in Charge of Bilateral 
PartnershipM
96 Timothy LubangaOffice of the 
Prime MinisterCommissioner for M&E M
97 Josephine Watera ParliamentAssistant Director, Department of Research 
ServicesF
98 Christine AkumuMinistry of 
gender Labour 
and SocialPrincipal Gender officer F
99 MoHDr.",Uganda.pdf,RC,0.3751,Positive
Uganda,"• Assist the team leader in the development of workplan, Team planning meetings, 
data collection and analysis. • Provide inputs for reporting
Technical support and back-stopping will be provided by the UN Resident Coordinator Office, Evaluation Task Manager, the 
Evaluation Steering Committee, and the UN Agencies that are signatories to the evaluation process. Quality assurance and 
technical advice may be provided by UN DCO evaluation experts.",Uganda.pdf,RC,0.6249,Positive
Uganda,"• Provide inputs for reporting
Technical support and back-stopping will be provided by the UN Resident Coordinator Office, Evaluation Task Manager, the 
Evaluation Steering Committee, and the UN Agencies that are signatories to the evaluation process. Quality assurance and 
technical advice may be provided by UN DCO evaluation experts. Quality assurance in line with UNEG evaluation quality as -
surance norms and standards will be ensured through reviews by the relevant UNCT structures (Evaluation Steering Com -
mittee and Evaluation Task Manager -ETM) and stakeholder validation workshops before UNCT approval and publishing of 
the evaluation report.",Uganda.pdf,DCO,0.8625,Positive
Uganda,"Quality assurance and 
technical advice may be provided by UN DCO evaluation experts. Quality assurance in line with UNEG evaluation quality as -
surance norms and standards will be ensured through reviews by the relevant UNCT structures (Evaluation Steering Com -
mittee and Evaluation Task Manager -ETM) and stakeholder validation workshops before UNCT approval and publishing of 
the evaluation report. This quality assurance will not interfere with the views or independence of the evaluation team but 
will ensure that the report provides credible evidence and analysis in a clear and convincing way and draws its conclusions 
on that basis.",Uganda.pdf,UNCT,0.9382,Positive
Uganda,"Dr. Martha Christine Olwenyi has a wealth of work expe -
rience of 20 years in both the public and private sectors 
leading the Design, Implementation of M&E systems, con -
ducting M&E, Training in M&E, Mentoring and Coaching in 
M&E for development projects across sectors of health, 
education, WASH, human rights, gender, digitalization, fi -
nance, financial services development, value chain devel -
opment, agriculture, social protection, climate change in 
UMI, UNCDF, WFP , UNDP , Technoserve, Plan international, 
AMREF Health, ABI Trust, GIZ ,Ministry of gender funded 
by donors such as Netherlands , Master Card foundation, 
USAID, SIDA, Norwegian, African Development Bank, the 
World Bank, Irish AID, DFID,DSW. 114 115UN UGANDA  UNSDCF 2021-2025 EVALUATION REPORT UN UGANDA  UNSDCF 2021-2025 EVALUATION REPORT
uganda.un.orgUnited Nations Resident Coordinators Office (RCO)
Plot 61 and 63, Yusuf Lule Road, Kampala, Uganda
UNRCS.Uganda@un.org 
UNUganda
UNinUganda
UNinUganda
UNUgandaEVALUATION  
REPORT   
UGANDA  
UNITED NATIONS 
SUSTAINABLE 
DEVELOPMENT 
COOPERATION 
FRAMEWORK  
2021-2025",Uganda.pdf,RC,0.9087,Positive
